week,weekly_expense,weekly_income,user_id,future_expense_7d_sum
2023-08-28,-0.40635562649938556,-0.5638464812060779,user1,-0.25612123282728033
2023-09-04,-0.258091318570134,-0.5638464812060779,user1,-0.41513642865308326
2023-09-11,-0.4165032881183678,-0.5638464812060779,user1,-0.47695407201812645
2023-09-18,-0.4780864254244049,-0.5638464812060779,user1,-0.4498165153710823
2023-09-25,-0.45105181546238354,-0.5638464812060779,user1,-0.3754798272490933
2023-10-02,-0.3769971245635515,-0.5638464812060779,user1,-0.41708037970229844
2023-10-09,-0.4184398647632117,-0.5638464812060779,user1,-0.376723955920591
2023-10-16,-0.37823653361625165,-0.5638464812060779,user1,-0.38411096990760873
2023-10-23,-0.3855955248666586,-0.5638464812060779,user1,-0.3530855111621342
2023-10-30,-0.3546877616149494,-0.5638464812060779,user1,-0.384655276201389
2023-11-06,-0.3861377663272149,-0.5638464812060779,user1,-0.396552256622586
2023-11-13,-0.3979896153936598,-0.5638464812060779,user1,-0.306741718148844
2023-11-20,-0.30851977440187,-0.5638464812060779,user1,-0.3810006482288644
2023-11-27,-0.3824970022349083,-0.5638464812060779,user1,-0.4444512104752484
2023-12-04,-0.44570686392261427,-0.5638464812060779,user1,-0.28232569297070115
2023-12-11,-0.28419637174263024,-0.5638464812060779,user1,-0.33457909717360557
2023-12-18,-0.3362515519560352,-0.5638464812060779,user1,-0.4202684594230114
2023-12-25,-0.4216158504607558,-0.5638464812060779,user1,-0.4523825307560464
2020-10-12,-0.5408315087173483,1.864567401956239,user10,-0.5353503615365509
2020-10-19,-0.5362611878355167,-0.5638464812060779,user10,-0.5239199293671656
2020-10-26,-0.5248741171638343,-0.5638464812060779,user10,-0.5359724258722998
2020-12-14,-0.5368808923618666,1.864567401956239,user10,-0.5150555125827443
2020-12-21,-0.5160433276633459,-0.5638464812060779,user10,-0.5316957335640263
2020-12-28,-0.5326204237432101,-0.5638464812060779,user10,-0.5241532034930714
2021-01-04,-0.5251065063612156,1.864567401956239,user10,-0.5104677881065964
2021-01-11,-0.5114730067815143,-0.5638464812060779,user10,-0.5550231461546087
2021-01-18,-0.5558593434813373,-0.5638464812060779,user10,-0.5402491181805732
2021-01-25,-0.5411413609805233,-0.5638464812060779,user10,-0.513733625869278
2021-02-01,-0.5147264555448521,1.864567401956239,user10,-0.5150555125827443
2021-02-15,-0.5160433276633459,-0.5638464812060779,user10,-0.5251640580386633
2021-02-22,-0.5261135262165344,-0.5638464812060779,user10,-0.5367500062919859
2021-03-01,-0.5376555230198042,1.864567401956239,user10,-0.49507169579681204
2021-03-08,-0.4961353197543503,-0.5638464812060779,user10,-0.5569670972038239
2021-03-15,-0.5577959201261812,-0.5638464812060779,user10,-0.5495800832168061
2021-03-22,-0.5504369288757742,-0.5638464812060779,user10,-0.5503576636364922
2021-04-05,-0.5512115595337118,1.864567401956239,user10,-0.5507464538463352
2021-04-12,-0.5515988748626806,-0.5638464812060779,user10,-0.5336396846132415
2021-04-19,-0.534557000388054,-0.5638464812060779,user10,-0.5521460986017702
2021-04-26,-0.5529932100469682,-0.5638464812060779,user10,-0.5433594398593175
2021-05-03,-0.5442398836122736,-0.5638464812060779,user10,-0.5449146006986897
2021-05-10,-0.5457891449281488,-0.5638464812060779,user10,-0.5449923587406582
2021-08-16,-0.5458666079939426,-0.5638464812060779,user10,-0.398729481797707
2021-09-20,-0.400158581235885,1.864567401956239,user10,-0.16833240344472214
2021-09-27,-0.17063551728898194,1.864567401956239,user10,-0.4913393097823189
2021-10-04,-0.49241709259625,-0.5638464812060779,user10,-0.4138145419396169
2021-10-11,-0.4151864159998739,-0.5638464812060779,user10,-0.4936720510413771
2021-10-18,-0.4947409845700627,-0.5638464812060779,user10,-0.4596917867010955
2021-10-25,-0.46088962481819074,-0.5638464812060779,user10,-0.4844966020890814
2021-11-01,-0.48560034280639935,1.864567401956239,user10,-0.3851995824951693
2021-11-08,-0.3866800077877712,-0.5638464812060779,user10,-0.48605176292845353
2021-11-15,-0.4871496041222745,-0.5638464812060779,user10,-0.39274211256612424
2021-11-22,-0.39419392516976565,-0.5638464812060779,user10,-0.43597558390067015
2021-11-29,-0.43726338975109474,1.864567401956239,user10,-0.4201129433390742
2021-12-06,-0.42146092432916826,-0.5638464812060779,user10,-0.4923501643279108
2021-12-13,-0.4934241124515688,-0.5638464812060779,user10,-0.44204071117422156
2021-12-20,-0.4433055088830078,-0.5638464812060779,user10,-0.3659155880869545
2022-01-03,-0.471656990963523,1.864567401956239,user11,-0.46046936712078157
2022-01-10,-0.4616642554761283,-0.5638464812060779,user11,-0.5367500062919859
2022-01-17,-0.5376555230198042,-0.5638464812060779,user11,-0.48620727901239075
2022-01-24,-0.487304530253862,-0.5638464812060779,user11,-0.5387717153831696
2022-02-07,-0.539669562730442,1.864567401956239,user11,-0.41015991396709234
2022-02-14,-0.4115456519075673,-0.5638464812060779,user11,-0.5112453685262824
2022-02-21,-0.5122476374394519,-0.5638464812060779,user11,-0.38123392235477027
2022-02-28,-0.38272939143228957,1.864567401956239,user11,-0.40090670697282804
2022-03-07,-0.4023275470781102,-0.5638464812060779,user11,-0.40837147900181436
2022-03-14,-0.4097640013943109,-0.5638464812060779,user11,-0.4642017531352748
2022-03-21,-0.46538248263422866,-0.5638464812060779,user11,-0.48892881048129205
2022-03-28,-0.4900157375566435,1.864567401956239,user11,-0.4474060160700555
2022-04-04,-0.44865046042277706,-0.5638464812060779,user11,-0.4645905433451178
2022-04-11,-0.46576979796319745,-0.5638464812060779,user11,-0.46816741327567374
2022-04-18,-0.46933309898971026,-0.5638464812060779,user11,-0.43947469578925746
2022-04-25,-0.4407492277118138,1.864567401956239,user11,-0.4554928524347907
2022-05-02,-0.45670661926532785,-0.5638464812060779,user11,-0.5387717153831696
2022-05-23,-0.539669562730442,-0.5638464812060779,user11,-0.4994261461470541
2022-06-20,-0.5004732514388007,-0.5638464812060779,user11,-0.5449146006986897
2022-07-04,-0.5457891449281488,1.864567401956239,user11,-0.5425818594396314
2022-07-11,-0.5434652529543361,-0.5638464812060779,user11,-0.5464697615380618
2022-07-18,-0.547338406244024,-0.5638464812060779,user11,-0.5425818594396314
2022-07-25,-0.5434652529543361,-0.5638464812060779,user11,-0.18341746358663205
2022-08-01,-0.18566335205297088,1.864567401956239,user11,-0.5460032132862501
2022-08-08,-0.5468736278492614,-0.5638464812060779,user11,-0.5348060552427706
2022-08-15,-0.5357189463749603,-0.5638464812060779,user11,-0.48045318390671377
2022-08-22,-0.48157226338512393,-0.5638464812060779,user11,-0.5328621041935554
2022-08-29,-0.5337823697301164,-0.5638464812060779,user11,-0.5180880762195199
2022-09-05,-0.5190643872293025,-0.5638464812060779,user11,-0.3829445992780796
2022-09-12,-0.3844335788797522,-0.5638464812060779,user11,-0.4657569139746469
2022-09-19,-0.4669317439501038,-0.5638464812060779,user11,-0.41933536291938805
2022-09-26,-0.42068629367123067,1.864567401956239,user11,-0.5058023055884799
2022-10-10,-0.5068252228338889,-0.5638464812060779,user11,-0.49895959789524247
2022-10-17,-0.5000084730440382,-0.5638464812060779,user11,-0.37796808459208875
2022-10-24,-0.37947594266895174,-0.5638464812060779,user11,-0.43403163285145496
2022-10-31,-0.4353268131062508,1.864567401956239,user11,-0.4285885699136524
2022-11-07,-0.4299043985006878,-0.5638464812060779,user11,-0.4094600915893749
2022-11-14,-0.4108484843154235,-0.5638464812060779,user11,-0.45440423984723016
2022-11-21,-0.4556221363442152,-0.5638464812060779,user11,-0.4673120748140191
2022-11-28,-0.46848100526597897,1.864567401956239,user11,-0.40502788319716426
2022-12-05,-0.4064330895651793,-0.5638464812060779,user11,-0.4114040426385901
2022-12-12,-0.4127850609602674,-0.5638464812060779,user11,-0.31319563563223846
2022-12-19,-0.3149492088627519,-0.5638464812060779,user11,-0.3096187657016825
2023-01-02,-0.5304514579009848,1.864567401956239,user12,-0.45619267481250814
2023-01-09,-0.45740378685747163,-0.5638464812060779,user12,-0.4512161601265173
2023-01-16,-0.4524461506466712,-0.5638464812060779,user12,-0.5113231265682511
2023-01-23,-0.5123251005052456,-0.5638464812060779,user12,-0.5511352440561783
2023-02-06,-0.5519861901916494,1.864567401956239,user12,-0.48690710139010823
2023-02-13,-0.48800169784600583,-0.5638464812060779,user12,-0.30487552514159744
2023-02-20,-0.30666066082281984,-0.5638464812060779,user12,-0.42765547341002913
2023-02-27,-0.4289748417111627,1.864567401956239,user12,-0.4096933657152807
2023-03-06,-0.41108087351280476,-0.5638464812060779,user12,-0.40681631816244224
2023-03-13,-0.4082147400784357,-0.5638464812060779,user12,-0.3557292845890669
2023-03-20,-0.35732150585193717,-0.5638464812060779,user12,-0.47088894474457504
2023-03-27,-0.4720443062924918,-0.5638464812060779,user12,-0.5316957335640263
2023-04-03,-0.5326204237432101,1.864567401956239,user12,-0.47158876712229253
2023-04-10,-0.4727414738846356,-0.5638464812060779,user12,-0.414592122359303
2023-04-17,-0.4159610466578115,-0.5638464812060779,user12,-0.4537821755114813
2023-04-24,-0.45500243181786515,-0.5638464812060779,user12,-0.4505163377487998
2023-05-01,-0.4517489830545274,1.864567401956239,user12,-0.45875869019747223
2023-05-08,-0.4599600680286656,-0.5638464812060779,user12,-0.4348869713131096
2023-05-15,-0.4361789068299821,-0.5638464812060779,user12,-0.44553982306280887
2023-05-22,-0.4467913468437269,-0.5638464812060779,user12,-0.47127773495441805
2023-05-29,-0.4724316216214606,1.864567401956239,user12,-0.48216386083002316
2023-06-05,-0.48327645083258663,-0.5638464812060779,user12,-0.47625424964040897
2023-06-12,-0.47738925783226105,-0.5638464812060779,user12,-0.5491135349649945
2023-06-19,-0.5499721504810117,-0.5638464812060779,user12,-0.5246975097868516
2023-06-26,-0.5256487478217718,-0.5638464812060779,user12,-0.4355867936908271
2023-07-03,-0.43687607442212595,1.864567401956239,user12,-0.516688431464085
2023-07-10,-0.5176700520450148,-0.5638464812060779,user12,-0.48060869999065103
2023-07-17,-0.48172718951671145,-0.5638464812060779,user12,-0.5393937797189184
2023-07-31,-0.540289267256792,-0.5638464812060779,user12,-0.46287986642180845
2023-08-07,-0.4640656105157348,-0.5638464812060779,user12,-0.3088411852819964
2023-09-11,-0.3106112771783015,1.864567401956239,user12,-0.3047200090576602
2023-09-18,-0.3065057346912323,-0.5638464812060779,user12,-0.4822416188719918
2023-09-25,-0.48335391389838034,-0.5638464812060779,user12,-0.440952098586661
2023-10-02,-0.4422210259618952,1.864567401956239,user12,-0.36599334612892315
2023-10-09,-0.3675466305367131,-0.5638464812060779,user12,-0.4086825111696888
2023-10-16,-0.4100738536574859,-0.5638464812060779,user12,-0.4843410860051442
2023-10-23,-0.48544541667481184,-0.5638464812060779,user12,-0.4256337643188453
2023-10-30,-0.426960802000525,1.864567401956239,user12,-0.44802808040580433
2023-11-06,-0.44927016494912714,-0.5638464812060779,user12,-0.46225780208605954
2023-11-13,-0.46344590598938473,-0.5638464812060779,user12,-0.3906426454329718
2023-11-20,-0.3921024223933342,-0.5638464812060779,user12,-0.43893038949547725
2023-11-27,-0.44020698625125754,-0.5638464812060779,user12,-0.32641450276690176
2023-12-04,-0.32811793004769063,1.864567401956239,user12,-0.45891420628140944
2023-12-11,-0.46011499416025314,-0.5638464812060779,user12,-0.4176246859960787
2023-12-18,-0.418982106223768,-0.5638464812060779,user12,-0.4317766496343653
2024-01-01,-0.42781289572425635,1.864567401956239,user13,-0.5225202846117306
2024-01-08,-0.5234797819795467,-0.5638464812060779,user13,-0.5577446776235099
2024-01-15,-0.5585705507841188,-0.5638464812060779,user13,-0.3975631111681779
2024-02-19,-0.3989966352489786,1.864567401956239,user13,-0.44468448460115423
2024-02-26,-0.44593925311999555,1.864567401956239,user13,-0.22346285520046508
2024-03-04,-0.2255568309367559,-0.5638464812060779,user13,-0.39212004823037533
2024-03-11,-0.3935742206434156,-0.5638464812060779,user13,-0.476643039850252
2024-03-18,-0.47777657316122984,-0.5638464812060779,user13,-0.260553441219491
2024-03-25,-0.26250671332037817,-0.5638464812060779,user13,-0.5194099629329862
2024-04-01,-0.5203812593477963,1.864567401956239,user13,-0.4266446188644372
2024-04-08,-0.42796782185584387,-0.5638464812060779,user13,-0.46707880068811325
2024-04-15,-0.4682486160685977,-0.5638464812060779,user13,-0.3782791167599632
2024-04-22,-0.3797857949321268,-0.5638464812060779,user13,-0.41793571816395314
2024-04-29,-0.41929195848694306,1.864567401956239,user13,-0.43527576152295266
2024-05-06,-0.4365662221589509,-0.5638464812060779,user13,-0.4673120748140191
2024-05-13,-0.46848100526597897,-0.5638464812060779,user13,-0.45090512795864285
2024-05-20,-0.45213629838349617,-0.5638464812060779,user13,-0.35728444542843907
2024-05-27,-0.3588707671678123,1.864567401956239,user13,-0.4652903657228353
2024-06-03,-0.4664669655553413,-0.5638464812060779,user13,-0.45697025523219426
2024-06-10,-0.4581784175154092,-0.5638464812060779,user13,-0.392586596482187
2024-06-17,-0.39403899903817813,-0.5638464812060779,user13,-0.36226096011443
2024-06-24,-0.3638284033786128,-0.5638464812060779,user13,-0.5005147587346146
2024-07-01,-0.5015577343599134,-0.5638464812060779,user13,-0.502225435657924
2024-08-26,-0.5032619218073761,1.864567401956239,user13,-0.3313910174528927
2024-09-02,-0.3330755662584911,-0.5638464812060779,user13,-0.41879105662560784
2024-09-09,-0.42014405221067436,-0.5638464812060779,user13,-0.40417254473550956
2024-09-16,-0.40558099584144797,-0.5638464812060779,user13,-0.43317629438980026
2024-09-23,-0.43447471938251947,-0.5638464812060779,user13,-0.41739141187017287
2024-09-30,-0.41874971702638675,1.864567401956239,user13,-0.4319321657183025
2024-10-07,-0.4332353103298194,-0.5638464812060779,user13,-0.4356645517327957
2024-10-14,-0.4369535374879197,-0.5638464812060779,user13,-0.43605334194263873
2024-10-21,-0.4373408528168885,-0.5638464812060779,user13,-0.3074415405265615
2024-10-28,-0.30921694199401384,1.864567401956239,user13,-0.46000281886896993
2024-11-04,-0.46119947708136577,-0.5638464812060779,user13,-0.44219622725815877
2024-11-11,-0.4434604350145953,-0.5638464812060779,user13,-0.4628021083798398
2024-11-18,-0.46398814744994105,-0.5638464812060779,user13,-0.4677008650238621
2024-11-25,-0.46886832059494776,-0.5638464812060779,user13,-0.44227398530012735
2024-12-02,-0.44353789808038907,1.864567401956239,user13,-0.33209083983061016
2024-12-09,-0.33377273385063494,-0.5638464812060779,user13,-0.4114040426385901
2024-12-16,-0.4127850609602674,-0.5638464812060779,user13,-0.5190211727231433
2024-12-23,-0.5199939440188276,-0.5638464812060779,user13,-0.42306774893388127
2024-12-30,-0.424404520829331,1.864567401956239,user13,-0.5513685181820841
2025-01-06,-0.5522185793890306,-0.5638464812060779,user13,-0.5534679853152366
2025-01-13,-0.5543100821654621,-0.5638464812060779,user13,-0.5423485853137255
2025-02-10,-0.5432328637569548,-0.5638464812060779,user13,-0.3353566775932917
2025-02-17,-0.3370261826139727,-0.5638464812060779,user13,-0.49903735593721105
2025-02-24,-0.500085936109832,-0.5638464812060779,user13,-0.3843442440335146
2025-03-03,-0.3858279140640399,1.864567401956239,user13,-0.506191095798323
2025-03-10,-0.5072125381628576,-0.5638464812060779,user13,-0.4676231069818935
2025-03-17,-0.468790857529154,-0.5638464812060779,user13,-0.38628819508272977
2025-03-24,-0.3877644907088838,-0.5638464812060779,user13,-0.5371387965018288
2025-03-31,-0.5380428383487731,1.864567401956239,user13,-0.24951179925994868
2025-04-07,-0.25150695797766465,-0.5638464812060779,user13,-0.4205794915908858
2025-04-14,-0.42192570272393076,-0.5638464812060779,user13,-0.45370441746951273
2025-04-21,-0.4549249687520714,-0.5638464812060779,user13,-0.3845775181594204
2025-04-28,-0.38606030326142116,1.864567401956239,user13,-0.5155998188765245
2025-05-05,-0.5165855691239023,-0.5638464812060779,user13,-0.0439972943369183
2025-05-12,-0.04677207508476395,-0.5638464812060779,user13,-0.428277537745778
2025-05-19,-0.42959454623751275,-0.5638464812060779,user13,-0.4547152720151046
2025-05-26,-0.45593198860739026,1.864567401956239,user13,-0.4067385601204736
2025-06-02,-0.40813727701264196,-0.5638464812060779,user13,-0.48045318390671377
2025-06-09,-0.48157226338512393,-0.5638464812060779,user13,-0.5480249223774339
2024-05-13,-0.5148039186106459,-0.5638464812060779,user14,-0.0799992677683837
2024-05-20,-0.0826374745472736,0.4075190720588489,user14,-0.0340442649649365
2024-05-27,-0.03685680266316301,0.5626947191929209,user14,-0.4815417964942743
2024-06-03,-0.48265674630623656,0.4318032108904721,user14,0.3608110721516538
2024-06-10,0.3565006454375368,2.3502501785887024,user14,-0.037854409021398285
2024-06-17,-0.04065249288705712,0.3701214982581492,user14,-0.1000608425962845
2024-06-24,-0.102622945522063,0.4150471550966521,user14,-0.2687957936681634
2024-07-01,-0.2707177982945164,2.106437424719206,user14,0.010277818957169936
2024-07-08,0.00729714483927868,0.1165950888560033,user14,-0.21498722862588682
2024-07-15,-0.21711335676523635,0.11416667497284098,user14,-0.3565846230507216
2024-07-22,-0.35817359957566847,-0.11337570587946813,user14,0.10522038820084004
2024-07-29,0.1018795481734564,2.228829484430587,user14,-0.03140049153800384
2024-08-05,-0.03422305842617526,0.1105240541480975,user14,-0.10565942161802427
2024-08-12,-0.10820028625921353,1.262806441708617,user14,-0.2467125097490788
2024-08-19,-0.24871828760908934,0.22781644470483742,user14,0.27216690430744095
2024-08-26,0.26819275043265345,2.3502501785887024,user14,3.242967328347478
2024-09-02,3.227723403229207,2.3502501785887024,user14,3.242967328347478
2024-09-09,3.227723403229207,1.1846115146707903,user14,-0.16125642162557885
2024-09-16,-0.16358637830175002,0.6365185012410554,user14,-0.16522208176597783
2024-09-23,-0.16753699465723165,0.46312974998326595,user14,-0.21817530834659973
2024-09-30,-0.2202893424627804,1.692635699028347,user14,-0.17867422302654698
2024-10-07,-0.18093810503955168,0.21324596140586352,user14,-0.33800045102022436
2024-10-14,-0.33965992685096047,0.10639575054672157,user14,0.1926204273735552
2024-10-21,0.18894803412563965,0.9956809145607621,user14,-0.19531444400782905
2024-10-28,-0.19751520111941576,-0.17408605295852606,user14,-0.38146719648067606
2024-11-04,-0.38296178062967084,1.6654374635369291,user14,0.04278068050004799
2024-11-11,0.03967670634106925,0.18896182257424035,user14,-0.05325050133118262
2024-11-18,-0.055990179914221075,0.35895079439560257,user14,-0.2598536188417735
2024-11-25,-0.26180954572823434,1.0874749593442976,user14,0.33865003019060064
2024-12-02,0.334423671686316,2.204302504210647,user14,0.03220558679231733
2024-12-09,0.02914172939311825,-0.35136026642937523,user14,-0.013282867759318223
2024-12-16,-0.016174164096229796,1.1802403696810981,user14,-0.1380845251189337
2024-12-23,-0.14050238469521034,1.0389066816810513,user14,0.21299303436933043
2024-12-30,0.20924335736360408,2.3502501785887024,user14,0.04456911546532597
2025-01-06,0.04145835685432567,1.4699501459423627,user14,0.0909129084786162
2025-01-13,0.08762634406740505,1.3953978397292794,user14,-0.08419820203468852
2025-01-20,-0.0868204801001365,0.564880291687767,user14,-0.009317207618919226
2025-01-27,-0.012223547740748172,2.3502501785887024,user14,0.6415953617002965
2025-02-03,0.6362197760187945,0.40873327900043005,user14,0.18150102737204427
2025-02-10,0.17787081571713237,1.5568873629595736,user14,-0.14733773211319803
2025-02-17,-0.14972048952466746,2.3502501785887024,user14,0.3304854357838968
2025-02-24,0.32629004977797144,-0.11240434032620321,user14,-0.04539693909235324
2025-03-03,-0.04816641026905158,1.7441180733513881,user14,-0.3588396062678112
2025-03-10,-0.3604200284836874,0.14160775185257515,user14,0.058021256725895115
2025-03-17,0.05485946723664569,2.269141154891081,user14,-0.27937088737589405
2025-03-24,-0.28125277524246745,-0.1842853912678078,user14,0.17854622177723717
2025-03-31,0.17492721921696958,1.4595079662447648,user14,-0.25487710415578263
2025-04-07,-0.25685190951743386,-0.07573529069045222,user14,-0.27727142024274165
2025-04-14,-0.279161272466036,0.7822233342307944,user14,-0.3353566775932917
2025-04-21,-0.3370261826139727,0.6406468048424313,user14,-0.23815912513253193
2025-04-28,-0.24019735037177606,-0.07816370457361453,user14,-0.17657475589339458
2025-05-05,-0.17884660226312024,1.1178301328838267,user14,-0.013904932095067084
2025-05-12,-0.016793868622579856,0.8082073627806312,user14,-0.22540680624968026
2025-05-19,-0.22749340758159983,0.7329265324025994,user14,-0.04267540762345196
2025-05-26,-0.04545520296627008,0.14549321406563487,user14,0.009655754621421073
2025-06-02,0.00667744031292862,1.166398410547073,user14,-0.262730666394612
2025-06-09,-0.26467567916260337,0.8259347841277161,user14,3.242967328347478
2025-06-16,3.227723403229207,2.3502501785887024,user14,1.8384471436811074
2025-06-23,1.8285312847163075,1.203067460182824,user14,-0.21965271114400328
2025-06-30,-0.2217611407128618,0.8334628671655193,user14,-0.08116563839791281
2025-07-07,-0.08379942053417996,1.8259556212139583,user14,1.2230699995415455
2025-07-14,1.215488582024512,2.3502501785887024,user14,0.2718558721395665
2025-07-21,0.2678828981694784,2.3502501785887024,user14,-0.09477329574241918
2025-07-28,-0.0973554570480875,1.757474349708781,user14,0.06393086791550931
2025-08-04,0.06074666023697125,0.9014584558940641,user14,0.21034926094239775
2025-08-11,0.20660961312661633,0.24942932826498204,user14,0.11354049869148107
2025-08-18,0.11016809621338844,0.8322486602239382,user14,-0.032566862167532955
2025-08-25,-0.03538500441308162,2.3502501785887024,user14,-0.37501327899728165
2025-09-01,-0.376532346168789,2.3502501785887024,user14,3.242967328347478
2025-09-08,3.227723403229207,-0.2602947458107883,user14,0.07318407490977363
2025-09-15,0.06996476506642837,2.0311565943411742,user14,-0.08443147616059435
2025-09-22,-0.08705286929751777,-0.26272315969395066,user14,-0.11219109714338732
2025-09-29,-0.11470718378588915,1.5539732662997787,user14,0.038737262317680383
2025-10-06,0.03564862691979387,1.2329369509457204,user14,0.041458793786581655
2025-10-13,0.03835983422257538,0.15763528348144645,user14,-0.012427529297663538
2025-10-20,-0.015322070372498466,0.04325698958450132,user14,0.06657464134244197
2025-10-27,0.063380404473959,-0.2775364843812408,user14,-0.21257672932485996
2025-11-03,-0.21471200172562988,1.5415883554956509,user14,-0.18069593211773077
2025-11-10,-0.18295214475018937,1.864567401956239,user14,0.1098858707189565
2025-11-17,0.10652733212108184,0.6897007652823102,user14,0.16408322597107614
2025-11-24,0.1605190889793307,0.4827999024368807,user14,0.15335261617940826
2025-12-01,0.1498291858997922,0.11222394386631113,user14,-0.2368372384190656
2025-12-08,-0.23888047825328218,1.4857348361829177,user14,-0.32517037409540406
2025-12-15,-0.32687852099499054,0.3538511252409617,user14,0.1337575896033191
2025-12-22,0.13030849331976535,0.3346666555639794,user14,-0.17050962861984317
2025-12-29,-0.17280448313120716,-0.07816370457361453,user14,-0.3383114831880988
2026-01-05,-0.3399697791141355,2.2346576777501763,user14,-0.09881671392478679
2026-01-12,-0.10138353646936288,0.4318032108904721,user14,-0.3011431391271042
2026-01-19,-0.3029424336647195,0.44103118364648886,user14,-0.04119800482604842
2026-01-26,-0.04398340471618869,0.5702228022307241,user14,-0.11880053071071899
2026-02-02,-0.12129154437835851,0.25938582518594755,user14,-0.3945305475314022
2026-02-09,-0.39597557568302205,0.2360730519075893,user14,-0.3565846230507216
2026-02-16,-0.35817359957566847,2.3502501785887024,user14,-0.42213465243025794
2023-09-04,-0.36932828104996956,1.864567401956239,user15,-0.35191914053260515
2023-09-11,-0.353525815628043,-0.5638464812060779,user15,-0.43916366362138304
2023-09-18,-0.4404393754486388,-0.5638464812060779,user15,-0.5156775769184931
2023-09-25,-0.516663032189696,-0.5638464812060779,user15,-0.44344035592965647
2023-10-02,-0.44469984406729546,1.864567401956239,user15,-0.4096933657152807
2023-10-09,-0.41108087351280476,-0.5638464812060779,user15,-0.43978572795713194
2023-10-16,-0.44105907997498883,-0.5638464812060779,user15,-0.3739246664097211
2023-10-23,-0.37544786324767637,-0.5638464812060779,user15,-0.4166138314504868
2023-10-30,-0.41797508636844916,1.864567401956239,user15,-0.28737996569866064
2023-11-06,-0.2892314710192245,-0.5638464812060779,user15,-0.39919603004951865
2023-11-13,-0.4006233596306475,-0.5638464812060779,user15,-0.38496630836926343
2023-11-20,-0.3864476185903899,-0.5638464812060779,user15,-0.4785869908994672
2023-11-27,-0.47971314980607377,1.864567401956239,user15,-0.428666327955621
2023-12-04,-0.42998186156648155,-0.5638464812060779,user15,-0.34950864123157827
2023-12-11,-0.35112446058843655,-0.5638464812060779,user15,-0.40440581886141536
2023-12-18,-0.40581338503882924,-0.5638464812060779,user15,-0.4725218636259158
2023-12-25,-0.4736710306741607,-0.5638464812060779,user15,-0.4535489013855755
2024-01-01,-0.4547700426204839,1.864567401956239,user15,-0.5554119363644517
2024-01-08,-0.556246658810306,-0.5638464812060779,user15,-0.5119451909039999
2024-01-22,-0.5129448050315957,-0.5638464812060779,user15,-0.5468585517479049
2024-02-12,-0.5477257215729927,1.864567401956239,user15,-0.288313062202284
2024-02-19,-0.2901610278087495,-0.5638464812060779,user15,-0.3788234230537434
2024-02-26,-0.3803280363926831,1.864567401956239,user15,-0.4184800244577334
2024-03-04,-0.4198341999474993,-0.5638464812060779,user15,-0.38387769578170294
2024-03-11,-0.3853631356692773,-0.5638464812060779,user15,-0.4367531643203562
2024-03-18,-0.43803802040903234,-0.5638464812060779,user15,-0.3152173447234223
2024-03-25,-0.3169632485733896,-0.5638464812060779,user15,-0.4471727419441497
2024-04-01,-0.4484180712253958,1.864567401956239,user15,-0.3917312580205323
2024-04-08,-0.39318690531444683,-0.5638464812060779,user15,-0.40627201186866196
2024-04-15,-0.4076724986178794,-0.5638464812060779,user15,-0.16351140484266846
2024-04-22,-0.165832807209769,-0.5638464812060779,user15,-0.41498091256914604
2024-04-29,-0.41634836198678027,1.864567401956239,user15,-0.46622346222645855
2024-05-06,-0.46739652234486634,-0.5638464812060779,user15,-0.38893196850966244
2024-05-13,-0.39039823494587156,-0.5638464812060779,user15,-0.44227398530012735
2024-05-20,-0.44353789808038907,-0.5638464812060779,user15,-0.39243108039824975
2024-05-27,-0.3938840729065906,1.864567401956239,user15,-0.464746059429055
2024-06-03,-0.46592472409478497,-0.5638464812060779,user15,-0.3183276664021666
2024-06-10,-0.3200617712051399,-0.5638464812060779,user15,-0.28209241884479536
2024-06-17,-0.28396398254524896,-0.5638464812060779,user15,-0.5187878985972374
2024-06-24,-0.5197615548214464,-0.5638464812060779,user15,-0.5233756230733853
2024-07-01,-0.524331875703278,-0.5638464812060779,user15,-0.3954636440350255
2024-07-08,-0.39690513247254716,-0.5638464812060779,user15,-0.5495800832168061
2024-07-15,-0.5504369288757742,-0.5638464812060779,user15,-0.47508787901087984
2024-07-22,-0.47622731184535466,-0.5638464812060779,user15,-0.5394715377608871
2024-08-12,-0.5403667303225858,-0.5638464812060779,user15,-0.5003592426506774
2024-08-19,-0.5014028082283258,-0.5638464812060779,user15,-0.5328621041935554
2024-08-26,-0.5337823697301164,1.864567401956239,user15,-0.45129391816848585
2024-09-02,-0.45252361371246497,-0.5638464812060779,user15,-0.46202452796015375
2024-09-09,-0.46321351679200345,-0.5638464812060779,user15,-0.33527891955132305
2024-09-16,-0.33694871954817895,-0.5638464812060779,user15,-0.41653607340851817
2024-09-23,-0.4178976233026554,-0.5638464812060779,user15,-0.31218478108664655
2024-09-30,-0.31394218900743304,1.864567401956239,user15,-0.36824832934601276
2024-10-07,-0.3697930594447321,-0.5638464812060779,user15,-0.3976408692101465
2024-10-14,-0.39907409831477236,-0.5638464812060779,user15,-0.4214348300525405
2024-10-21,-0.4227777964476621,-0.5638464812060779,user15,-0.2495895573019173
2024-10-28,-0.2515844210434584,1.864567401956239,user15,-0.42415636152144176
2024-11-04,-0.42548900375044363,-0.5638464812060779,user15,-0.41327023564583665
2024-11-11,-0.4146441745393176,-0.5638464812060779,user15,-0.4664567363523644
2024-11-18,-0.4676289115422476,-0.5638464812060779,user15,-0.3308467111591124
2024-11-25,-0.3325333247979348,1.864567401956239,user15,-0.2863691111530688
2024-12-02,-0.2882244511639056,-0.5638464812060779,user15,-0.4245451517312848
2024-12-09,-0.4258763190794124,-0.5638464812060779,user15,-0.3297580985715519
2024-12-16,-0.3314488418768222,-0.5638464812060779,user15,-0.5547898720287028
2025-02-10,-0.4062781634335918,1.864567401956239,user16,-0.3985739657137698
2025-02-17,-0.4000036551042975,-0.5638464812060779,user16,-0.49810425943358777
2025-02-24,-0.4991563793203069,1.864567401956239,user16,-0.46210228600212233
2025-03-03,-0.4632909798577972,-0.5638464812060779,user16,-0.44709498390218105
2025-03-10,-0.448340608159602,-0.5638464812060779,user16,-0.4256337643188453
2025-03-17,-0.426960802000525,-0.5638464812060779,user16,-0.23605965799937953
2025-03-24,-0.2381058475953446,-0.5638464812060779,user16,-0.46093591537259326
2025-03-31,-0.4621290338708908,1.864567401956239,user16,-0.40106222305676525
2025-04-07,-0.4024824732096977,-0.5638464812060779,user16,-0.4477170482379299
2025-04-14,-0.4489603126859521,-0.5638464812060779,user16,-0.4105487041769354
2025-04-21,-0.4119329672365361,-0.5638464812060779,user16,-0.37711274613043405
2025-04-28,-0.37862384894522044,1.864567401956239,user16,-0.4468617097762752
2025-05-05,-0.44810821896222075,-0.5638464812060779,user16,-0.35813978389009377
2025-05-12,-0.35972286089154365,-0.5638464812060779,user16,-0.5173104957998339
2025-05-19,-0.5182897565713649,-0.5638464812060779,user16,-0.3896317908873799
2025-05-26,-0.39109540253801534,1.864567401956239,user16,-0.41809123424789035
2025-06-02,-0.4194468846185306,-0.5638464812060779,user16,-0.48620727901239075
2025-06-09,-0.487304530253862,-0.5638464812060779,user16,-0.3273475992705251
2025-06-16,-0.32904748683721574,-0.5638464812060779,user16,-0.4846521181730186
2025-06-23,-0.4857552689379868,-0.5638464812060779,user16,-0.5028474999936728
2025-06-30,-0.503881626333726,-0.5638464812060779,user16,-0.4495054832032079
2025-07-07,-0.4507419631992085,-0.5638464812060779,user16,-0.516299641254242
2025-07-21,-0.5172827367160461,-0.5638464812060779,user16,-0.5082128048895068
2025-08-25,-0.5092265778734953,-0.5638464812060779,user16,-0.39017609718116014
2025-09-01,-0.39163764399857165,1.864567401956239,user16,-0.5350393293686765
2025-09-08,-0.5359513355723416,-0.5638464812060779,user16,-0.4385415992856342
2025-09-15,-0.43981967092228874,-0.5638464812060779,user16,-0.4215125880945091
2025-09-22,-0.4228552595134559,-0.5638464812060779,user16,-0.4883845041875118
2025-09-29,-0.4894734960960872,1.864567401956239,user16,-0.4087602692116574
2025-10-06,-0.41015131672327965,-0.5638464812060779,user16,-0.40316169018991765
2025-10-13,-0.40457397598612915,-0.5638464812060779,user16,-0.4023841097702316
2025-10-20,-0.40379934532819156,-0.5638464812060779,user16,-0.44709498390218105
2025-10-27,-0.448340608159602,1.864567401956239,user16,-0.3805340999770528
2025-11-03,-0.38203222384014573,-0.5638464812060779,user16,-0.4195686370452939
2025-11-10,-0.42091868286861195,-0.5638464812060779,user16,-0.43107682725664787
2025-11-17,-0.43238321660608803,-0.5638464812060779,user16,-0.36498249158333124
2025-11-24,-0.3665396106813943,-0.5638464812060779,user16,-0.31949403703169565
2025-12-01,-0.32122371719204623,1.864567401956239,user16,-0.36513800766726845
2025-12-08,-0.3666945368129818,-0.5638464812060779,user16,-0.45370441746951273
2025-12-15,-0.4549249687520714,-0.5638464812060779,user16,-0.21249897128289136
2025-12-22,-0.21463453865983612,-0.5638464812060779,user16,-0.5421153111878197
2025-12-29,-0.5430004745595736,-0.5638464812060779,user16,-0.3794454873894923
2026-01-26,-0.38094774091903316,-0.5638464812060779,user16,-0.5547121139867343
2026-02-16,-0.5555494912181622,1.864567401956239,user16,-0.41342575172977386
2026-02-23,-0.4147991006709051,1.864567401956239,user16,-0.3355121936772289
2026-03-02,-0.33718110874556023,-0.5638464812060779,user16,-0.5371387965018288
2024-01-08,-0.3911728656038091,-0.5638464812060779,user2,-0.16592190414369531
2024-01-15,-0.16823416224937549,-0.5638464812060779,user2,-0.4725218636259158
2024-01-22,-0.4736710306741607,-0.5638464812060779,user2,-0.5091459013931301
2024-01-29,-0.5101561346630205,-0.5638464812060779,user2,-0.5075907405537579
2024-02-05,-0.5086068733471453,-0.5638464812060779,user2,-0.48916208460719784
2024-02-12,-0.4902481267540248,-0.5638464812060779,user2,-0.428277537745778
2024-02-19,-0.42959454623751275,-0.5638464812060779,user2,-0.3782791167599632
2024-02-26,-0.3797857949321268,-0.5638464812060779,user2,-0.4596140286591269
2024-03-04,-0.460812161752397,-0.5638464812060779,user2,-0.4194131209613567
2024-03-11,-0.42076375673702443,-0.5638464812060779,user2,-0.2377703349226889
2024-03-18,-0.23981003504280726,-0.5638464812060779,user2,-0.4386193573276028
2024-03-25,-0.4398971339880825,-0.5638464812060779,user2,-0.4418074370483157
2024-04-01,-0.44307311968562657,-0.5638464812060779,user2,-0.42897736012349547
2024-04-08,-0.4302917138296566,-0.5638464812060779,user2,-0.39569691816093133
2024-04-15,-0.39713752166992844,-0.5638464812060779,user2,-0.5215094300661387
2024-04-22,-0.5224727621242278,-0.5638464812060779,user2,-0.3317020496207671
2024-04-29,-0.33338541852166614,-0.5638464812060779,user2,-0.45494854614101043
2024-05-06,-0.45616437780477154,-0.5638464812060779,user2,-0.38030082585114694
2024-05-13,-0.38179983464276446,-0.5638464812060779,user2,-0.42975494054318153
2024-05-20,-0.4310663444875942,-0.5638464812060779,user2,-0.2863691111530688
2024-05-27,-0.2882244511639056,-0.5638464812060779,user2,-0.48737364964191987
2024-06-03,-0.48846647624076833,-0.5638464812060779,user2,-0.5150555125827443
2024-06-10,-0.5160433276633459,-0.5638464812060779,user2,-0.4857407307605791
2024-06-17,-0.48683975185909945,-0.5638464812060779,user2,-0.5196432370588921
2024-07-01,-0.5206136485451777,-0.5638464812060779,user2,-0.38753232375422747
2024-07-08,-0.3890038997615839,-0.5638464812060779,user2,-0.5306071209764658
2024-07-15,-0.5315359408220974,-0.5638464812060779,user2,-0.4640462370513376
2024-07-22,-0.46522755650264114,-0.5638464812060779,user2,-0.2229963069486534
2024-07-29,-0.22509205254199335,-0.5638464812060779,user2,-0.5542455657349226
2024-08-05,-0.5550847128233997,-0.5638464812060779,user2,-0.4668455265622074
2024-08-19,-0.4680162268712164,-0.5638464812060779,user2,-0.4398634859991005
2024-08-26,-0.4411365430407826,-0.5638464812060779,user2,-0.5456921811183757
2024-09-02,-0.5465637755860864,-0.5638464812060779,user2,-0.2768826300328986
2024-09-09,-0.2787739571370672,-0.5638464812060779,user2,-0.2575986356246839
2024-09-16,-0.2595631168202154,-0.5638464812060779,user2,-0.4532378692177011
2024-09-23,-0.4544601903573089,-0.5638464812060779,user2,-0.44188519509028434
2024-09-30,-0.4431505827514203,-0.5638464812060779,user2,-0.46412399509330615
2024-10-07,-0.4653050195684349,-0.5638464812060779,user2,-0.5254750902065377
2024-10-14,-0.5264233784797094,-0.5638464812060779,user2,-0.3527744789942598
2024-10-21,-0.3543779093517744,-0.5638464812060779,user2,-0.3973298370422721
2024-10-28,-0.3987642460515973,-0.5638464812060779,user2,-0.47283289579379023
2024-11-04,-0.4739808829373357,-0.5638464812060779,user2,-0.3946083055733708
2024-11-11,-0.3960530387488158,-0.5638464812060779,user2,-0.45316011117573246
2024-11-18,-0.45438272729151513,-0.5638464812060779,user2,-0.46505709159692943
2024-11-25,-0.46623457635796,-0.5638464812060779,user2,-0.3810006482288644
2024-12-02,-0.3824970022349083,-0.5638464812060779,user2,-0.2910345936711852
2024-12-09,-0.29287223511153104,-0.5638464812060779,user2,-0.3324018719984846
2024-12-16,-0.33408258611381,-0.5638464812060779,user2,-0.4136590258556797
2024-12-23,-0.41503148986828636,-0.5638464812060779,user2,-0.4875291657258571
2024-12-30,-0.48862140237235585,-0.5638464812060779,user2,-0.49600479230043537
2025-01-06,-0.48823408704338705,-0.5638464812060779,user3,-0.528974202095125
2025-01-13,-0.5299092164404285,-0.5638464812060779,user3,-0.43496472935507824
2025-03-31,-0.4362563698957759,-0.5638464812060779,user3,-0.4294439083753071
2025-04-07,-0.43075649222441914,-0.5638464812060779,user3,-0.36311629857608463
2025-04-14,-0.3646804971023441,-0.5638464812060779,user3,-0.39569691816093133
2025-04-21,-0.39713752166992844,-0.5638464812060779,user3,0.037259859520276835
2025-04-28,0.03417682866971248,-0.5638464812060779,user3,-0.42889960208152683
2025-05-05,-0.4302142507638628,-0.5638464812060779,user3,-0.5002814846087088
2025-05-12,-0.501325345162532,-0.5638464812060779,user3,-0.4277332314519977
2025-05-19,-0.42905230477695644,-0.5638464812060779,user3,-0.44344035592965647
2025-05-26,-0.44469984406729546,-0.5638464812060779,user3,-0.47283289579379023
2025-06-02,-0.4739808829373357,-0.5638464812060779,user3,-0.3831001153620168
2025-06-09,-0.38458850501133973,-0.5638464812060779,user3,-0.3747800048713758
2025-06-16,-0.3762999569714077,-0.5638464812060779,user3,-0.3635050887859277
2025-09-15,-0.3650678124313129,-0.5638464812060779,user3,-0.47889802306734164
2025-09-22,-0.4800230020692488,-0.5638464812060779,user3,-0.36708195871648364
2025-09-29,-0.36863111345782573,-0.5638464812060779,user3,-0.40199531956038853
2025-10-06,-0.40341202999922277,-0.5638464812060779,user3,-0.03995387615455069
2025-10-13,-0.04274399566348857,-0.5638464812060779,user3,-0.4386193573276028
2025-10-20,-0.4398971339880825,-0.5638464812060779,user3,-0.4264891027805
2025-10-27,-0.42781289572425635,-0.5638464812060779,user3,-0.13536299365003243
2025-11-03,-0.13779117739242883,-0.5638464812060779,user3,-0.45976954474306414
2025-11-10,-0.4609670878839845,-0.5638464812060779,user3,-0.4354312776068899
2025-11-17,-0.43672114829053843,-0.5638464812060779,user3,-0.4267223769064058
2025-11-24,-0.4280452849216376,-0.5638464812060779,user3,-0.48115300628443125
2025-12-01,-0.48226943097726777,-0.5638464812060779,user3,-0.4235342971856929
2025-12-08,-0.42486929922409356,-0.5638464812060779,user3,-0.4612469475404677
2025-12-15,-0.46243888613406586,-0.5638464812060779,user3,-0.5301405727246542
2025-12-22,-0.5310711624273349,-0.5638464812060779,user3,-0.4733772020875705
2025-12-29,-0.474523124397892,-0.5638464812060779,user3,-0.44592861327265193
2022-12-26,-0.4079048878152607,-0.5638464812060779,user4,2.8041242668892474
2023-01-02,2.79054509880898,-0.5638464812060779,user4,3.242967328347478
2023-01-09,3.227723403229207,-0.5638464812060779,user4,0.640117958902893
2023-01-16,0.6347479777687132,-0.5638464812060779,user4,3.242967328347478
2023-01-23,3.227723403229207,-0.5638464812060779,user4,1.647006844354395
2023-01-30,1.637817216732077,-0.5638464812060779,user4,0.5848319910632128
2023-02-06,0.5796717379893517,-0.5638464812060779,user4,1.0258756051091562
2023-02-13,1.0190422471715435,-0.5638464812060779,user4,3.242967328347478
2023-02-27,3.227723403229207,-0.5638464812060779,user4,3.242967328347478
2023-03-06,3.227723403229207,-0.5638464812060779,user4,1.1491221016293995
2023-03-13,1.141821206454649,-0.5638464812060779,user4,-0.4055721894909445
2023-03-27,-0.40697533102573563,-0.5638464812060779,user4,0.9532495939104766
2023-04-03,0.9466917437201741,-0.5638464812060779,user4,3.242967328347478
2023-04-10,3.227723403229207,-0.5638464812060779,user4,-0.26654081045107375
2023-04-17,-0.26847136938649746,-0.5638464812060779,user4,0.18017914065857796
2023-04-24,0.1765539435986385,-0.5638464812060779,user4,3.242967328347478
2023-05-01,3.227723403229207,-0.5638464812060779,user4,1.8362699185059863
2023-05-08,1.8263623188740823,-0.5638464812060779,user4,-0.30332036430222525
2023-05-15,-0.3051113995069447,-0.5638464812060779,user4,1.0480366470702094
2023-05-22,1.0411192209227642,-0.5638464812060779,user4,1.0903370219011321
2023-05-29,1.0832591287145683,-0.5638464812060779,user4,3.157068019384758
2023-06-05,3.1421499544468445,-0.5638464812060779,user4,-0.49203913216003636
2023-06-12,-0.49311426018839377,-0.5638464812060779,user4,1.340717917040049
2023-06-26,1.3326902005704668,-0.5638464812060779,user4,2.029032104546165
2023-07-03,2.0183932589768068,-0.5638464812060779,user4,3.242967328347478
2023-07-10,3.227723403229207,-0.5638464812060779,user4,-0.2886240943701584
2023-07-24,-0.29047088007192456,-0.5638464812060779,user4,0.9025513505469442
2023-07-31,0.8961858248226443,-0.5638464812060779,user4,2.465565752157929
2023-08-07,2.4532709103429604,-0.5638464812060779,user4,-0.49203913216003636
2023-08-14,-0.49311426018839377,-0.5638464812060779,user4,-0.2117991489051739
2023-08-21,-0.2139373710676923,-0.5638464812060779,user4,1.402146770195249
2023-08-28,1.3938860225475351,-0.5638464812060779,user4,2.796659494860261
2023-09-04,2.7831086444927795,-0.5638464812060779,user4,1.5341021674159765
2023-09-11,1.5253408451995414,-0.5638464812060779,user4,0.548518985463873
2023-09-18,0.5434964862636671,-0.5638464812060779,user4,-0.13435213910444055
2023-09-25,-0.13678415753710998,-0.5638464812060779,user4,1.4504345142577546
2023-10-02,1.4419905864054583,-0.5638464812060779,user4,2.5831359116144643
2023-10-09,2.5703950658231216,-0.5638464812060779,user4,3.242967328347478
2023-10-16,3.227723403229207,-0.5638464812060779,user4,-0.4079049307500027
2023-10-23,-0.40929922299954835,-0.5638464812060779,user4,1.6890739450594119
2023-10-30,1.6797247353264997,-0.5638464812060779,user4,2.9845229242564177
2023-11-06,2.970259411450497,-0.5638464812060779,user4,3.242967328347478
2023-11-13,3.227723403229207,-0.5638464812060779,user4,2.8266740990601438
2023-11-20,2.8130093878891698,-0.5638464812060779,user4,1.4052570918739935
2023-11-27,1.3969845451792853,-0.5638464812060779,user4,3.242967328347478
2023-12-04,3.227723403229207,-0.5638464812060779,user4,1.4202643939739348
2023-12-18,1.4119349168774806,-0.5638464812060779,user4,0.9775878610466507
2024-01-01,1.5597344464119696,-0.5638464812060779,user5,3.242967328347478
2024-01-08,3.227723403229207,-0.5638464812060779,user5,0.1507866007944442
2024-01-15,0.14727290472859822,-0.5638464812060779,user5,-0.45316011117573246
2024-01-22,-0.45438272729151513,-0.5638464812060779,user5,3.242967328347478
2024-01-29,3.227723403229207,-0.5638464812060779,user5,3.0852195886057645
2024-02-05,3.070574081653413,-0.5638464812060779,user5,-0.3747022468294072
2024-02-12,-0.37622249390561396,-0.5638464812060779,user5,-0.3015319293369473
2024-02-19,-0.3033297489936883,-0.5638464812060779,user5,1.5763247842049306
2024-02-26,1.5674032899255514,-0.5638464812060779,user5,3.242967328347478
2024-03-04,3.227723403229207,-0.5638464812060779,user5,3.242967328347478
2024-03-11,3.227723403229207,-0.5638464812060779,user5,-0.23543759366363065
2024-03-18,-0.23748614306899454,-0.5638464812060779,user5,-0.49584927621649816
2024-03-25,-0.4969099504122879,-0.5638464812060779,user5,1.5802904443453296
2024-04-01,1.571353906281033,-0.5638464812060779,user5,3.242967328347478
2024-04-08,3.227723403229207,-0.5638464812060779,user5,-0.11257988735323037
2024-04-15,-0.11509449911485793,-0.5638464812060779,user5,-0.26654081045107375
2024-04-22,-0.26847136938649746,-0.5638464812060779,user5,1.8259280989241615
2024-04-29,1.8160597311235127,-0.5638464812060779,user5,2.420077297606294
2024-05-06,2.4079550168536126,-0.5638464812060779,user5,0.0808043630226972
2024-05-13,0.07755614551421659,-0.5638464812060779,user5,-0.19134878386743004
2024-05-20,-0.19356458476393412,-0.5638464812060779,user5,2.0959040206391677
2024-06-03,2.085011495559438,-0.5638464812060779,user5,3.242967328347478
2024-06-10,3.227723403229207,-0.5638464812060779,user5,-0.45611491677053956
2024-06-24,-0.45732632379167787,-0.5638464812060779,user5,2.746738831916415
2024-07-01,2.7333773562531873,-0.5638464812060779,user5,3.242967328347478
2024-07-08,3.227723403229207,-0.5638464812060779,user5,-0.4033949643158235
2024-07-15,-0.40480636518351043,-0.5638464812060779,user5,2.2595069409411184
2024-07-29,2.2479937859895034,-0.5638464812060779,user5,3.242967328347478
2024-08-05,3.227723403229207,-0.5638464812060779,user5,-0.48426332796317556
2024-08-12,-0.4853679536090181,-0.5638464812060779,user5,3.242967328347478
2024-08-19,3.227723403229207,-0.5638464812060779,user5,1.381929679283411
2024-08-26,1.3737456254411582,-0.5638464812060779,user5,0.6035716791776473
2024-09-02,0.5983403368456472,-0.5638464812060779,user5,-0.04376402021101247
2024-09-09,-0.04653968588738268,-0.5638464812060779,user5,-0.1557356006458077
2024-09-16,-0.15808650063039326,-0.5638464812060779,user5,-0.4754766692207229
2024-09-23,-0.47661462717432346,-0.5638464812060779,user5,2.759413392757298
2024-09-30,2.74600383597757,-0.5638464812060779,user5,3.242967328347478
2024-10-07,3.227723403229207,-0.5638464812060779,user5,-0.1269651251174228
2024-10-21,-0.12942516628670303,-0.5638464812060779,user5,1.7668319870280196
2024-10-28,1.757187801120257,-0.5638464812060779,user5,1.782228079337804
2024-11-04,1.772525488147421,-0.5638464812060779,user5,2.8246523899689597
2024-11-11,2.810995348178532,-0.5638464812060779,user5,-0.17610820764158291
2024-11-18,-0.1783818238683577,-0.5638464812060779,user5,3.242967328347478
2024-11-25,3.227723403229207,-0.5638464812060779,user5,3.242967328347478
2024-12-02,3.227723403229207,-0.5638464812060779,user5,3.242967328347478
2024-12-09,3.227723403229207,-0.5638464812060779,user5,0.45038833649949
2024-12-16,0.4457380972319453,-0.5638464812060779,user5,0.5576944344161687
2024-12-30,2.1754108933407528,-0.5638464812060779,user6,3.242967328347478
2025-01-06,3.227723403229207,-0.5638464812060779,user6,1.5252377506315553
2025-01-13,1.516510055699053,-0.5638464812060779,user6,-0.23108314331338864
2025-01-20,-0.23314821138454414,-0.5638464812060779,user6,3.242967328347478
2025-01-27,3.227723403229207,-0.5638464812060779,user6,3.242967328347478
2025-02-03,3.227723403229207,-0.5638464812060779,user6,3.242967328347478
2025-02-10,3.227723403229207,-0.5638464812060779,user6,0.9805426666414578
2025-02-17,0.9738812798137829,-0.5638464812060779,user6,2.0576470639906126
2025-02-24,2.0468996671889097,-0.5638464812060779,user6,1.7287305464634017
2025-03-03,1.7192308988813159,-0.5638464812060779,user6,3.242967328347478
2025-03-10,3.227723403229207,-0.5638464812060779,user6,-0.2976440272385169
2025-03-17,-0.2994565957040004,-0.5638464812060779,user6,-0.48496315034089305
2025-03-31,-0.48606512120116185,-0.5638464812060779,user6,3.242967328347478
2025-04-07,3.227723403229207,-0.5638464812060779,user6,0.11011914484486234
2025-04-14,0.10675972131846312,-0.5638464812060779,user6,1.1408797491807272
2025-04-21,1.1336101214805105,-0.5638464812060779,user6,3.242967328347478
2025-04-28,3.227723403229207,-0.5638464812060779,user6,3.242967328347478
2025-05-05,3.227723403229207,-0.5638464812060779,user6,-0.17152048316543506
2025-05-12,-0.173811502986526,-0.5638464812060779,user6,0.32387600221656515
2025-05-19,0.3197056891855021,-0.5638464812060779,user6,1.5483318890962319
2025-05-26,1.5395165862397988,-0.5638464812060779,user6,0.37892869593033945
2025-06-02,0.3745495397674823,-0.5638464812060779,user6,1.841324191233946
2025-06-09,1.8313974181506765,-0.5638464812060779,user6,-0.055194452380397815
2025-06-16,-0.057926756559065005,-0.5638464812060779,user6,-0.5620213699317833
2025-06-23,-0.5628310194027754,-0.5638464812060779,user6,2.236568318560379
2025-06-30,2.2251421815803454,-0.5638464812060779,user6,1.1584530666656325
2025-07-07,1.1511167743498998,-0.5638464812060779,user6,0.12823676862354794
2025-07-14,0.12480861564840857,-0.5638464812060779,user6,0.9943058400699014
2025-07-21,0.9875922424592779,-0.5638464812060779,user6,3.242967328347478
2025-08-04,3.227723403229207,-0.5638464812060779,user6,0.10763088750186688
2025-08-11,0.10428090321306288,-0.5638464812060779,user6,0.37962851830805694
2025-08-18,0.37524670735962606,-0.5638464812060779,user6,-0.48426332796317556
2025-08-25,-0.4853679536090181,-0.5638464812060779,user6,2.322879745145534
2025-09-01,2.3111261846114157,-0.5638464812060779,user6,3.205511279531201
2025-09-08,3.1904094444363555,-0.5638464812060779,user6,0.8789129057884875
2025-09-15,0.872637052821342,-0.5638464812060779,user6,-0.4730661699196961
2025-09-22,-0.474213272134717,-0.5638464812060779,user6,2.4888931647485117
2025-09-29,2.476509830081088,-0.5638464812060779,user6,3.242967328347478
2025-10-06,3.227723403229207,-0.5638464812060779,user6,0.25918131129868344
2025-10-13,0.25525641844509595,-0.5638464812060779,user6,0.030572667910976566
2025-10-20,0.027515005011449347,-0.5638464812060779,user6,1.5996521967955128
2025-10-27,1.5906422096636788,-0.5638464812060779,user6,3.150225311691521
2025-11-03,3.135333204656994,-0.5638464812060779,user6,3.053805339650447
2025-11-10,3.039279003072735,-0.5638464812060779,user6,3.242967328347478
2025-11-17,3.227723403229207,-0.5638464812060779,user6,3.137706266934575
2025-11-24,3.122861651064199,-0.5638464812060779,user6,3.228683176037846
2025-12-01,3.213493438042895,-0.5638464812060779,user6,3.242967328347478
2025-12-08,3.227723403229207,-0.5638464812060779,user6,-0.32190453633272254
2025-12-15,-0.3236250722316527,-0.5638464812060779,user6,-0.34017767619534534
2022-09-26,-0.463678295186766,2.3502501785887024,user7,-0.48877329439735484
2022-10-03,-0.489860811425056,-0.5055645480101824,user7,-0.480219909780808
2022-10-10,-0.48133987418774266,-0.07816370457361453,user7,-0.3659155880869545
2022-10-17,-0.36746916747091934,-0.5638464812060779,user7,-0.43605334194263873
2022-10-24,-0.4373408528168885,-0.5638464812060779,user7,-0.19842476568657336
2022-10-31,-0.20061372375116604,0.9417701263545587,user7,0.03135024833066265
2022-11-07,0.02828963566938692,-0.5322771007249678,user7,-0.46326865663165145
2022-11-14,-0.46445292584470355,-0.07816370457361453,user7,-0.4585254160715664
2022-11-21,-0.45972767883128435,-0.49099406471120843,user7,-0.2943781894758354
2022-11-28,-0.29620314694066263,0.8932018486913124,user7,-0.48006439369687076
2022-12-05,-0.48118494805615514,-0.5638464812060779,user7,-0.49413859929318876
2022-12-12,-0.4952057629648252,-0.5152782035428316,user7,-0.46295762446377703
2022-12-19,-0.46414307358152856,-0.3671449566699303,user7,-0.48581848880254774
2022-12-26,-0.4869172149248932,1.136043237007544,user7,-0.36373836291183353
2023-01-02,-0.36530020162869414,-0.5638464812060779,user7,-0.5060355797143857
2023-01-09,-0.5070576120312701,-0.5638464812060779,user7,-0.5072797083858834
2023-01-23,-0.5082970210839702,-0.5638464812060779,user7,-0.4264891027805
2023-01-30,-0.42781289572425635,0.8932018486913124,user7,-0.5340284748230846
2023-02-06,-0.5349443157170227,-0.5638464812060779,user7,-0.3245483097596552
2023-02-13,-0.32625881646864047,-0.5638464812060779,user7,-0.42314550697584985
2023-02-20,-0.42448198389512476,-0.5638464812060779,user7,-0.35642910696678437
2023-02-27,-0.35801867344408095,0.9417701263545587,user7,-0.5051802412527311
2023-03-06,-0.5062055183075388,-0.5638464812060779,user7,-0.3843442440335146
2023-03-13,-0.3858279140640399,-0.5638464812060779,user7,-0.41482539648520883
2023-03-20,-0.41619343585519275,0.31038251673235623,user7,-0.4119483489323703
2023-03-27,-0.4133273024208237,0.8932018486913124,user7,-0.5375275867116719
2023-04-03,-0.5384301536777418,0.05054223123398827,user7,-0.43146561746649087
2023-04-10,-0.4327705319350568,-0.4424257870479621,user7,-0.49818201747555635
2023-04-17,-0.49923384238610063,-0.5638464812060779,user7,-0.412803687394025
2023-04-24,-0.41417939614455507,-0.5638464812060779,user7,-0.46505709159692943
2023-05-01,-0.46623457635796,0.8932018486913124,user7,-0.5255528482485063
2023-05-08,-0.5265008415455033,-0.5638464812060779,user7,-0.42625582865459416
2023-05-15,-0.42758050652687507,-0.5638464812060779,user7,-0.4984930496434308
2023-05-22,-0.49954369464927567,-0.5638464812060779,user7,-0.48426332796317556
2023-05-29,-0.4853679536090181,0.8932018486913124,user7,-0.48309695733364644
2023-06-05,-0.4842060076221117,-0.5638464812060779,user7,-0.5298295405567798
2023-06-12,-0.5307613101641598,-0.5638464812060779,user7,-0.5295962664308739
2023-06-19,-0.5305289209667786,-0.5638464812060779,user7,-0.3558070426310355
2023-06-26,-0.35739896891773093,1.136043237007544,user7,-0.1349742034401894
2023-07-03,-0.13740386206346006,0.16467768374261718,user7,-0.4563481908964454
2023-07-10,-0.45755871298905915,-0.5638464812060779,user7,-0.5092236594350986
2023-07-17,-0.5102335977288142,-0.5638464812060779,user7,-0.4855074566346733
2023-07-24,-0.48660736266171817,-0.5638464812060779,user7,-0.4624910762119654
2023-07-31,-0.463678295186766,0.8932018486913124,user7,-0.5351948454526136
2023-08-28,-0.5361062617039292,2.3502501785887024,user7,-0.3996625783013303
2023-09-04,-0.40108813802541005,0.16467768374261718,user7,-0.3268810510187134
2023-09-11,-0.3285827084424532,-0.5638464812060779,user7,-0.35806202584812513
2023-09-18,-0.3596453978257499,-0.32100509288984624,user7,-0.2656854719894191
2023-09-25,-0.26761927566276617,-0.5638464812060779,user7,-0.5468585517479049
2023-10-02,-0.5477257215729927,-0.5638464812060779,user7,-0.5468585517479049
2023-09-25,-0.5372682076908355,2.3502501785887024,user8,-0.384655276201389
2023-10-02,-0.3861377663272149,-0.5638464812060779,user8,0.05117854903265763
2023-10-09,0.048042717446795044,-0.5638464812060779,user8,-0.4082937209598458
2023-10-16,-0.40968653832851715,-0.5638464812060779,user8,-0.39865172375573843
2023-10-23,-0.40008111817009123,1.985988096114355,user8,-0.3766461978786224
2023-10-30,-0.3781590705504579,2.3502501785887024,user8,-0.36426968361260503
2023-11-06,-0.36582950675726295,-0.5638464812060779,user8,-0.22260751673881038
2023-11-13,-0.22470473721302459,-0.07816370457361453,user8,-0.38076737410295863
2023-11-20,-0.382264613037527,-0.5638464812060779,user8,-0.2957000761893017
2023-11-27,-0.2975200190591565,2.3502501785887024,user8,-0.03575494188824587
2023-12-04,-0.03856099011062567,-0.5638464812060779,user8,-0.30308709017631946
2023-12-11,-0.30487901030956344,-0.5152782035428316,user8,-0.4512161601265173
2023-12-18,-0.4524461506466712,-0.5638464812060779,user8,-0.3173168118565747
2023-12-25,-0.31905475134982103,2.3502501785887024,user8,0.10234334064800155
2024-01-01,0.09901341473908738,1.864567401956239,user8,-0.40246186781220017
2024-01-08,-0.4038768083939853,-0.5638464812060779,user8,-0.38115616431280164
2024-01-15,-0.3826519283664958,-0.5638464812060779,user8,-0.35145259228079345
2024-01-22,-0.35306103723328053,-0.5638464812060779,user8,-0.34725365801448865
2024-01-29,-0.3488780316804176,2.3502501785887024,user8,-0.3425881754963722
2024-02-05,-0.34423024773279215,-0.5638464812060779,user8,-0.4715110090803239
2024-02-12,-0.47266401081884185,-0.5638464812060779,user8,-0.3926643545241556
2024-02-19,-0.3941164621039719,-0.5638464812060779,user8,-0.4150586706111146
2024-02-26,-0.41642582505257403,2.3502501785887024,user8,-0.4280053845988878
2024-03-04,-0.4293234255072346,0.16467768374261718,user8,-0.3728360538221606
2024-03-11,-0.3743633803265638,-0.5638464812060779,user8,-0.34188835311865473
2024-03-18,-0.3435330801406484,-0.5638464812060779,user8,-0.3343458230476998
2024-03-25,-0.3360191627586539,1.4760211806502683,user8,-0.4631908985896829
2024-04-01,-0.46437546277890984,2.3502501785887024,user8,-0.4961603083843726
2024-04-08,-0.49721980267546295,-0.5638464812060779,user8,-0.17136496708149784
2024-04-15,-0.1736565768549385,-0.5638464812060779,user8,-0.3978741433360523
2024-04-22,-0.39930648751215364,-0.5638464812060779,user8,-0.22455146778802557
2024-04-29,-0.2266413138578685,2.3502501785887024,user8,-0.394763821657308
2024-05-06,-0.39620796488040333,-0.5638464812060779,user8,-0.3984184496298326
2024-05-13,-0.39984872897270995,-0.5638464812060779,user8,-0.46482381747102364
2024-05-20,-0.46600218716057873,-0.5638464812060779,user8,-0.27727142024274165
2024-05-27,-0.279161272466036,2.3502501785887024,user8,-0.46917826782126565
2024-06-03,-0.47034011884502913,-0.5638464812060779,user8,0.380406098727743
2024-06-10,0.37602133801756366,-0.5638464812060779,user8,-0.5367500062919859
2024-06-17,-0.5376555230198042,-0.5638464812060779,user8,-0.5558007265742947
2024-06-24,-0.5566339741392748,-0.5638464812060779,user8,-0.5620213699317833
2024-07-01,-0.5628310194027754,2.3502501785887024,user8,-0.5620213699317833
2024-07-29,-0.5628310194027754,2.3502501785887024,user8,-0.44328483984571926
2024-08-05,-0.44454491793570794,-0.5638464812060779,user8,-0.5392382636349813
2024-08-26,-0.5401343411252045,2.3502501785887024,user8,-0.23823688317450054
2024-09-02,-0.24027481343756982,-0.5638464812060779,user8,-0.18641114820242347
2024-09-09,-0.18864568008603053,-0.5638464812060779,user8,-0.3953081279510883
2024-09-16,-0.39675020634095964,-0.5638464812060779,user8,-0.3735358761998781
2024-09-30,-0.3789337012083955,2.3502501785887024,user9,-0.4652903657228353
2024-10-07,-0.4664669655553413,-0.5638464812060779,user9,-0.338466999272036
2024-10-14,-0.340124705245723,-0.5638464812060779,user9,-0.5235311391573225
2024-10-21,-0.5244868018348655,-0.5638464812060779,user9,-0.5620213699317833
2024-10-28,-0.5628310194027754,2.3502501785887024,user9,-0.5513685181820841
2024-11-25,-0.5522185793890306,2.3502501785887024,user9,-0.40133437620365536
2024-12-02,-0.40275359393997584,2.3502501785887024,user9,-0.2409584146434018
2024-12-09,-0.2429860207403513,-0.5638464812060779,user9,-0.22999453072582812
2024-12-16,-0.23206372846343154,-0.5638464812060779,user9,-0.07922168734869763
2024-12-23,-0.08186284388933603,-0.5638464812060779,user9,-0.5551786622385458
2024-12-30,-0.5560142696129248,2.3502501785887024,user9,-0.5516017923079899
2025-01-06,-0.552450968586412,-0.5638464812060779,user9,-0.5620213699317833
2025-01-27,-0.5628310194027754,2.3502501785887024,user9,-0.4299882146690873
2025-02-17,-0.4312987336849754,-0.5638464812060779,user9,-0.25938707058996185
2025-02-24,-0.2613447673334718,2.3502501785887024,user9,-0.3185609405280724
2025-03-03,-0.3202941604025211,-0.5638464812060779,user9,-0.360861315358995
2025-03-10,-0.36243406819432517,-0.5638464812060779,user9,-0.3516081083647307
2025-03-17,-0.35321596336486805,-0.5638464812060779,user9,-0.268484761500289
2025-03-24,-0.27040794603134144,-0.5638464812060779,user9,-0.4627399019462649
2025-03-31,-0.463926176997306,2.3502501785887024,user9,-0.3624164761983672
2025-04-07,-0.3639833295102003,-0.5638464812060779,user9,-0.4116373167644959
2025-04-14,-0.4130174501576487,-0.5638464812060779,user9,-0.33209083983061016
2025-04-21,-0.33377273385063494,-0.5638464812060779,user9,-0.450671853832737
2025-04-28,-0.4519039091861149,2.3502501785887024,user9,-0.4435181139716251
2025-05-05,-0.4447773071330892,-0.5638464812060779,user9,-0.4815417964942743
2025-05-12,-0.48265674630623656,-0.5638464812060779,user9,-0.551990582517833
2025-05-26,-0.5528382839153807,2.3502501785887024,user9,-0.5620213699317833
2025-06-30,-0.5628310194027754,2.3502501785887024,user9,-0.5620213699317833
2025-07-28,-0.5628310194027754,2.3502501785887024,user9,-0.1351297195241266
2025-09-01,-0.13755878819504755,2.3502501785887024,user9,-0.3379226929782557
2025-09-08,-0.3395824637851667,-0.5638464812060779,user9,-0.3589951223517484
2025-09-15,-0.36057495461527495,-0.5638464812060779,user9,-0.48325247341758365
2025-09-22,-0.4843609337536992,-0.5638464812060779,user9,-0.48807347201963736
2025-09-29,-0.48916364383291216,2.3502501785887024,user9,-0.3334127265440765
2025-10-06,-0.3350896059691288,-0.5638464812060779,user9,-0.5072797083858834
2025-10-13,-0.5082970210839702,-0.5638464812060779,user9,-0.47594321747253454
2025-10-27,-0.477079405569086,2.3502501785887024,user9,-0.5495800832168061
2025-11-03,-0.5504369288757742,-0.5638464812060779,user9,-0.5620213699317833
2025-12-01,-0.5628310194027754,2.3502501785887024,user9,-0.5620213699317833
2025-12-29,-0.5628310194027754,2.3502501785887024,user9,-0.5620213699317833
2026-01-26,-0.5628310194027754,2.3502501785887024,user9,-0.49499393775484346
2026-02-16,-0.49605785668855656,-0.5638464812060779,user9,-0.5469363097898734
