user_id,date,y_true,y_pred,fold,model_name,abs_error,error
user11,2022-08-01,4865.0,1703.1320036062623,1,hgbr_cv_v2,3161.8679963937375,-3161.8679963937375
user11,2022-08-02,4715.0,8686.171868295281,1,hgbr_cv_v2,3971.1718682952815,3971.1718682952815
user11,2022-08-03,2156.0,1252.4228712614838,1,hgbr_cv_v2,903.5771287385162,-903.5771287385162
user11,2022-08-04,326.0,3511.9230249126776,1,hgbr_cv_v2,3185.9230249126776,3185.9230249126776
user11,2022-08-05,271.0,3103.2330562166126,1,hgbr_cv_v2,2832.2330562166126,2832.2330562166126
user11,2022-08-06,206.0,-565.1365410931301,1,hgbr_cv_v2,771.1365410931301,-771.1365410931301
user11,2022-08-07,206.0,-1329.0849631043916,1,hgbr_cv_v2,1535.0849631043916,-1535.0849631043916
user11,2022-08-08,135.0,-412.01919274584355,1,hgbr_cv_v2,547.0191927458436,-547.0191927458436
user11,2022-08-09,190.0,-1407.6784982030072,1,hgbr_cv_v2,1597.6784982030072,-1597.6784982030072
user11,2022-08-10,385.0,-668.8034989884989,1,hgbr_cv_v2,1053.8034989884989,-1053.8034989884989
user11,2022-08-11,350.0,782.0232317152916,1,hgbr_cv_v2,432.02323171529156,432.02323171529156
user11,2022-08-12,350.0,1695.101472185798,1,hgbr_cv_v2,1345.101472185798,1345.101472185798
user11,2022-08-13,350.0,1695.101472185798,1,hgbr_cv_v2,1345.101472185798,1345.101472185798
user11,2022-08-14,350.0,1695.101472185798,1,hgbr_cv_v2,1345.101472185798,1345.101472185798
user11,2022-08-15,460.0,1168.0538847407731,1,hgbr_cv_v2,708.0538847407731,708.0538847407731
user11,2022-08-16,450.0,1438.4284105382494,1,hgbr_cv_v2,988.4284105382494,988.4284105382494
user11,2022-08-17,300.0,1376.968890465216,1,hgbr_cv_v2,1076.968890465216,1076.968890465216
user11,2022-08-18,434.0,1417.6521812067413,1,hgbr_cv_v2,983.6521812067413,983.6521812067413
user11,2022-08-19,869.0,1417.6521812067413,1,hgbr_cv_v2,548.6521812067413,548.6521812067413
user11,2022-08-20,1049.0,1417.6521812067413,1,hgbr_cv_v2,368.65218120674126,368.65218120674126
user11,2022-08-21,1049.0,1417.6521812067413,1,hgbr_cv_v2,368.65218120674126,368.65218120674126
user11,2022-08-22,839.0,1208.6989668935462,1,hgbr_cv_v2,369.6989668935462,369.6989668935462
user11,2022-08-23,794.0,2175.346425395313,1,hgbr_cv_v2,1381.346425395313,1381.346425395313
user11,2022-08-24,749.0,1448.3783112790522,1,hgbr_cv_v2,699.3783112790522,699.3783112790522
user11,2022-08-25,615.0,1350.0624539096564,1,hgbr_cv_v2,735.0624539096564,735.0624539096564
user11,2022-08-26,555.0,1416.7524998974268,1,hgbr_cv_v2,861.7524998974268,861.7524998974268
user11,2022-08-27,375.0,2704.429517539811,1,hgbr_cv_v2,2329.429517539811,2329.429517539811
user11,2022-08-28,375.0,3509.54734078246,1,hgbr_cv_v2,3134.54734078246,3134.54734078246
user11,2022-08-29,815.0,3313.6938923295443,1,hgbr_cv_v2,2498.6938923295443,2498.6938923295443
user11,2022-08-30,815.0,3288.4238407012826,1,hgbr_cv_v2,2473.4238407012826,2473.4238407012826
user11,2022-08-31,815.0,3288.4238407012826,1,hgbr_cv_v2,2473.4238407012826,2473.4238407012826
user13,2024-10-01,1646.0,2736.1544829324616,1,hgbr_cv_v2,1090.1544829324616,1090.1544829324616
user13,2024-10-02,1815.0,2522.7041876066396,1,hgbr_cv_v2,707.7041876066396,707.7041876066396
user13,2024-10-03,1225.0,4956.268842736273,1,hgbr_cv_v2,3731.2688427362727,3731.2688427362727
user13,2024-10-04,1382.0,3286.508174986215,1,hgbr_cv_v2,1904.5081749862152,1904.5081749862152
user13,2024-10-05,1382.0,2771.055391626868,1,hgbr_cv_v2,1389.0553916268682,1389.0553916268682
user13,2024-10-06,1673.0,2479.459459724935,1,hgbr_cv_v2,806.4594597249352,806.4594597249352
user13,2024-10-07,1490.0,1542.7472262706192,1,hgbr_cv_v2,52.747226270619194,52.747226270619194
user13,2024-10-08,1440.0,1835.346835814368,1,hgbr_cv_v2,395.346835814368,395.346835814368
user13,2024-10-09,1626.0,700.4589871118792,1,hgbr_cv_v2,925.5410128881208,-925.5410128881208
user13,2024-10-10,1475.0,1528.557262002213,1,hgbr_cv_v2,53.557262002213065,53.557262002213065
user13,2024-10-11,1916.0,691.2327502782081,1,hgbr_cv_v2,1224.7672497217918,-1224.7672497217918
user13,2024-10-12,1916.0,2485.7301937535753,1,hgbr_cv_v2,569.7301937535753,569.7301937535753
user13,2024-10-13,1625.0,2732.7745645642076,1,hgbr_cv_v2,1107.7745645642076,1107.7745645642076
user13,2024-10-14,1335.0,3130.70427451546,1,hgbr_cv_v2,1795.70427451546,1795.70427451546
user13,2024-10-15,1408.0,2399.6334150712755,1,hgbr_cv_v2,991.6334150712755,991.6334150712755
user13,2024-10-16,1565.0,1636.9270794594765,1,hgbr_cv_v2,71.92707945947654,71.92707945947654
user13,2024-10-17,1886.0,586.4990756512359,1,hgbr_cv_v2,1299.500924348764,-1299.500924348764
user13,2024-10-18,1273.0,1669.6088657805635,1,hgbr_cv_v2,396.6088657805635,396.6088657805635
user13,2024-10-19,1273.0,2726.600870738223,1,hgbr_cv_v2,1453.600870738223,1453.600870738223
user13,2024-10-20,1620.0,1956.54161521579,1,hgbr_cv_v2,336.54161521579,336.54161521579
user13,2024-10-21,1950.0,3409.0509823338875,1,hgbr_cv_v2,1459.0509823338875,1459.0509823338875
user13,2024-10-22,2015.0,3477.047876110035,1,hgbr_cv_v2,1462.0478761100348,1462.0478761100348
user13,2024-10-23,1503.0,3462.586889371597,1,hgbr_cv_v2,1959.586889371597,1959.586889371597
user13,2024-10-24,1097.0,3330.4742636833657,1,hgbr_cv_v2,2233.4742636833657,2233.4742636833657
user13,2024-10-25,1321.0,2669.4479423734024,1,hgbr_cv_v2,1348.4479423734024,1348.4479423734024
user13,2024-10-26,1661.0,3091.0154534582075,1,hgbr_cv_v2,1430.0154534582075,1430.0154534582075
user13,2024-10-27,3274.0,3516.954508020516,1,hgbr_cv_v2,242.9545080205162,242.9545080205162
user13,2024-10-28,3199.0,3710.031135152221,1,hgbr_cv_v2,511.03113515222094,511.03113515222094
user13,2024-10-29,2984.0,2965.824467132332,1,hgbr_cv_v2,18.175532867668153,-18.175532867668153
user13,2024-10-30,2984.0,2870.49588925129,1,hgbr_cv_v2,113.50411074870999,-113.50411074870999
user13,2024-10-31,3390.0,3521.252265796163,1,hgbr_cv_v2,131.2522657961631,131.2522657961631
user14,2025-04-01,10051.0,18230.544097542235,1,hgbr_cv_v2,8179.544097542235,8179.544097542235
user14,2025-04-02,9384.0,11387.70275274485,1,hgbr_cv_v2,2003.70275274485,2003.70275274485
user14,2025-04-03,8699.0,13144.529896131364,1,hgbr_cv_v2,4445.529896131364,4445.529896131364
user14,2025-04-04,7287.0,11677.988613781985,1,hgbr_cv_v2,4390.988613781985,4390.988613781985
user14,2025-04-05,3828.0,23977.79679491112,1,hgbr_cv_v2,20149.79679491112,20149.79679491112
user14,2025-04-06,3950.0,37548.34130150092,1,hgbr_cv_v2,33598.34130150092,33598.34130150092
user14,2025-04-07,3402.0,17823.074837356085,1,hgbr_cv_v2,14421.074837356085,14421.074837356085
user14,2025-04-08,4588.0,33827.172755463434,1,hgbr_cv_v2,29239.172755463434,29239.172755463434
user14,2025-04-09,4422.0,3314.4637897955317,1,hgbr_cv_v2,1107.5362102044683,-1107.5362102044683
user14,2025-04-10,4619.0,8131.8987794083005,1,hgbr_cv_v2,3512.8987794083005,3512.8987794083005
user14,2025-04-11,3973.0,1693.523544316019,1,hgbr_cv_v2,2279.476455683981,-2279.476455683981
user14,2025-04-12,3862.0,17379.78222005465,1,hgbr_cv_v2,13517.78222005465,13517.78222005465
user14,2025-04-13,3662.0,16621.336086225758,1,hgbr_cv_v2,12959.336086225758,12959.336086225758
user14,2025-04-14,3417.0,8924.325355278412,1,hgbr_cv_v2,5507.325355278412,5507.325355278412
user14,2025-04-15,2330.0,15449.623534974968,1,hgbr_cv_v2,13119.623534974968,13119.623534974968
user14,2025-04-16,2978.0,44653.79518865498,1,hgbr_cv_v2,41675.79518865498,41675.79518865498
user14,2025-04-17,2862.0,36320.93978167811,1,hgbr_cv_v2,33458.93978167811,33458.93978167811
user14,2025-04-18,2781.0,5721.133748084931,1,hgbr_cv_v2,2940.1337480849306,2940.1337480849306
user14,2025-04-19,2915.0,5449.712166593476,1,hgbr_cv_v2,2534.7121665934756,2534.7121665934756
user14,2025-04-20,2915.0,8673.687258780488,1,hgbr_cv_v2,5758.687258780488,5758.687258780488
user14,2025-04-21,2635.0,8554.74558861518,1,hgbr_cv_v2,5919.74558861518,5919.74558861518
user14,2025-04-22,3547.0,2230.28945919796,1,hgbr_cv_v2,1316.7105408020402,-1316.7105408020402
user14,2025-04-23,2675.0,2956.063499406915,1,hgbr_cv_v2,281.06349940691507,281.06349940691507
user14,2025-04-24,4083.0,943.6518722813504,1,hgbr_cv_v2,3139.3481277186497,-3139.3481277186497
user14,2025-04-25,4130.0,7053.250367567308,1,hgbr_cv_v2,2923.250367567308,2923.250367567308
user14,2025-04-26,4165.0,8252.429412914082,1,hgbr_cv_v2,4087.4294129140817,4087.4294129140817
user14,2025-04-27,4165.0,10722.075477150514,1,hgbr_cv_v2,6557.075477150514,6557.075477150514
user14,2025-04-28,4998.0,6137.8983111421785,1,hgbr_cv_v2,1139.8983111421785,1139.8983111421785
user14,2025-04-29,4073.0,5681.538819787975,1,hgbr_cv_v2,1608.5388197879747,1608.5388197879747
user14,2025-04-30,5046.0,6749.777241986218,1,hgbr_cv_v2,1703.7772419862176,1703.7772419862176
user14,2025-05-01,3845.0,426.258127318851,1,hgbr_cv_v2,3418.741872681149,-3418.741872681149
user14,2025-05-02,4477.0,2381.286367235206,1,hgbr_cv_v2,2095.713632764794,-2095.713632764794
user14,2025-05-03,4158.0,5071.238575445622,1,hgbr_cv_v2,913.2385754456218,913.2385754456218
user14,2025-05-04,4957.0,6736.828542478144,1,hgbr_cv_v2,1779.8285424781443,1779.8285424781443
user14,2025-05-05,4581.0,6908.302866890604,1,hgbr_cv_v2,2327.3028668906036,2327.3028668906036
user14,2025-05-06,4743.0,7678.459551233581,1,hgbr_cv_v2,2935.459551233581,2935.459551233581
user14,2025-05-07,5501.0,3981.6505286745983,1,hgbr_cv_v2,1519.3494713254017,-1519.3494713254017
user14,2025-05-08,5441.0,6898.124229805001,1,hgbr_cv_v2,1457.124229805001,1457.124229805001
user14,2025-05-09,5528.0,4680.335148981528,1,hgbr_cv_v2,847.6648510184723,-847.6648510184723
user14,2025-05-10,5907.0,6544.875807592587,1,hgbr_cv_v2,637.8758075925871,637.8758075925871
user14,2025-05-11,7049.0,5401.6786229245845,1,hgbr_cv_v2,1647.3213770754155,-1647.3213770754155
user14,2025-05-12,6528.0,8696.638607368734,1,hgbr_cv_v2,2168.6386073687336,2168.6386073687336
user14,2025-05-13,7327.0,6702.734407362426,1,hgbr_cv_v2,624.2655926375737,-624.2655926375737
user14,2025-05-14,5307.0,6183.551069258731,1,hgbr_cv_v2,876.5510692587313,876.5510692587313
user14,2025-05-15,6844.0,302.8621731105171,1,hgbr_cv_v2,6541.137826889483,-6541.137826889483
user14,2025-05-16,6323.0,2685.366553839214,1,hgbr_cv_v2,3637.633446160786,-3637.633446160786
user14,2025-05-17,6012.0,2550.4475460909966,1,hgbr_cv_v2,3461.5524539090034,-3461.5524539090034
user14,2025-05-18,4329.0,3158.0519186623824,1,hgbr_cv_v2,1170.9480813376176,-1170.9480813376176
user14,2025-05-19,5048.0,5909.938572523658,1,hgbr_cv_v2,861.938572523658,861.938572523658
user14,2025-05-20,5627.0,7904.653608616626,1,hgbr_cv_v2,2277.653608616626,2277.653608616626
user14,2025-05-21,5824.0,4199.708887194412,1,hgbr_cv_v2,1624.2911128055885,-1624.2911128055885
user14,2025-05-22,4652.0,10044.918641815955,1,hgbr_cv_v2,5392.918641815955,5392.918641815955
user14,2025-05-23,6226.0,5626.184230481125,1,hgbr_cv_v2,599.8157695188747,-599.8157695188747
user14,2025-05-24,6485.0,9041.577293452874,1,hgbr_cv_v2,2556.577293452874,2556.577293452874
user14,2025-05-25,6679.0,25339.089170674433,1,hgbr_cv_v2,18660.089170674433,18660.089170674433
user14,2025-05-26,5931.0,7052.874280704351,1,hgbr_cv_v2,1121.874280704351,1121.874280704351
user14,2025-05-27,5147.0,8975.768219235468,1,hgbr_cv_v2,3828.7682192354678,3828.7682192354678
user14,2025-05-28,4657.0,13497.613918945666,1,hgbr_cv_v2,8840.613918945666,8840.613918945666
user14,2025-05-29,5266.0,22427.66314351685,1,hgbr_cv_v2,17161.66314351685,17161.66314351685
user14,2025-05-30,3164.0,4597.333325200406,1,hgbr_cv_v2,1433.3333252004059,1433.3333252004059
user14,2025-05-31,6570.0,7363.5472147278315,1,hgbr_cv_v2,793.5472147278315,793.5472147278315
user15,2024-05-01,1447.0,4916.203306647334,1,hgbr_cv_v2,3469.203306647334,3469.203306647334
user15,2024-05-02,1447.0,-386.48850908621085,1,hgbr_cv_v2,1833.4885090862108,-1833.4885090862108
user15,2024-05-03,1433.0,-2498.408192533351,1,hgbr_cv_v2,3931.408192533351,-3931.408192533351
user15,2024-05-04,1380.0,1291.8611920527749,1,hgbr_cv_v2,88.13880794722513,-88.13880794722513
user15,2024-05-05,1232.0,2480.7081621656016,1,hgbr_cv_v2,1248.7081621656016,1248.7081621656016
user15,2024-05-06,1350.0,2932.3062716364875,1,hgbr_cv_v2,1582.3062716364875,1582.3062716364875
user15,2024-05-07,1565.0,2207.9796278041085,1,hgbr_cv_v2,642.9796278041085,642.9796278041085
user15,2024-05-08,1911.0,2479.1763260252005,1,hgbr_cv_v2,568.1763260252005,568.1763260252005
user15,2024-05-09,1624.0,2788.1699594792153,1,hgbr_cv_v2,1164.1699594792153,1164.1699594792153
user15,2024-05-10,2342.0,130.03811777755232,1,hgbr_cv_v2,2211.9618822224475,-2211.9618822224475
user15,2024-05-11,2293.0,2145.9943855470756,1,hgbr_cv_v2,147.00561445292442,-147.00561445292442
user15,2024-05-12,2226.0,3053.4367395041663,1,hgbr_cv_v2,827.4367395041663,827.4367395041663
user15,2024-05-13,2216.0,2485.5539351412804,1,hgbr_cv_v2,269.55393514128036,269.55393514128036
user15,2024-05-14,2100.0,47.10152730128152,1,hgbr_cv_v2,2052.8984726987183,-2052.8984726987183
user15,2024-05-15,1833.0,2036.9907600865724,1,hgbr_cv_v2,203.99076008657244,203.99076008657244
user15,2024-05-16,1742.0,1503.8312107678214,1,hgbr_cv_v2,238.1687892321786,-238.1687892321786
user15,2024-05-17,1202.0,941.2786241373018,1,hgbr_cv_v2,260.7213758626982,-260.7213758626982
user15,2024-05-18,1330.0,2531.9162234502805,1,hgbr_cv_v2,1201.9162234502805,1201.9162234502805
user15,2024-05-19,1540.0,2338.34557152681,1,hgbr_cv_v2,798.3455715268101,798.3455715268101
user15,2024-05-20,1525.0,2652.740694515582,1,hgbr_cv_v2,1127.7406945155822,1127.7406945155822
user15,2024-05-21,1613.0,1032.8681865045594,1,hgbr_cv_v2,580.1318134954406,-580.1318134954406
user15,2024-05-22,1726.0,1969.1554480478499,1,hgbr_cv_v2,243.15544804784986,243.15544804784986
user15,2024-05-23,1770.0,1768.0898919369833,1,hgbr_cv_v2,1.9101080630166507,-1.9101080630166507
user15,2024-05-24,2009.0,920.8908221903592,1,hgbr_cv_v2,1088.1091778096406,-1088.1091778096406
user15,2024-05-25,2132.0,264.0323793293044,1,hgbr_cv_v2,1867.9676206706956,-1867.9676206706956
user15,2024-05-26,2181.0,1479.881128103047,1,hgbr_cv_v2,701.1188718969529,-701.1188718969529
user15,2024-05-27,2186.0,1634.7534056710563,1,hgbr_cv_v2,551.2465943289437,-551.2465943289437
user15,2024-05-28,2192.0,1491.8792174763778,1,hgbr_cv_v2,700.1207825236222,-700.1207825236222
user15,2024-05-29,2097.0,1593.5901116473347,1,hgbr_cv_v2,503.40988835266535,-503.40988835266535
user15,2024-05-30,2167.0,2184.713714513718,1,hgbr_cv_v2,17.71371451371806,17.71371451371806
user15,2024-05-31,1761.0,1424.5652497657738,1,hgbr_cv_v2,336.43475023422616,-336.43475023422616
user2,2024-09-01,210.0,1095.3690531928687,1,hgbr_cv_v2,885.3690531928687,885.3690531928687
user2,2024-09-02,1064.0,1954.0896131677573,1,hgbr_cv_v2,890.0896131677573,890.0896131677573
user2,2024-09-03,2008.0,2104.4223239065936,1,hgbr_cv_v2,96.42232390659365,96.42232390659365
user2,2024-09-04,2890.0,2104.4223239065936,1,hgbr_cv_v2,785.5776760934064,-785.5776760934064
user2,2024-09-05,3203.0,2104.4223239065936,1,hgbr_cv_v2,1098.5776760934064,-1098.5776760934064
user2,2024-09-06,3667.0,1019.0238419694343,1,hgbr_cv_v2,2647.976158030566,-2647.976158030566
user2,2024-09-07,3667.0,454.19070659273405,1,hgbr_cv_v2,3212.809293407266,-3212.809293407266
user2,2024-09-08,3667.0,454.19070659273405,1,hgbr_cv_v2,3212.809293407266,-3212.809293407266
user2,2024-09-09,2947.0,309.07272460336674,1,hgbr_cv_v2,2637.9272753966334,-2637.9272753966334
user2,2024-09-10,2071.0,835.0863940565528,1,hgbr_cv_v2,1235.9136059434472,-1235.9136059434472
user2,2024-09-11,4618.0,1279.2578743845438,1,hgbr_cv_v2,3338.742125615456,-3338.742125615456
user2,2024-09-12,4504.0,529.4941140730242,1,hgbr_cv_v2,3974.5058859269757,-3974.5058859269757
user2,2024-09-13,3915.0,843.3426989879514,1,hgbr_cv_v2,3071.6573010120487,-3071.6573010120487
user2,2024-09-14,3915.0,169.62256226518295,1,hgbr_cv_v2,3745.3774377348172,-3745.3774377348172
user2,2024-09-15,3915.0,169.62256226518295,1,hgbr_cv_v2,3745.3774377348172,-3745.3774377348172
user2,2024-09-16,3971.0,430.9740392601535,1,hgbr_cv_v2,3540.0259607398466,-3540.0259607398466
user2,2024-09-17,4139.0,1536.7706585864833,1,hgbr_cv_v2,2602.2293414135165,-2602.2293414135165
user2,2024-09-18,965.0,571.8820484403661,1,hgbr_cv_v2,393.11795155963387,-393.11795155963387
user2,2024-09-19,1034.0,-196.62386666016434,1,hgbr_cv_v2,1230.6238666601644,-1230.6238666601644
user2,2024-09-20,1049.0,79.74670885530561,1,hgbr_cv_v2,969.2532911446943,-969.2532911446943
user2,2024-09-21,1399.0,1578.4792259177252,1,hgbr_cv_v2,179.47922591772522,179.47922591772522
user2,2024-09-22,1399.0,917.9664077692338,1,hgbr_cv_v2,481.0335922307662,-481.0335922307662
user2,2024-09-23,1250.0,1237.1645965034459,1,hgbr_cv_v2,12.835403496554136,-12.835403496554136
user2,2024-09-24,1879.0,1827.9176554166854,1,hgbr_cv_v2,51.08234458331458,-51.08234458331458
user2,2024-09-25,1784.0,2182.4512150571104,1,hgbr_cv_v2,398.4512150571104,398.4512150571104
user2,2024-09-26,1652.0,2218.4043657963152,1,hgbr_cv_v2,566.4043657963152,566.4043657963152
user2,2024-09-27,1720.0,1923.0056081520363,1,hgbr_cv_v2,203.0056081520363,203.0056081520363
user2,2024-09-28,1370.0,2569.6950740091806,1,hgbr_cv_v2,1199.6950740091806,1199.6950740091806
user2,2024-09-29,1545.0,2194.6122798036663,1,hgbr_cv_v2,649.6122798036663,649.6122798036663
user2,2024-09-30,1784.0,1884.6485094555685,1,hgbr_cv_v2,100.6485094555685,100.6485094555685
user8,2024-02-01,3964.0,9614.29474860858,1,hgbr_cv_v2,5650.2947486085795,5650.2947486085795
user8,2024-02-02,2777.0,1045.0937313449567,1,hgbr_cv_v2,1731.9062686550433,-1731.9062686550433
user8,2024-02-03,2887.0,1825.673064912394,1,hgbr_cv_v2,1061.326935087606,-1061.326935087606
user8,2024-02-04,2822.0,1810.1857756421982,1,hgbr_cv_v2,1011.8142243578018,-1011.8142243578018
user8,2024-02-05,2183.0,258.7600676120931,1,hgbr_cv_v2,1924.239932387907,-1924.239932387907
user8,2024-02-06,1580.0,479.40960107166893,1,hgbr_cv_v2,1100.590398928331,-1100.590398928331
user8,2024-02-07,650.0,-848.0672062525897,1,hgbr_cv_v2,1498.0672062525896,-1498.0672062525896
user8,2024-02-08,475.0,891.9534566831278,1,hgbr_cv_v2,416.9534566831278,416.9534566831278
user8,2024-02-09,623.0,1180.4898243639736,1,hgbr_cv_v2,557.4898243639736,557.4898243639736
user8,2024-02-10,973.0,280.64139587307324,1,hgbr_cv_v2,692.3586041269268,-692.3586041269268
user8,2024-02-11,1164.0,738.5006868756149,1,hgbr_cv_v2,425.49931312438514,-425.49931312438514
user8,2024-02-12,1421.0,396.1406189729333,1,hgbr_cv_v2,1024.8593810270668,-1024.8593810270668
user8,2024-02-13,1722.0,1826.441327359939,1,hgbr_cv_v2,104.4413273599389,104.4413273599389
user8,2024-02-14,2417.0,2560.473238292815,1,hgbr_cv_v2,143.47323829281504,143.47323829281504
user8,2024-02-15,2482.0,3430.892765525789,1,hgbr_cv_v2,948.892765525789,948.892765525789
user8,2024-02-16,2554.0,2682.254455084849,1,hgbr_cv_v2,128.25445508484881,128.25445508484881
user8,2024-02-17,2294.0,2691.8753209208926,1,hgbr_cv_v2,397.8753209208926,397.8753209208926
user8,2024-02-18,2178.0,2996.9062443607218,1,hgbr_cv_v2,818.9062443607218,818.9062443607218
user8,2024-02-19,2622.0,3281.407798057826,1,hgbr_cv_v2,659.4077980578259,659.4077980578259
user8,2024-02-20,3050.0,2895.365413753792,1,hgbr_cv_v2,154.63458624620807,-154.63458624620807
user8,2024-02-21,2328.0,1205.7420189353604,1,hgbr_cv_v2,1122.2579810646396,-1122.2579810646396
user8,2024-02-22,2465.0,1264.5946976706425,1,hgbr_cv_v2,1200.4053023293575,-1200.4053023293575
user8,2024-02-23,2245.0,1106.900791484549,1,hgbr_cv_v2,1138.099208515451,-1138.099208515451
user8,2024-02-24,2045.0,1667.0179908639132,1,hgbr_cv_v2,377.98200913608684,-377.98200913608684
user8,2024-02-25,1890.0,1672.455345489441,1,hgbr_cv_v2,217.54465451055898,-217.54465451055898
user8,2024-02-26,1569.0,1358.198578305443,1,hgbr_cv_v2,210.8014216945569,-210.8014216945569
user8,2024-02-27,940.0,745.9659147814239,1,hgbr_cv_v2,194.03408521857614,-194.03408521857614
user8,2024-02-28,1056.0,1714.1012967831705,1,hgbr_cv_v2,658.1012967831705,658.1012967831705
user8,2024-02-29,829.0,1359.1201289110381,1,hgbr_cv_v2,530.1201289110381,530.1201289110381
user10,2021-11-01,921.0,1223.285871884234,2,hgbr_cv_v2,302.285871884234,302.285871884234
user10,2021-11-02,946.0,1595.5671496299253,2,hgbr_cv_v2,649.5671496299253,649.5671496299253
user10,2021-11-03,1486.0,1254.7474760609555,2,hgbr_cv_v2,231.25252393904452,-231.25252393904452
user10,2021-11-04,1571.0,1233.4080519345055,2,hgbr_cv_v2,337.59194806549453,-337.59194806549453
user10,2021-11-05,1519.0,1604.268270628247,2,hgbr_cv_v2,85.26827062824691,85.26827062824691
user10,2021-11-06,2104.0,1742.385023565601,2,hgbr_cv_v2,361.61497643439907,-361.61497643439907
user10,2021-11-07,2274.0,1833.636031631931,2,hgbr_cv_v2,440.363968368069,-440.363968368069
user10,2021-11-08,2181.0,1327.1337504990715,2,hgbr_cv_v2,853.8662495009285,-853.8662495009285
user10,2021-11-09,2201.0,1464.9241360121616,2,hgbr_cv_v2,736.0758639878384,-736.0758639878384
user10,2021-11-10,1741.0,870.9312315852025,2,hgbr_cv_v2,870.0687684147975,-870.0687684147975
user10,2021-11-11,1780.0,2330.424348172477,2,hgbr_cv_v2,550.424348172477,550.424348172477
user10,2021-11-12,1732.0,3151.533392335632,2,hgbr_cv_v2,1419.533392335632,1419.533392335632
user10,2021-11-13,1147.0,2179.7311912652694,2,hgbr_cv_v2,1032.7311912652694,1032.7311912652694
user10,2021-11-14,977.0,2054.526956646069,2,hgbr_cv_v2,1077.5269566460688,1077.5269566460688
user10,2021-11-15,1022.0,1089.7499716445864,2,hgbr_cv_v2,67.74997164458637,67.74997164458637
user10,2021-11-16,910.0,2471.7725177951784,2,hgbr_cv_v2,1561.7725177951784,1561.7725177951784
user10,2021-11-17,2115.0,2306.3244693288016,2,hgbr_cv_v2,191.32446932880157,191.32446932880157
user10,2021-11-18,2032.0,2649.391315602072,2,hgbr_cv_v2,617.3913156020722,617.3913156020722
user10,2021-11-19,2027.0,2561.8344335956067,2,hgbr_cv_v2,534.8344335956067,534.8344335956067
user10,2021-11-20,2127.0,2680.1498837596528,2,hgbr_cv_v2,553.1498837596528,553.1498837596528
user10,2021-11-21,2177.0,2009.7499623882409,2,hgbr_cv_v2,167.25003761175913,-167.25003761175913
user10,2021-11-22,2146.0,1150.695184511958,2,hgbr_cv_v2,995.3048154880421,-995.3048154880421
user10,2021-11-23,2189.0,1258.7332947622513,2,hgbr_cv_v2,930.2667052377487,-930.2667052377487
user10,2021-11-24,1056.0,551.6622473469554,2,hgbr_cv_v2,504.3377526530446,-504.3377526530446
user10,2021-11-25,1081.0,1483.7907437563779,2,hgbr_cv_v2,402.7907437563779,402.7907437563779
user10,2021-11-26,1061.0,1601.292511321396,2,hgbr_cv_v2,540.292511321396,540.292511321396
user10,2021-11-27,1421.0,1497.8770511305231,2,hgbr_cv_v2,76.87705113052311,76.87705113052311
user10,2021-11-28,1621.0,1488.845394876974,2,hgbr_cv_v2,132.15460512302593,-132.15460512302593
user10,2021-11-29,1697.0,1257.5331145304046,2,hgbr_cv_v2,439.46688546959535,-439.46688546959535
user10,2021-11-30,1692.0,1399.8713135241549,2,hgbr_cv_v2,292.12868647584514,-292.12868647584514
user11,2022-09-01,815.0,-235.52651654466172,2,hgbr_cv_v2,1050.5265165446617,-1050.5265165446617
user11,2022-09-02,440.0,-60.45420473452568,2,hgbr_cv_v2,500.45420473452566,-500.45420473452566
user11,2022-09-03,440.0,916.2181296181307,2,hgbr_cv_v2,476.21812961813066,476.21812961813066
user11,2022-09-04,565.0,2487.02665338159,2,hgbr_cv_v2,1922.0266533815902,1922.0266533815902
user11,2022-09-05,340.0,2187.696198754494,2,hgbr_cv_v2,1847.6961987544942,1847.6961987544942
user11,2022-09-06,575.0,1152.717593225158,2,hgbr_cv_v2,577.717593225158,577.717593225158
user11,2022-09-07,995.0,1152.717593225158,2,hgbr_cv_v2,157.717593225158,157.717593225158
user11,2022-09-08,1195.0,2725.6279141696887,2,hgbr_cv_v2,1530.6279141696887,1530.6279141696887
user11,2022-09-09,1428.0,2725.6279141696887,2,hgbr_cv_v2,1297.6279141696887,1297.6279141696887
user11,2022-09-10,1758.0,2708.505966575095,2,hgbr_cv_v2,950.505966575095,950.505966575095
user11,2022-09-11,2303.0,2442.886598972961,2,hgbr_cv_v2,139.8865989729611,139.8865989729611
user11,2022-09-12,2181.0,2679.988299827668,2,hgbr_cv_v2,498.988299827668,498.988299827668
user11,2022-09-13,1996.0,509.9649171448275,2,hgbr_cv_v2,1486.0350828551725,-1486.0350828551725
user11,2022-09-14,1741.0,637.2168147319948,2,hgbr_cv_v2,1103.7831852680051,-1103.7831852680051
user11,2022-09-15,1611.0,552.9723636833103,2,hgbr_cv_v2,1058.0276363166897,-1058.0276363166897
user11,2022-09-16,1601.0,424.12598357053616,2,hgbr_cv_v2,1176.8740164294638,-1176.8740164294638
user11,2022-09-17,1863.0,972.6381448045111,2,hgbr_cv_v2,890.3618551954889,-890.3618551954889
user11,2022-09-18,1238.0,1964.525324917977,2,hgbr_cv_v2,726.5253249179771,726.5253249179771
user11,2022-09-19,1375.0,1427.4996067160614,2,hgbr_cv_v2,52.49960671606141,52.49960671606141
user11,2022-09-20,1625.0,1414.3245165147603,2,hgbr_cv_v2,210.67548348523974,-210.67548348523974
user11,2022-09-21,1680.0,1806.4973229615769,2,hgbr_cv_v2,126.49732296157686,126.49732296157686
user11,2022-09-22,1805.0,1270.2225194004236,2,hgbr_cv_v2,534.7774805995764,-534.7774805995764
user11,2022-09-23,1767.0,2259.839666689436,2,hgbr_cv_v2,492.83966668943594,492.83966668943594
user11,2022-09-24,1175.0,2517.337387935079,2,hgbr_cv_v2,1342.3373879350788,1342.3373879350788
user11,2022-09-25,1835.0,1641.8449812532972,2,hgbr_cv_v2,193.1550187467028,-193.1550187467028
user11,2022-09-26,1605.0,1887.618450011535,2,hgbr_cv_v2,282.61845001153506,282.61845001153506
user11,2022-09-27,1305.0,1855.6928621967875,2,hgbr_cv_v2,550.6928621967875,550.6928621967875
user11,2022-09-28,1085.0,2198.7240651215193,2,hgbr_cv_v2,1113.7240651215193,1113.7240651215193
user11,2022-09-29,890.0,1227.0477267245021,2,hgbr_cv_v2,337.0477267245021,337.0477267245021
user11,2022-09-30,705.0,236.7451766012115,2,hgbr_cv_v2,468.2548233987885,-468.2548233987885
user12,2023-09-01,0.0,1236.050923451902,2,hgbr_cv_v2,1236.050923451902,1236.050923451902
user12,2023-09-02,0.0,1236.050923451902,2,hgbr_cv_v2,1236.050923451902,1236.050923451902
user12,2023-09-03,0.0,1236.050923451902,2,hgbr_cv_v2,1236.050923451902,1236.050923451902
user12,2023-09-04,80.0,1236.050923451902,2,hgbr_cv_v2,1156.050923451902,1156.050923451902
user12,2023-09-05,308.0,1236.050923451902,2,hgbr_cv_v2,928.050923451902,928.050923451902
user12,2023-09-06,445.0,829.5004014508257,2,hgbr_cv_v2,384.50040145082573,384.50040145082573
user12,2023-09-07,821.0,2497.900376547905,2,hgbr_cv_v2,1676.9003765479051,1676.9003765479051
user12,2023-09-08,1661.0,2497.900376547905,2,hgbr_cv_v2,836.9003765479051,836.9003765479051
user12,2023-09-09,1836.0,2550.5495035960316,2,hgbr_cv_v2,714.5495035960316,714.5495035960316
user12,2023-09-10,3256.0,2550.5495035960316,2,hgbr_cv_v2,705.4504964039684,-705.4504964039684
user12,2023-09-11,3658.0,1655.456769984639,2,hgbr_cv_v2,2002.543230015361,-2002.543230015361
user12,2023-09-12,3674.0,2023.1266384103117,2,hgbr_cv_v2,1650.8733615896883,-1650.8733615896883
user12,2023-09-13,3537.0,2198.5821949490087,2,hgbr_cv_v2,1338.4178050509913,-1338.4178050509913
user12,2023-09-14,4110.0,3609.556640467346,2,hgbr_cv_v2,500.4433595326541,-500.4433595326541
user12,2023-09-15,3431.0,3163.3056699037834,2,hgbr_cv_v2,267.6943300962166,-267.6943300962166
user12,2023-09-16,4540.0,2263.535053373201,2,hgbr_cv_v2,2276.464946626799,-2276.464946626799
user12,2023-09-17,3309.0,4508.243555652978,2,hgbr_cv_v2,1199.243555652978,1199.243555652978
user12,2023-09-18,2967.0,1726.3579101088287,2,hgbr_cv_v2,1240.6420898911713,-1240.6420898911713
user12,2023-09-19,3352.0,1523.5751351662404,2,hgbr_cv_v2,1828.4248648337596,-1828.4248648337596
user12,2023-09-20,3534.0,905.2630933531278,2,hgbr_cv_v2,2628.7369066468723,-2628.7369066468723
user12,2023-09-21,2585.0,1618.108126157327,2,hgbr_cv_v2,966.891873842673,-966.891873842673
user12,2023-09-22,2474.0,806.4429606724714,2,hgbr_cv_v2,1667.5570393275286,-1667.5570393275286
user12,2023-09-23,1215.0,2139.865352624264,2,hgbr_cv_v2,924.8653526242638,924.8653526242638
user12,2023-09-24,1026.0,1000.2152347323206,2,hgbr_cv_v2,25.784765267679404,-25.784765267679404
user12,2023-09-25,1135.0,948.0804629588702,2,hgbr_cv_v2,186.91953704112984,-186.91953704112984
user12,2023-09-26,691.0,903.159228874581,2,hgbr_cv_v2,212.159228874581,212.159228874581
user12,2023-09-27,759.0,1131.1419863958674,2,hgbr_cv_v2,372.14198639586743,372.14198639586743
user12,2023-09-28,1124.0,1257.0288026628775,2,hgbr_cv_v2,133.02880266287752,133.02880266287752
user12,2023-09-29,1139.0,1489.9634845390538,2,hgbr_cv_v2,350.96348453905375,350.96348453905375
user12,2023-09-30,1384.0,1494.8902203352184,2,hgbr_cv_v2,110.89022033521837,110.89022033521837
user13,2024-11-01,3295.0,1127.3531417452837,2,hgbr_cv_v2,2167.6468582547163,-2167.6468582547163
user13,2024-11-02,3240.0,2955.2934200269956,2,hgbr_cv_v2,284.7065799730044,-284.7065799730044
user13,2024-11-03,1312.0,-285.7124063139868,2,hgbr_cv_v2,1597.7124063139868,-1597.7124063139868
user13,2024-11-04,1147.0,1462.8797549884976,2,hgbr_cv_v2,315.87975498849755,315.87975498849755
user13,2024-11-05,1222.0,1398.8457048179441,2,hgbr_cv_v2,176.84570481794412,176.84570481794412
user13,2024-11-06,1297.0,1659.3132834355974,2,hgbr_cv_v2,362.31328343559744,362.31328343559744
user13,2024-11-07,1119.0,582.0380380472958,2,hgbr_cv_v2,536.9619619527042,-536.9619619527042
user13,2024-11-08,1643.0,1171.5986774920202,2,hgbr_cv_v2,471.4013225079798,-471.4013225079798
user13,2024-11-09,1358.0,1379.1589381879107,2,hgbr_cv_v2,21.158938187910735,21.158938187910735
user13,2024-11-10,1541.0,1271.5083962450628,2,hgbr_cv_v2,269.49160375493716,-269.49160375493716
user13,2024-11-11,1701.0,1928.8751838037326,2,hgbr_cv_v2,227.87518380373263,227.87518380373263
user13,2024-11-12,1796.0,2057.4134429714686,2,hgbr_cv_v2,261.4134429714686,261.4134429714686
user13,2024-11-13,2039.0,1392.3524505169457,2,hgbr_cv_v2,646.6475494830543,-646.6475494830543
user13,2024-11-14,1978.0,1585.8220558384726,2,hgbr_cv_v2,392.1779441615274,-392.1779441615274
user13,2024-11-15,1491.0,1745.0305225159054,2,hgbr_cv_v2,254.03052251590543,254.03052251590543
user13,2024-11-16,1491.0,2113.379836291334,2,hgbr_cv_v2,622.379836291334,622.379836291334
user13,2024-11-17,1276.0,2106.4071909119552,2,hgbr_cv_v2,830.4071909119552,830.4071909119552
user13,2024-11-18,1131.0,1797.9429155458306,2,hgbr_cv_v2,666.9429155458306,666.9429155458306
user13,2024-11-19,1148.0,1850.7120365021894,2,hgbr_cv_v2,702.7120365021894,702.7120365021894
user13,2024-11-20,1090.0,1691.1824165814082,2,hgbr_cv_v2,601.1824165814082,601.1824165814082
user13,2024-11-21,984.0,1126.144909977362,2,hgbr_cv_v2,142.14490997736198,142.14490997736198
user13,2024-11-22,1028.0,1253.628067230268,2,hgbr_cv_v2,225.62806723026802,225.62806723026802
user13,2024-11-23,1213.0,1940.849528263948,2,hgbr_cv_v2,727.8495282639481,727.8495282639481
user13,2024-11-24,1213.0,1966.4954568571238,2,hgbr_cv_v2,753.4954568571238,753.4954568571238
user13,2024-11-25,1273.0,1631.594934209459,2,hgbr_cv_v2,358.5949342094591,358.5949342094591
user13,2024-11-26,1126.0,1941.6227491241107,2,hgbr_cv_v2,815.6227491241107,815.6227491241107
user13,2024-11-27,1066.0,1705.5711203966403,2,hgbr_cv_v2,639.5711203966403,639.5711203966403
user13,2024-11-28,1166.0,1525.9425408645445,2,hgbr_cv_v2,359.9425408645445,359.9425408645445
user13,2024-11-29,1362.0,1642.034036768262,2,hgbr_cv_v2,280.034036768262,280.034036768262
user13,2024-11-30,1177.0,1554.3251639230066,2,hgbr_cv_v2,377.3251639230066,377.3251639230066
user14,2025-06-01,7352.0,5938.909101737509,2,hgbr_cv_v2,1413.0908982624906,-1413.0908982624906
user14,2025-06-02,8373.0,586.0574078979922,2,hgbr_cv_v2,7786.942592102007,-7786.942592102007
user14,2025-06-03,7641.0,13347.105898189347,2,hgbr_cv_v2,5706.1058981893475,5706.1058981893475
user14,2025-06-04,8970.0,1816.5655101641294,2,hgbr_cv_v2,7153.43448983587,-7153.43448983587
user14,2025-06-05,7768.0,3613.409982108503,2,hgbr_cv_v2,4154.590017891497,-4154.590017891497
user14,2025-06-06,8162.0,1793.7256435646498,2,hgbr_cv_v2,6368.2743564353505,-6368.2743564353505
user14,2025-06-07,4568.0,9208.91643350865,2,hgbr_cv_v2,4640.91643350865,4640.91643350865
user14,2025-06-08,3849.0,12512.8279141008,2,hgbr_cv_v2,8663.8279141008,8663.8279141008
user14,2025-06-09,9621.0,16649.164095321274,2,hgbr_cv_v2,7028.164095321274,7028.164095321274
user14,2025-06-10,9422.0,5051.879928951618,2,hgbr_cv_v2,4370.120071048382,-4370.120071048382
user14,2025-06-11,8083.0,13088.642891568039,2,hgbr_cv_v2,5005.642891568039,5005.642891568039
user14,2025-06-12,51083.0,10555.722526522095,2,hgbr_cv_v2,40527.27747347791,-40527.27747347791
user14,2025-06-13,61234.0,21390.05314724629,2,hgbr_cv_v2,39843.94685275371,-39843.94685275371
user14,2025-06-14,61095.0,3479.9016152743584,2,hgbr_cv_v2,57615.09838472564,-57615.09838472564
user14,2025-06-15,60580.0,3746.3891607580886,2,hgbr_cv_v2,56833.61083924191,-56833.61083924191
user14,2025-06-16,54379.0,-1210.9773968848408,2,hgbr_cv_v2,55589.97739688484,-55589.97739688484
user14,2025-06-17,54379.0,5218.20428796842,2,hgbr_cv_v2,49160.79571203158,-49160.79571203158
user14,2025-06-18,61515.0,4567.055020608272,2,hgbr_cv_v2,56947.94497939173,-56947.94497939173
user14,2025-06-19,39090.0,58304.87546860013,2,hgbr_cv_v2,19214.875468600127,19214.875468600127
user14,2025-06-20,29286.0,-9023.826059226014,2,hgbr_cv_v2,38309.82605922601,-38309.82605922601
user14,2025-06-21,30842.0,-2420.9987290579184,2,hgbr_cv_v2,33262.998729057916,-33262.998729057916
user14,2025-06-22,30871.0,1864.807764729367,2,hgbr_cv_v2,29006.19223527063,-29006.19223527063
user14,2025-06-23,30236.0,-2468.443384036123,2,hgbr_cv_v2,32704.443384036123,-32704.443384036123
user14,2025-06-24,31206.0,1604.147762131169,2,hgbr_cv_v2,29601.852237868832,-29601.852237868832
user14,2025-06-25,25071.0,-24114.04835564547,2,hgbr_cv_v2,49185.04835564547,-49185.04835564547
user14,2025-06-26,5836.0,-29601.432992563517,2,hgbr_cv_v2,35437.43299256352,-35437.43299256352
user14,2025-06-27,5959.0,-9628.515289799325,2,hgbr_cv_v2,15587.515289799325,-15587.515289799325
user14,2025-06-28,4403.0,-18149.18008025717,2,hgbr_cv_v2,22552.18008025717,-22552.18008025717
user14,2025-06-29,4403.0,-7112.854515196991,2,hgbr_cv_v2,11515.854515196992,-11515.854515196992
user14,2025-06-30,4695.0,-7320.410784449396,2,hgbr_cv_v2,12015.410784449396,-12015.410784449396
user14,2025-07-01,6105.0,-9396.036336309131,2,hgbr_cv_v2,15501.036336309131,-15501.036336309131
user14,2025-07-02,6490.0,-11192.73711217111,2,hgbr_cv_v2,17682.73711217111,-17682.73711217111
user14,2025-07-03,5512.0,-13759.709298542157,2,hgbr_cv_v2,19271.709298542155,-19271.709298542155
user14,2025-07-04,5797.0,3733.2900673149506,2,hgbr_cv_v2,2063.7099326850494,-2063.7099326850494
user14,2025-07-05,6213.0,2920.397298745249,2,hgbr_cv_v2,3292.602701254751,-3292.602701254751
user14,2025-07-06,6184.0,291.0297187571853,2,hgbr_cv_v2,5892.970281242815,-5892.970281242815
user14,2025-07-07,8281.0,2832.332603034654,2,hgbr_cv_v2,5448.667396965346,-5448.667396965346
user14,2025-07-08,16783.0,-76.13389024374172,2,hgbr_cv_v2,16859.133890243742,-16859.133890243742
user14,2025-07-09,18103.0,8148.607564725277,2,hgbr_cv_v2,9954.392435274724,-9954.392435274724
user14,2025-07-10,19670.0,4161.5155533192155,2,hgbr_cv_v2,15508.484446680784,-15508.484446680784
user14,2025-07-11,21571.0,-4071.5785255200403,2,hgbr_cv_v2,25642.57852552004,-25642.57852552004
user14,2025-07-12,22857.0,5207.966953456895,2,hgbr_cv_v2,17649.033046543103,-17649.033046543103
user14,2025-07-13,22957.0,608.8703038074215,2,hgbr_cv_v2,22348.12969619258,-22348.12969619258
user14,2025-07-14,22542.0,6312.694864156162,2,hgbr_cv_v2,16229.305135843839,-16229.305135843839
user14,2025-07-15,11876.0,-15044.491532191196,2,hgbr_cv_v2,26920.491532191198,-26920.491532191198
user14,2025-07-16,9170.0,-16552.047481762944,2,hgbr_cv_v2,25722.047481762944,-25722.047481762944
user14,2025-07-17,7551.0,-10753.521026113176,2,hgbr_cv_v2,18304.521026113176,-18304.521026113176
user14,2025-07-18,9271.0,-29009.940383800706,2,hgbr_cv_v2,38280.940383800706,-38280.940383800706
user14,2025-07-19,10772.0,-16605.5308695179,2,hgbr_cv_v2,27377.5308695179,-27377.5308695179
user14,2025-07-20,10724.0,-9964.270237532113,2,hgbr_cv_v2,20688.270237532113,-20688.270237532113
user14,2025-07-21,8731.0,-4866.347648327841,2,hgbr_cv_v2,13597.347648327841,-13597.347648327841
user14,2025-07-22,9042.0,-2112.0103747696726,2,hgbr_cv_v2,11154.010374769672,-11154.010374769672
user14,2025-07-23,9536.0,4105.749281900065,2,hgbr_cv_v2,5430.250718099935,-5430.250718099935
user14,2025-07-24,12059.0,8019.619627352179,2,hgbr_cv_v2,4039.380372647821,-4039.380372647821
user14,2025-07-25,8961.0,-1924.203121626846,2,hgbr_cv_v2,10885.203121626846,-10885.203121626846
user14,2025-07-26,5948.0,-3489.939624538976,2,hgbr_cv_v2,9437.939624538976,-9437.939624538976
user14,2025-07-27,6009.0,4240.211047141075,2,hgbr_cv_v2,1768.7889528589249,-1768.7889528589249
user14,2025-07-28,9217.0,5346.750640138913,2,hgbr_cv_v2,3870.249359861087,-3870.249359861087
user14,2025-07-29,9740.0,1947.396057831904,2,hgbr_cv_v2,7792.603942168096,-7792.603942168096
user14,2025-07-30,10934.0,7890.394295982149,2,hgbr_cv_v2,3043.605704017851,-3043.605704017851
user14,2025-07-31,8500.0,-1872.1329950679726,2,hgbr_cv_v2,10372.132995067972,-10372.132995067972
user15,2024-06-01,1510.0,1540.65551605317,2,hgbr_cv_v2,30.655516053170004,30.655516053170004
user15,2024-06-02,1251.0,1669.623156746207,2,hgbr_cv_v2,418.6231567462071,418.6231567462071
user15,2024-06-03,1050.0,1422.5758755648471,2,hgbr_cv_v2,372.57587556484714,372.57587556484714
user15,2024-06-04,1024.0,2240.4107205565892,2,hgbr_cv_v2,1216.4107205565892,1216.4107205565892
user15,2024-06-05,890.0,1940.5383599456738,2,hgbr_cv_v2,1050.5383599456738,1050.5383599456738
user15,2024-06-06,1562.0,2435.8019454011037,2,hgbr_cv_v2,873.8019454011037,873.8019454011037
user15,2024-06-07,1719.0,2143.3015322847587,2,hgbr_cv_v2,424.30153228475865,424.30153228475865
user15,2024-06-08,1936.0,1767.608340688839,2,hgbr_cv_v2,168.391659311161,-168.391659311161
user15,2024-06-09,3134.0,1796.1694952118519,2,hgbr_cv_v2,1337.8305047881481,-1337.8305047881481
user15,2024-06-10,3288.0,1202.0608810662134,2,hgbr_cv_v2,2085.9391189337866,-2085.9391189337866
user15,2024-06-11,3313.0,1412.482055642178,2,hgbr_cv_v2,1900.517944357822,-1900.517944357822
user15,2024-06-12,4556.0,1076.9483259432911,2,hgbr_cv_v2,3479.051674056709,-3479.051674056709
user15,2024-06-13,4026.0,1488.484128903279,2,hgbr_cv_v2,2537.5158710967207,-2537.5158710967207
user15,2024-06-14,3900.0,2261.0704812840363,2,hgbr_cv_v2,1638.9295187159637,-1638.9295187159637
user15,2024-06-15,4020.0,1778.0845970255662,2,hgbr_cv_v2,2241.915402974434,-2241.915402974434
user15,2024-06-16,3600.0,2399.669646230119,2,hgbr_cv_v2,1200.3303537698812,-1200.3303537698812
user15,2024-06-17,3771.0,1670.4852518340424,2,hgbr_cv_v2,2100.514748165958,-2100.514748165958
user15,2024-06-18,3529.0,1965.3075792343168,2,hgbr_cv_v2,1563.6924207656832,-1563.6924207656832
user15,2024-06-19,2229.0,1457.181434215031,2,hgbr_cv_v2,771.818565784969,-771.818565784969
user15,2024-06-20,1936.0,254.0023651522605,2,hgbr_cv_v2,1681.9976348477394,-1681.9976348477394
user15,2024-06-21,1671.0,1284.497534897002,2,hgbr_cv_v2,386.50246510299803,-386.50246510299803
user15,2024-06-22,1334.0,970.635578086679,2,hgbr_cv_v2,363.36442191332105,-363.36442191332105
user15,2024-06-23,556.0,-135.34692632303742,2,hgbr_cv_v2,691.3469263230375,-691.3469263230375
user15,2024-06-24,419.0,1180.9940496404022,2,hgbr_cv_v2,761.9940496404022,761.9940496404022
user15,2024-06-25,468.0,307.02624019653825,2,hgbr_cv_v2,160.97375980346175,-160.97375980346175
user15,2024-06-26,413.0,786.6216289026013,2,hgbr_cv_v2,373.6216289026013,373.6216289026013
user15,2024-06-27,438.0,705.1608671103202,2,hgbr_cv_v2,267.16086711032017,267.16086711032017
user15,2024-06-28,497.0,1328.1134286929462,2,hgbr_cv_v2,831.1134286929462,831.1134286929462
user15,2024-06-29,497.0,1378.9342559997203,2,hgbr_cv_v2,881.9342559997203,881.9342559997203
user15,2024-06-30,497.0,1861.0563417172552,2,hgbr_cv_v2,1364.0563417172552,1364.0563417172552
user16,2025-09-01,2212.0,2146.166646213177,2,hgbr_cv_v2,65.83335378682295,-65.83335378682295
user16,2025-09-02,1932.0,2115.857599521295,2,hgbr_cv_v2,183.85759952129501,183.85759952129501
user16,2025-09-03,1672.0,1670.7964077388838,2,hgbr_cv_v2,1.2035922611162277,-1.2035922611162277
user16,2025-09-04,1462.0,1706.22359502833,2,hgbr_cv_v2,244.22359502833,244.22359502833
user16,2025-09-05,969.0,619.2602084642836,2,hgbr_cv_v2,349.73979153571645,-349.73979153571645
user16,2025-09-06,451.0,2686.073500641834,2,hgbr_cv_v2,2235.073500641834,2235.073500641834
user16,2025-09-07,347.0,1137.5949983455232,2,hgbr_cv_v2,790.5949983455232,790.5949983455232
user16,2025-09-08,454.0,1324.1665718050515,2,hgbr_cv_v2,870.1665718050515,870.1665718050515
user16,2025-09-09,650.0,1026.7136658771185,2,hgbr_cv_v2,376.7136658771185,376.7136658771185
user16,2025-09-10,989.0,1333.2122623189287,2,hgbr_cv_v2,344.21226231892865,344.21226231892865
user16,2025-09-11,1081.0,968.3104870842687,2,hgbr_cv_v2,112.68951291573126,-112.68951291573126
user16,2025-09-12,1317.0,866.8479924694781,2,hgbr_cv_v2,450.1520075305219,-450.1520075305219
user16,2025-09-13,1604.0,691.7731507491721,2,hgbr_cv_v2,912.2268492508279,-912.2268492508279
user16,2025-09-14,1588.0,384.7832027935034,2,hgbr_cv_v2,1203.2167972064967,-1203.2167972064967
user16,2025-09-15,1542.0,178.5632596065148,2,hgbr_cv_v2,1363.4367403934853,-1363.4367403934853
user16,2025-09-16,1590.0,868.4047973874838,2,hgbr_cv_v2,721.5952026125162,-721.5952026125162
user16,2025-09-17,1710.0,1097.3874847503184,2,hgbr_cv_v2,612.6125152496816,-612.6125152496816
user16,2025-09-18,2410.0,830.7992866404213,2,hgbr_cv_v2,1579.2007133595787,-1579.2007133595787
user16,2025-09-19,2174.0,1209.7240059649814,2,hgbr_cv_v2,964.2759940350186,-964.2759940350186
user16,2025-09-20,1887.0,1649.67382574119,2,hgbr_cv_v2,237.32617425880994,-237.32617425880994
user16,2025-09-21,1807.0,1458.2350358866856,2,hgbr_cv_v2,348.76496411331436,-348.76496411331436
user16,2025-09-22,1700.0,1598.2359399439606,2,hgbr_cv_v2,101.7640600560394,-101.7640600560394
user16,2025-09-23,1666.0,1578.1003360127675,2,hgbr_cv_v2,87.89966398723254,-87.89966398723254
user16,2025-09-24,1389.0,1820.21160024211,2,hgbr_cv_v2,431.2116002421101,431.2116002421101
user16,2025-09-25,947.0,1433.184269907849,2,hgbr_cv_v2,486.18426990784906,486.18426990784906
user16,2025-09-26,947.0,1923.3240363103673,2,hgbr_cv_v2,976.3240363103673,976.3240363103673
user16,2025-09-27,947.0,2046.315622641293,2,hgbr_cv_v2,1099.315622641293,1099.315622641293
user16,2025-09-28,947.0,2410.695092271533,2,hgbr_cv_v2,1463.6950922715332,1463.6950922715332
user16,2025-09-29,877.0,2306.926837351765,2,hgbr_cv_v2,1429.9268373517648,1429.9268373517648
user16,2025-09-30,1207.0,2858.3001616022425,2,hgbr_cv_v2,1651.3001616022425,1651.3001616022425
user7,2023-03-01,1235.0,3496.969268193678,2,hgbr_cv_v2,2261.969268193678,2261.969268193678
user7,2023-03-02,1035.0,1464.3936014966746,2,hgbr_cv_v2,429.3936014966746,429.3936014966746
user7,2023-03-03,1076.0,2133.8700860748067,2,hgbr_cv_v2,1057.8700860748067,1057.8700860748067
user7,2023-03-04,976.0,4580.808266156272,2,hgbr_cv_v2,3604.808266156272,3604.808266156272
user7,2023-03-05,731.0,6298.597826226374,2,hgbr_cv_v2,5567.597826226374,5567.597826226374
user7,2023-03-06,1723.0,4689.26509821489,2,hgbr_cv_v2,2966.26509821489,2966.26509821489
user7,2023-03-07,1904.0,2683.4863061950286,2,hgbr_cv_v2,779.4863061950286,779.4863061950286
user7,2023-03-08,2055.0,2864.930598868652,2,hgbr_cv_v2,809.9305988686519,809.9305988686519
user7,2023-03-09,2240.0,2970.12568092052,2,hgbr_cv_v2,730.1256809205202,730.1256809205202
user7,2023-03-10,2270.0,2611.464698853709,2,hgbr_cv_v2,341.4646988537088,341.4646988537088
user7,2023-03-11,2020.0,3230.668772362995,2,hgbr_cv_v2,1210.6687723629948,1210.6687723629948
user7,2023-03-12,2285.0,4291.933758306964,2,hgbr_cv_v2,2006.9337583069637,2006.9337583069637
user7,2023-03-13,2253.0,2360.9357172377267,2,hgbr_cv_v2,107.93571723772675,107.93571723772675
user7,2023-03-14,2006.0,3924.575518837008,2,hgbr_cv_v2,1918.575518837008,1918.575518837008
user7,2023-03-15,1940.0,3699.8761979740816,2,hgbr_cv_v2,1759.8761979740816,1759.8761979740816
user7,2023-03-16,1665.0,3754.1904681220344,2,hgbr_cv_v2,2089.1904681220344,2089.1904681220344
user7,2023-03-17,1814.0,2940.6662251587923,2,hgbr_cv_v2,1126.6662251587923,1126.6662251587923
user7,2023-03-18,2053.0,2051.3836408705297,2,hgbr_cv_v2,1.616359129470311,-1.616359129470311
user7,2023-03-19,1893.0,2900.5504841025577,2,hgbr_cv_v2,1007.5504841025577,1007.5504841025577
user7,2023-03-20,933.0,3435.267206638474,2,hgbr_cv_v2,2502.267206638474,2502.267206638474
user7,2023-03-21,933.0,2853.4281017903763,2,hgbr_cv_v2,1920.4281017903763,1920.4281017903763
user7,2023-03-22,920.0,2974.540044515711,2,hgbr_cv_v2,2054.540044515711,2054.540044515711
user7,2023-03-23,840.0,3207.8747555708187,2,hgbr_cv_v2,2367.8747555708187,2367.8747555708187
user7,2023-03-24,719.0,2635.567222383569,2,hgbr_cv_v2,1916.567222383569,1916.567222383569
user7,2023-03-25,1970.0,3811.2537937487755,2,hgbr_cv_v2,1841.2537937487755,1841.2537937487755
user7,2023-03-26,1930.0,2887.9849429306523,2,hgbr_cv_v2,957.9849429306523,957.9849429306523
user7,2023-03-27,1930.0,2694.139594021762,2,hgbr_cv_v2,764.1395940217622,764.1395940217622
user7,2023-03-28,1930.0,1899.2284446796505,2,hgbr_cv_v2,30.771555320349535,-30.771555320349535
user7,2023-03-29,1758.0,1653.1340782837697,2,hgbr_cv_v2,104.86592171623033,-104.86592171623033
user7,2023-03-30,1833.0,1650.9611974258964,2,hgbr_cv_v2,182.03880257410356,-182.03880257410356
user7,2023-03-31,1845.0,1395.5422467842054,2,hgbr_cv_v2,449.4577532157946,-449.4577532157946
user8,2024-03-01,1219.0,2777.319383855688,2,hgbr_cv_v2,1558.319383855688,1558.319383855688
user8,2024-03-02,1219.0,4129.06113465861,2,hgbr_cv_v2,2910.06113465861,2910.06113465861
user8,2024-03-03,1723.5,2649.537500229666,2,hgbr_cv_v2,926.037500229666,926.037500229666
user8,2024-03-04,2000.5,4103.587347979618,2,hgbr_cv_v2,2103.0873479796182,2103.0873479796182
user8,2024-03-05,2422.5,2484.714138119568,2,hgbr_cv_v2,62.214138119567906,62.214138119567906
user8,2024-03-06,2331.5,2744.853559951232,2,hgbr_cv_v2,413.353559951232,413.353559951232
user8,2024-03-07,2576.5,1871.7827486329409,2,hgbr_cv_v2,704.7172513670591,-704.7172513670591
user8,2024-03-08,2707.5,2289.0119344508353,2,hgbr_cv_v2,418.48806554916473,-418.48806554916473
user8,2024-03-09,2707.5,2071.3957305271706,2,hgbr_cv_v2,636.1042694728294,-636.1042694728294
user8,2024-03-10,2433.0,1292.9125643516857,2,hgbr_cv_v2,1140.0874356483143,-1140.0874356483143
user8,2024-03-11,2638.0,2906.9192573717623,2,hgbr_cv_v2,268.91925737176234,268.91925737176234
user8,2024-03-12,2492.0,2287.992266766441,2,hgbr_cv_v2,204.00773323355907,-204.00773323355907
user8,2024-03-13,2489.0,1769.0776666158145,2,hgbr_cv_v2,719.9223333841855,-719.9223333841855
user8,2024-03-14,2982.0,1842.324029729432,2,hgbr_cv_v2,1139.675970270568,-1139.675970270568
user8,2024-03-15,2671.0,2456.711800320699,2,hgbr_cv_v2,214.28819967930121,-214.28819967930121
user8,2024-03-16,2671.0,2470.4510125456077,2,hgbr_cv_v2,200.54898745439232,-200.54898745439232
user8,2024-03-17,2831.0,2841.352299605453,2,hgbr_cv_v2,10.352299605453027,10.352299605453027
user8,2024-03-18,2204.0,2389.2627075898463,2,hgbr_cv_v2,185.2627075898463,185.2627075898463
user8,2024-03-19,2462.0,2914.161160492801,2,hgbr_cv_v2,452.1611604928012,452.1611604928012
user8,2024-03-20,2293.0,2401.35483208186,2,hgbr_cv_v2,108.35483208185997,108.35483208185997
user8,2024-03-21,1790.0,2192.382975681552,2,hgbr_cv_v2,402.3829756815521,402.3829756815521
user8,2024-03-22,2108.0,2894.894938105982,2,hgbr_cv_v2,786.894938105982,786.894938105982
user8,2024-03-23,3068.0,2551.5690064412283,2,hgbr_cv_v2,516.4309935587717,-516.4309935587717
user8,2024-03-24,2928.0,2959.062827384379,2,hgbr_cv_v2,31.062827384379034,31.062827384379034
user8,2024-03-25,2693.0,2867.2563514505955,2,hgbr_cv_v2,174.2563514505955,174.2563514505955
user8,2024-03-26,2645.0,2501.5612353153338,2,hgbr_cv_v2,143.43876468466624,-143.43876468466624
user8,2024-03-27,2559.0,2219.795090839366,2,hgbr_cv_v2,339.2049091606341,-339.2049091606341
user8,2024-03-28,2324.0,2542.9355399176784,2,hgbr_cv_v2,218.9355399176784,218.9355399176784
user8,2024-03-29,1796.0,2667.2042395391313,2,hgbr_cv_v2,871.2042395391313,871.2042395391313
user8,2024-03-30,1126.0,3176.0424745353534,2,hgbr_cv_v2,2050.0424745353534,2050.0424745353534
user8,2024-03-31,1271.0,3462.363190538359,2,hgbr_cv_v2,2191.363190538359,2191.363190538359
user9,2025-04-01,673.0,1752.6873227474687,2,hgbr_cv_v2,1079.6873227474687,1079.6873227474687
user9,2025-04-02,574.0,1274.6697453787137,2,hgbr_cv_v2,700.6697453787137,700.6697453787137
user9,2025-04-03,749.0,1913.3612182458855,2,hgbr_cv_v2,1164.3612182458855,1164.3612182458855
user9,2025-04-04,2467.0,21.260957183885914,2,hgbr_cv_v2,2445.7390428161143,-2445.7390428161143
user9,2025-04-05,2627.0,3503.553944991678,2,hgbr_cv_v2,876.5539449916778,876.5539449916778
user9,2025-04-06,2567.0,3554.0478445269478,2,hgbr_cv_v2,987.0478445269478,987.0478445269478
user9,2025-04-07,2717.0,3170.5936594405384,2,hgbr_cv_v2,453.59365944053843,453.59365944053843
user9,2025-04-08,2793.0,3085.716046143579,2,hgbr_cv_v2,292.7160461435792,292.7160461435792
user9,2025-04-09,2890.0,2238.388073564747,2,hgbr_cv_v2,651.6119264352528,-651.6119264352528
user9,2025-04-10,2900.0,2525.87317227469,2,hgbr_cv_v2,374.1268277253098,-374.1268277253098
user9,2025-04-11,1831.0,2480.896476416088,2,hgbr_cv_v2,649.8964764160878,649.8964764160878
user9,2025-04-12,1826.0,2536.3977148946506,2,hgbr_cv_v2,710.3977148946506,710.3977148946506
user9,2025-04-13,1934.0,3570.084862554202,2,hgbr_cv_v2,1636.0848625542021,1636.0848625542021
user9,2025-04-14,1708.0,2455.388341905995,2,hgbr_cv_v2,747.3883419059948,747.3883419059948
user9,2025-04-15,1904.0,2676.4347243870866,2,hgbr_cv_v2,772.4347243870866,772.4347243870866
user9,2025-04-16,3236.0,2660.0237198125665,2,hgbr_cv_v2,575.9762801874335,-575.9762801874335
user9,2025-04-17,3286.0,3130.910787196564,2,hgbr_cv_v2,155.0892128034361,-155.0892128034361
user9,2025-04-18,3180.0,1957.3198416355997,2,hgbr_cv_v2,1222.6801583644003,-1222.6801583644003
user9,2025-04-19,3025.0,2005.6912438463703,2,hgbr_cv_v2,1019.3087561536297,-1019.3087561536297
user9,2025-04-20,2957.0,2034.3180364599418,2,hgbr_cv_v2,922.6819635400582,-922.6819635400582
user9,2025-04-21,3800.0,2773.0978240762015,2,hgbr_cv_v2,1026.9021759237985,-1026.9021759237985
user9,2025-04-22,3549.0,2907.0212584384453,2,hgbr_cv_v2,641.9787415615547,-641.9787415615547
user9,2025-04-23,2100.0,2426.9739590419285,2,hgbr_cv_v2,326.97395904192854,326.97395904192854
user9,2025-04-24,2115.0,3643.2539837024988,2,hgbr_cv_v2,1528.2539837024988,1528.2539837024988
user9,2025-04-25,1572.0,3627.4309099746824,2,hgbr_cv_v2,2055.4309099746824,2055.4309099746824
user9,2025-04-26,1572.0,3357.249152165618,2,hgbr_cv_v2,1785.249152165618,1785.249152165618
user9,2025-04-27,1432.0,3469.9834210127437,2,hgbr_cv_v2,2037.9834210127437,2037.9834210127437
user9,2025-04-28,801.0,1454.283455569009,2,hgbr_cv_v2,653.283455569009,653.283455569009
user9,2025-04-29,900.0,1862.2974552585938,2,hgbr_cv_v2,962.2974552585938,962.2974552585938
user9,2025-04-30,970.0,1572.4899330103099,2,hgbr_cv_v2,602.4899330103099,602.4899330103099
user1,2023-11-01,1375.0,1110.2938849879192,3,hgbr_cv_v2,264.7061150120808,-264.7061150120808
user1,2023-11-02,1372.0,1110.2938849879192,3,hgbr_cv_v2,261.7061150120808,-261.7061150120808
user1,2023-11-03,1371.0,1155.185377636394,3,hgbr_cv_v2,215.81462236360608,-215.81462236360608
user1,2023-11-04,2281.0,750.363110610417,3,hgbr_cv_v2,1530.6368893895828,-1530.6368893895828
user1,2023-11-05,2281.0,944.2361188575727,3,hgbr_cv_v2,1336.7638811424272,-1336.7638811424272
user1,2023-11-06,2061.0,1618.3908948372368,3,hgbr_cv_v2,442.60910516276317,-442.60910516276317
user1,2023-11-07,2019.0,1867.202639884101,3,hgbr_cv_v2,151.79736011589898,-151.79736011589898
user1,2023-11-08,2849.0,1162.350673195911,3,hgbr_cv_v2,1686.649326804089,-1686.649326804089
user1,2023-11-09,2967.0,1164.2961797294895,3,hgbr_cv_v2,1802.7038202705105,-1802.7038202705105
user1,2023-11-10,2878.0,1164.2961797294895,3,hgbr_cv_v2,1713.7038202705105,-1713.7038202705105
user1,2023-11-11,1889.0,1545.027615663181,3,hgbr_cv_v2,343.972384336819,-343.972384336819
user1,2023-11-12,2128.0,1011.8854608621274,3,hgbr_cv_v2,1116.1145391378727,-1116.1145391378727
user1,2023-11-13,1948.0,1046.0029793647675,3,hgbr_cv_v2,901.9970206352325,-901.9970206352325
user1,2023-11-14,3508.0,1250.2618213137112,3,hgbr_cv_v2,2257.738178686289,-2257.738178686289
user1,2023-11-15,2958.0,1387.0248831359709,3,hgbr_cv_v2,1570.9751168640291,-1570.9751168640291
user1,2023-11-16,3244.0,817.9322628311334,3,hgbr_cv_v2,2426.0677371688666,-2426.0677371688666
user1,2023-11-17,3162.0,582.7959206952313,3,hgbr_cv_v2,2579.2040793047686,-2579.2040793047686
user1,2023-11-18,3162.0,616.5326115796499,3,hgbr_cv_v2,2545.4673884203503,-2545.4673884203503
user1,2023-11-19,3283.0,1198.538723218364,3,hgbr_cv_v2,2084.461276781636,-2084.461276781636
user1,2023-11-20,4233.0,915.937044899233,3,hgbr_cv_v2,3317.062955100767,-3317.062955100767
user1,2023-11-21,2947.0,1305.0537120036497,3,hgbr_cv_v2,1641.9462879963503,-1641.9462879963503
user1,2023-11-22,2896.0,933.1114545081404,3,hgbr_cv_v2,1962.8885454918595,-1962.8885454918595
user1,2023-11-23,2413.0,851.0966330723304,3,hgbr_cv_v2,1561.9033669276696,-1561.9033669276696
user1,2023-11-24,2588.0,494.5553903566677,3,hgbr_cv_v2,2093.444609643332,-2093.444609643332
user1,2023-11-25,2588.0,601.9823246972434,3,hgbr_cv_v2,1986.0176753027567,-1986.0176753027567
user1,2023-11-26,2328.0,883.8691649788306,3,hgbr_cv_v2,1444.1308350211693,-1444.1308350211693
user1,2023-11-27,1463.0,1057.898592370649,3,hgbr_cv_v2,405.1014076293509,-405.1014076293509
user1,2023-11-28,1232.0,1105.382021057365,3,hgbr_cv_v2,126.61797894263509,-126.61797894263509
user1,2023-11-29,1078.0,698.5617936686702,3,hgbr_cv_v2,379.43820633132975,-379.43820633132975
user1,2023-11-30,1206.0,487.02610286238576,3,hgbr_cv_v2,718.9738971376142,-718.9738971376142
user11,2022-10-01,705.0,1909.1125447353031,3,hgbr_cv_v2,1204.1125447353031,1204.1125447353031
user11,2022-10-02,0.0,2847.941409763606,3,hgbr_cv_v2,2847.941409763606,2847.941409763606
user11,2022-10-03,0.0,1713.5006847824811,3,hgbr_cv_v2,1713.5006847824811,1713.5006847824811
user11,2022-10-04,0.0,1622.6368720127546,3,hgbr_cv_v2,1622.6368720127546,1622.6368720127546
user11,2022-10-05,55.0,1622.6368720127546,3,hgbr_cv_v2,1567.6368720127546,1567.6368720127546
user11,2022-10-06,135.0,1006.3117776346007,3,hgbr_cv_v2,871.3117776346007,871.3117776346007
user11,2022-10-07,340.0,1006.3117776346007,3,hgbr_cv_v2,666.3117776346007,666.3117776346007
user11,2022-10-08,430.0,1006.3117776346007,3,hgbr_cv_v2,576.3117776346007,576.3117776346007
user11,2022-10-09,723.0,1006.3117776346007,3,hgbr_cv_v2,283.31177763460073,283.31177763460073
user11,2022-10-10,860.0,621.5983921256287,3,hgbr_cv_v2,238.40160787437128,-238.40160787437128
user11,2022-10-11,995.0,621.5983921256287,3,hgbr_cv_v2,373.4016078743713,-373.4016078743713
user11,2022-10-12,1129.0,621.5983921256287,3,hgbr_cv_v2,507.4016078743713,-507.4016078743713
user11,2022-10-13,1204.0,621.5983921256287,3,hgbr_cv_v2,582.4016078743713,-582.4016078743713
user11,2022-10-14,999.0,872.4801351732112,3,hgbr_cv_v2,126.51986482678876,-126.51986482678876
user11,2022-10-15,909.0,938.5307582384904,3,hgbr_cv_v2,29.53075823849042,29.53075823849042
user11,2022-10-16,811.0,1234.7258999329765,3,hgbr_cv_v2,423.7258999329765,423.7258999329765
user11,2022-10-17,1374.0,1025.5233578064779,3,hgbr_cv_v2,348.47664219352214,-348.47664219352214
user11,2022-10-18,1509.0,1025.5233578064779,3,hgbr_cv_v2,483.47664219352214,-483.47664219352214
user11,2022-10-19,2085.0,1025.5233578064779,3,hgbr_cv_v2,1059.4766421935221,-1059.4766421935221
user11,2022-10-20,2051.0,1189.3213024031456,3,hgbr_cv_v2,861.6786975968544,-861.6786975968544
user11,2022-10-21,2366.0,1189.3213024031456,3,hgbr_cv_v2,1176.6786975968544,-1176.6786975968544
user11,2022-10-22,2411.0,1025.5233578064779,3,hgbr_cv_v2,1385.4766421935221,-1385.4766421935221
user11,2022-10-23,2367.0,1173.483531480723,3,hgbr_cv_v2,1193.516468519277,-1193.516468519277
user11,2022-10-24,1842.0,1282.0194342825152,3,hgbr_cv_v2,559.9805657174848,-559.9805657174848
user11,2022-10-25,1777.0,1632.8311027513844,3,hgbr_cv_v2,144.16889724861562,-144.16889724861562
user11,2022-10-26,1506.0,1480.5430147028699,3,hgbr_cv_v2,25.45698529713013,-25.45698529713013
user11,2022-10-27,1657.0,1470.132451968582,3,hgbr_cv_v2,186.86754803141798,-186.86754803141798
user11,2022-10-28,1442.0,1704.2287098302597,3,hgbr_cv_v2,262.22870983025973,262.22870983025973
user11,2022-10-29,1797.0,1439.2881621996105,3,hgbr_cv_v2,357.7118378003895,-357.7118378003895
user11,2022-10-30,1646.0,1439.2881621996105,3,hgbr_cv_v2,206.7118378003895,-206.7118378003895
user11,2022-10-31,1626.0,1412.8112576475141,3,hgbr_cv_v2,213.18874235248586,-213.18874235248586
user12,2023-10-01,1557.0,1666.5178572606817,3,hgbr_cv_v2,109.5178572606817,109.5178572606817
user12,2023-10-02,1875.0,1628.4291780995006,3,hgbr_cv_v2,246.57082190049937,-246.57082190049937
user12,2023-10-03,1971.0,1704.1740900201194,3,hgbr_cv_v2,266.82590997988063,-266.82590997988063
user12,2023-10-04,1961.0,1712.9918299976566,3,hgbr_cv_v2,248.00817000234338,-248.00817000234338
user12,2023-10-05,1983.0,1668.641105171323,3,hgbr_cv_v2,314.35889482867697,-314.35889482867697
user12,2023-10-06,2558.0,1602.0822866992448,3,hgbr_cv_v2,955.9177133007552,-955.9177133007552
user12,2023-10-07,2414.0,1742.2049453934637,3,hgbr_cv_v2,671.7950546065363,-671.7950546065363
user12,2023-10-08,2521.0,1731.6026334750632,3,hgbr_cv_v2,789.3973665249368,-789.3973665249368
user12,2023-10-09,2151.0,1546.1296722527259,3,hgbr_cv_v2,604.8703277472741,-604.8703277472741
user12,2023-10-10,2089.0,1730.8560611671242,3,hgbr_cv_v2,358.14393883287585,-358.14393883287585
user12,2023-10-11,2085.0,1897.4962990748536,3,hgbr_cv_v2,187.5037009251464,-187.5037009251464
user12,2023-10-12,1966.0,1883.2227171650902,3,hgbr_cv_v2,82.77728283490978,-82.77728283490978
user12,2023-10-13,1778.0,1693.1222500858744,3,hgbr_cv_v2,84.87774991412562,-84.87774991412562
user12,2023-10-14,1953.0,1190.824659999698,3,hgbr_cv_v2,762.175340000302,-762.175340000302
user12,2023-10-15,1972.0,1398.1566263590826,3,hgbr_cv_v2,573.8433736409174,-573.8433736409174
user12,2023-10-16,2000.0,1503.0057582089244,3,hgbr_cv_v2,496.99424179107564,-496.99424179107564
user12,2023-10-17,1951.0,1825.459847373877,3,hgbr_cv_v2,125.54015262612302,-125.54015262612302
user12,2023-10-18,1957.0,2044.338862850794,3,hgbr_cv_v2,87.33886285079393,87.33886285079393
user12,2023-10-19,1961.0,1725.8465622660158,3,hgbr_cv_v2,235.15343773398422,-235.15343773398422
user12,2023-10-20,1599.0,1647.7854961213152,3,hgbr_cv_v2,48.78549612131519,48.78549612131519
user12,2023-10-21,1298.0,2200.1959057814943,3,hgbr_cv_v2,902.1959057814943,902.1959057814943
user12,2023-10-22,999.0,1711.443252807068,3,hgbr_cv_v2,712.4432528070679,712.4432528070679
user12,2023-10-23,966.0,1725.8465622660158,3,hgbr_cv_v2,759.8465622660158,759.8465622660158
user12,2023-10-24,1066.0,1589.916439893577,3,hgbr_cv_v2,523.916439893577,523.916439893577
user12,2023-10-25,1064.0,1711.443252807068,3,hgbr_cv_v2,647.4432528070679,647.4432528070679
user12,2023-10-26,1183.0,1704.5783016760463,3,hgbr_cv_v2,521.5783016760463,521.5783016760463
user12,2023-10-27,1401.0,1637.716936309764,3,hgbr_cv_v2,236.71693630976392,236.71693630976392
user12,2023-10-28,1538.0,1678.5692708532079,3,hgbr_cv_v2,140.56927085320785,140.56927085320785
user12,2023-10-29,1754.0,1678.5692708532079,3,hgbr_cv_v2,75.43072914679215,-75.43072914679215
user12,2023-10-30,1747.0,1722.2342236471973,3,hgbr_cv_v2,24.76577635280273,-24.76577635280273
user12,2023-10-31,1633.0,1820.097197164733,3,hgbr_cv_v2,187.09719716473296,187.09719716473296
user13,2024-12-01,1540.0,1587.785381366247,3,hgbr_cv_v2,47.785381366247066,47.785381366247066
user13,2024-12-02,2865.0,2144.8130398438943,3,hgbr_cv_v2,720.1869601561057,-720.1869601561057
user13,2024-12-03,3435.0,1982.5246219917904,3,hgbr_cv_v2,1452.4753780082096,-1452.4753780082096
user13,2024-12-04,3425.0,1345.290503670107,3,hgbr_cv_v2,2079.709496329893,-2079.709496329893
user13,2024-12-05,3504.0,1559.6178060698965,3,hgbr_cv_v2,1944.3821939301035,-1944.3821939301035
user13,2024-12-06,3195.0,1350.0580614407372,3,hgbr_cv_v2,1844.9419385592628,-1844.9419385592628
user13,2024-12-07,3320.0,1828.6525995924917,3,hgbr_cv_v2,1491.3474004075083,-1491.3474004075083
user13,2024-12-08,2957.0,1551.6095964305493,3,hgbr_cv_v2,1405.3904035694507,-1405.3904035694507
user13,2024-12-09,1760.0,1916.3776444280143,3,hgbr_cv_v2,156.37764442801426,156.37764442801426
user13,2024-12-10,1185.0,1583.7126397411291,3,hgbr_cv_v2,398.7126397411291,398.7126397411291
user13,2024-12-11,1160.0,1462.7554656855177,3,hgbr_cv_v2,302.7554656855177,302.7554656855177
user13,2024-12-12,1150.0,1553.754463389813,3,hgbr_cv_v2,403.75446338981305,403.75446338981305
user13,2024-12-13,1455.0,1404.855814811013,3,hgbr_cv_v2,50.14418518898697,-50.14418518898697
user13,2024-12-14,1827.0,1531.0054800046496,3,hgbr_cv_v2,295.9945199953504,-295.9945199953504
user13,2024-12-15,1937.0,1493.7972818866974,3,hgbr_cv_v2,443.2027181133026,-443.2027181133026
user13,2024-12-16,1673.0,1886.608043576521,3,hgbr_cv_v2,213.6080435765209,213.6080435765209
user13,2024-12-17,1543.0,1786.1098769692787,3,hgbr_cv_v2,243.10987696927873,243.10987696927873
user13,2024-12-18,1378.0,1714.3183536768681,3,hgbr_cv_v2,336.3183536768681,336.3183536768681
user13,2024-12-19,1183.0,1794.3379344383127,3,hgbr_cv_v2,611.3379344383127,611.3379344383127
user13,2024-12-20,845.0,1549.7316574047654,3,hgbr_cv_v2,704.7316574047654,704.7316574047654
user13,2024-12-21,663.0,1779.8062426976321,3,hgbr_cv_v2,1116.8062426976321,1116.8062426976321
user13,2024-12-22,553.0,1619.3369725232494,3,hgbr_cv_v2,1066.3369725232494,1066.3369725232494
user13,2024-12-23,789.0,1742.8448350911096,3,hgbr_cv_v2,953.8448350911096,953.8448350911096
user13,2024-12-24,801.0,1691.568330525677,3,hgbr_cv_v2,890.5683305256771,890.5683305256771
user13,2024-12-25,801.0,1691.568330525677,3,hgbr_cv_v2,890.5683305256771,890.5683305256771
user13,2024-12-26,896.0,1748.7452027358129,3,hgbr_cv_v2,852.7452027358129,852.7452027358129
user13,2024-12-27,1307.0,1670.5724263653851,3,hgbr_cv_v2,363.5724263653851,363.5724263653851
user13,2024-12-28,1287.0,1739.9928248506874,3,hgbr_cv_v2,452.9928248506874,452.9928248506874
user13,2024-12-29,1787.0,1659.9732440892435,3,hgbr_cv_v2,127.02675591075649,-127.02675591075649
user13,2024-12-30,1574.0,1864.3612000016813,3,hgbr_cv_v2,290.36120000168125,290.36120000168125
user13,2024-12-31,1562.0,1616.2273167777605,3,hgbr_cv_v2,54.22731677776051,54.22731677776051
user14,2025-08-01,7230.0,3486.063854169981,3,hgbr_cv_v2,3743.936145830019,-3743.936145830019
user14,2025-08-02,8163.0,7100.061998982695,3,hgbr_cv_v2,1062.9380010173054,-1062.9380010173054
user14,2025-08-03,8050.0,11215.419164287783,3,hgbr_cv_v2,3165.419164287783,3165.419164287783
user14,2025-08-04,5028.0,10114.689136136421,3,hgbr_cv_v2,5086.689136136421,5086.689136136421
user14,2025-08-05,4134.0,4732.1737999686875,3,hgbr_cv_v2,598.1737999686875,598.1737999686875
user14,2025-08-06,2967.0,3427.591839548511,3,hgbr_cv_v2,460.59183954851096,460.59183954851096
user14,2025-08-07,6468.0,7016.125460730741,3,hgbr_cv_v2,548.125460730741,548.125460730741
user14,2025-08-08,6739.0,5883.544339341221,3,hgbr_cv_v2,855.4556606587794,-855.4556606587794
user14,2025-08-09,6615.0,5478.275529199231,3,hgbr_cv_v2,1136.7244708007693,-1136.7244708007693
user14,2025-08-10,9933.0,11894.662540255447,3,hgbr_cv_v2,1961.6625402554473,1961.6625402554473
user14,2025-08-11,11331.0,7043.410730730358,3,hgbr_cv_v2,4287.589269269642,-4287.589269269642
user14,2025-08-12,11175.0,7227.228925317005,3,hgbr_cv_v2,3947.7710746829953,-3947.7710746829953
user14,2025-08-13,11479.0,8461.073275505589,3,hgbr_cv_v2,3017.9267244944112,-3017.9267244944112
user14,2025-08-14,10228.0,4666.68533386996,3,hgbr_cv_v2,5561.31466613004,-5561.31466613004
user14,2025-08-15,10540.0,8122.171205964777,3,hgbr_cv_v2,2417.828794035223,-2417.828794035223
user14,2025-08-16,10981.0,6309.1394392710845,3,hgbr_cv_v2,4671.8605607289155,-4671.8605607289155
user14,2025-08-17,8688.0,10793.626637660534,3,hgbr_cv_v2,2105.6266376605345,2105.6266376605345
user14,2025-08-18,7184.0,14177.762441085171,3,hgbr_cv_v2,6993.762441085171,6993.762441085171
user14,2025-08-19,7820.0,14440.820577186325,3,hgbr_cv_v2,6620.820577186325,6620.820577186325
user14,2025-08-20,9288.0,14934.757906488561,3,hgbr_cv_v2,5646.757906488561,5646.757906488561
user14,2025-08-21,6951.0,9923.304734845318,3,hgbr_cv_v2,2972.3047348453183,2972.3047348453183
user14,2025-08-22,6983.0,13336.902608936603,3,hgbr_cv_v2,6353.902608936603,6353.902608936603
user14,2025-08-23,5543.0,9908.807374650574,3,hgbr_cv_v2,4365.807374650574,4365.807374650574
user14,2025-08-24,6809.0,6149.311252976402,3,hgbr_cv_v2,659.6887470235979,-659.6887470235979
user14,2025-08-25,6584.0,15934.890248387383,3,hgbr_cv_v2,9350.890248387383,9350.890248387383
user14,2025-08-26,5948.0,10687.181741445627,3,hgbr_cv_v2,4739.181741445627,4739.181741445627
user14,2025-08-27,4595.0,9146.326261501676,3,hgbr_cv_v2,4551.326261501676,4551.326261501676
user14,2025-08-28,4283.0,7166.3161201365965,3,hgbr_cv_v2,2883.3161201365965,2883.3161201365965
user14,2025-08-29,3231.0,6394.634677163308,3,hgbr_cv_v2,3163.634677163308,3163.634677163308
user14,2025-08-30,3231.0,8727.711614115991,3,hgbr_cv_v2,5496.711614115991,5496.711614115991
user14,2025-08-31,2405.0,57892.400185843784,3,hgbr_cv_v2,55487.400185843784,55487.400185843784
user14,2025-09-01,2405.0,67622.5111712922,3,hgbr_cv_v2,65217.51117129219,65217.51117129219
user14,2025-09-02,13437.0,67622.5111712922,3,hgbr_cv_v2,54185.51117129219,54185.51117129219
user14,2025-09-03,149929.0,68360.64529271115,3,hgbr_cv_v2,81568.35470728885,-81568.35470728885
user14,2025-09-04,151065.0,68420.08495089647,3,hgbr_cv_v2,82644.91504910353,-82644.91504910353
user14,2025-09-05,152093.0,68375.0893932224,3,hgbr_cv_v2,83717.9106067776,-83717.9106067776
user14,2025-09-06,155173.0,61683.87118734627,3,hgbr_cv_v2,93489.12881265374,-93489.12881265374
user14,2025-09-07,153887.0,61315.188664486945,3,hgbr_cv_v2,92571.81133551305,-92571.81133551305
user14,2025-09-08,156543.0,61683.87118734627,3,hgbr_cv_v2,94859.12881265374,-94859.12881265374
user14,2025-09-09,145564.0,50499.30988517239,3,hgbr_cv_v2,95064.69011482761,-95064.69011482761
user14,2025-09-10,9226.0,56068.360595390826,3,hgbr_cv_v2,46842.360595390826,46842.360595390826
user14,2025-09-11,10607.0,9832.453253003327,3,hgbr_cv_v2,774.5467469966734,-774.5467469966734
user14,2025-09-12,11165.0,15220.601082897472,3,hgbr_cv_v2,4055.601082897472,4055.601082897472
user14,2025-09-13,8320.0,8941.242539381927,3,hgbr_cv_v2,621.2425393819267,621.2425393819267
user14,2025-09-14,8169.0,7980.576162473462,3,hgbr_cv_v2,188.42383752653768,-188.42383752653768
user14,2025-09-15,5983.0,3604.833211492161,3,hgbr_cv_v2,2378.166788507839,-2378.166788507839
user14,2025-09-16,6309.0,9067.857270846776,3,hgbr_cv_v2,2758.8572708467764,2758.8572708467764
user14,2025-09-17,8426.0,8549.582688840112,3,hgbr_cv_v2,123.58268884011159,123.58268884011159
user14,2025-09-18,6219.0,4061.9749136593277,3,hgbr_cv_v2,2157.0250863406723,-2157.0250863406723
user14,2025-09-19,4971.0,2132.7086337813894,3,hgbr_cv_v2,2838.2913662186106,-2838.2913662186106
user14,2025-09-20,5453.0,7691.868545152549,3,hgbr_cv_v2,2238.868545152549,2238.868545152549
user14,2025-09-21,6142.0,11309.45299398374,3,hgbr_cv_v2,5167.452993983739,5167.452993983739
user14,2025-09-22,6093.0,6153.629972682298,3,hgbr_cv_v2,60.6299726822981,60.6299726822981
user14,2025-09-23,8622.0,15731.845951496107,3,hgbr_cv_v2,7109.845951496107,7109.845951496107
user14,2025-09-24,5469.0,4900.294890422034,3,hgbr_cv_v2,568.7051095779661,-568.7051095779661
user14,2025-09-25,5896.0,8226.181025928881,3,hgbr_cv_v2,2330.1810259288814,2330.1810259288814
user14,2025-09-26,5696.0,8821.92505112108,3,hgbr_cv_v2,3125.9250511210794,3125.9250511210794
user14,2025-09-27,5782.0,7067.4568534054215,3,hgbr_cv_v2,1285.4568534054215,1285.4568534054215
user14,2025-09-28,5785.0,7067.4568534054215,3,hgbr_cv_v2,1282.4568534054215,1282.4568534054215
user14,2025-09-29,5364.0,6086.081178733561,3,hgbr_cv_v2,722.0811787335606,722.0811787335606
user14,2025-09-30,2973.0,2055.4165862606883,3,hgbr_cv_v2,917.5834137393117,-917.5834137393117
user15,2024-09-01,1424.0,4958.907816784122,3,hgbr_cv_v2,3534.9078167841217,3534.9078167841217
user15,2024-09-02,1313.0,1220.9479814768736,3,hgbr_cv_v2,92.05201852312643,-92.05201852312643
user15,2024-09-03,1507.0,2023.5677115970113,3,hgbr_cv_v2,516.5677115970113,516.5677115970113
user15,2024-09-04,1238.0,1633.5625431542394,3,hgbr_cv_v2,395.5625431542394,395.5625431542394
user15,2024-09-05,1311.0,1552.7455982729364,3,hgbr_cv_v2,241.74559827293638,241.74559827293638
user15,2024-09-06,1630.0,1571.942525310045,3,hgbr_cv_v2,58.057474689954915,-58.057474689954915
user15,2024-09-07,1470.0,1373.854654937166,3,hgbr_cv_v2,96.14534506283394,-96.14534506283394
user15,2024-09-08,1286.0,1330.266561478349,3,hgbr_cv_v2,44.266561478349104,44.266561478349104
user15,2024-09-09,1988.0,1588.0413868432224,3,hgbr_cv_v2,399.9586131567776,-399.9586131567776
user15,2024-09-10,2523.0,1516.0471204718378,3,hgbr_cv_v2,1006.9528795281622,-1006.9528795281622
user15,2024-09-11,2471.0,1562.4478219678945,3,hgbr_cv_v2,908.5521780321055,-908.5521780321055
user15,2024-09-12,2729.0,1311.1367063312496,3,hgbr_cv_v2,1417.8632936687504,-1417.8632936687504
user15,2024-09-13,2528.0,1349.4175114140107,3,hgbr_cv_v2,1178.5824885859893,-1178.5824885859893
user15,2024-09-14,2760.0,1450.2498972552241,3,hgbr_cv_v2,1309.7501027447759,-1309.7501027447759
user15,2024-09-15,2916.0,1398.7348448897062,3,hgbr_cv_v2,1517.2651551102938,-1517.2651551102938
user15,2024-09-16,2239.0,1814.5416130831252,3,hgbr_cv_v2,424.4583869168748,-424.4583869168748
user15,2024-09-17,2276.0,1465.2665503699498,3,hgbr_cv_v2,810.7334496300502,-810.7334496300502
user15,2024-09-18,2332.0,1530.1978203419344,3,hgbr_cv_v2,801.8021796580656,-801.8021796580656
user15,2024-09-19,2369.0,1718.038348635331,3,hgbr_cv_v2,650.961651364669,-650.961651364669
user15,2024-09-20,2126.0,1899.4748150622293,3,hgbr_cv_v2,226.52518493777075,-226.52518493777075
user15,2024-09-21,1972.0,1927.97569356436,3,hgbr_cv_v2,44.02430643564003,-44.02430643564003
user15,2024-09-22,1871.0,1812.912340455159,3,hgbr_cv_v2,58.08765954484102,-58.08765954484102
user15,2024-09-23,1952.0,1858.655179412371,3,hgbr_cv_v2,93.3448205876291,-93.3448205876291
user15,2024-09-24,1401.0,1715.0773416937682,3,hgbr_cv_v2,314.0773416937682,314.0773416937682
user15,2024-09-25,1687.0,1905.2419466256258,3,hgbr_cv_v2,218.24194662562581,218.24194662562581
user15,2024-09-26,1595.0,1733.1883746643261,3,hgbr_cv_v2,138.18837466432615,138.18837466432615
user15,2024-09-27,1845.0,1365.089449338425,3,hgbr_cv_v2,479.9105506615749,-479.9105506615749
user15,2024-09-28,2361.0,1590.6179784764213,3,hgbr_cv_v2,770.3820215235787,-770.3820215235787
user15,2024-09-29,3213.0,1567.358668323388,3,hgbr_cv_v2,1645.641331676612,-1645.641331676612
user15,2024-09-30,3070.0,1685.5591739540353,3,hgbr_cv_v2,1384.4408260459647,-1384.4408260459647
user16,2025-10-01,1273.0,1739.288943297906,3,hgbr_cv_v2,466.2889432979059,466.2889432979059
user16,2025-10-02,1278.0,2016.2634754484789,3,hgbr_cv_v2,738.2634754484789,738.2634754484789
user16,2025-10-03,1477.0,1713.3625814316995,3,hgbr_cv_v2,236.36258143169948,236.36258143169948
user16,2025-10-04,1590.0,1713.3625814316995,3,hgbr_cv_v2,123.36258143169948,123.36258143169948
user16,2025-10-05,1971.0,1436.018158167205,3,hgbr_cv_v2,534.981841832795,-534.981841832795
user16,2025-10-06,2181.0,1006.3117776346007,3,hgbr_cv_v2,1174.6882223653993,-1174.6882223653993
user16,2025-10-07,1946.0,976.4499161189931,3,hgbr_cv_v2,969.5500838810069,-969.5500838810069
user16,2025-10-08,1977.0,1427.4207141472796,3,hgbr_cv_v2,549.5792858527204,-549.5792858527204
user16,2025-10-09,1918.0,1538.9687332112067,3,hgbr_cv_v2,379.03126678879335,-379.03126678879335
user16,2025-10-10,1995.0,1488.9255279994345,3,hgbr_cv_v2,506.0744720005655,-506.0744720005655
user16,2025-10-11,2165.0,1622.6368720127546,3,hgbr_cv_v2,542.3631279872454,-542.3631279872454
user16,2025-10-12,2043.0,2037.1618520580914,3,hgbr_cv_v2,5.838147941908574,-5.838147941908574
user16,2025-10-13,1999.0,2003.4981566727542,3,hgbr_cv_v2,4.498156672754249,4.498156672754249
user16,2025-10-14,1887.0,2094.78221852341,3,hgbr_cv_v2,207.78221852340994,207.78221852340994
user16,2025-10-15,1941.0,2149.4321081977596,3,hgbr_cv_v2,208.4321081977596,208.4321081977596
user16,2025-10-16,2006.0,2142.567157066738,3,hgbr_cv_v2,136.56715706673822,136.56715706673822
user16,2025-10-17,2026.0,2149.4321081977596,3,hgbr_cv_v2,123.43210819775959,123.43210819775959
user16,2025-10-18,2045.0,2115.4489270004183,3,hgbr_cv_v2,70.44892700041828,70.44892700041828
user16,2025-10-19,2053.0,1896.0530031997912,3,hgbr_cv_v2,156.9469968002088,-156.9469968002088
user16,2025-10-20,2054.0,1997.002193178148,3,hgbr_cv_v2,56.99780682185201,-56.99780682185201
user16,2025-10-21,2523.0,1997.002193178148,3,hgbr_cv_v2,525.997806821852,-525.997806821852
user16,2025-10-22,2300.0,1929.0934549958013,3,hgbr_cv_v2,370.90654500419873,-370.90654500419873
user16,2025-10-23,2145.0,1799.4379955053414,3,hgbr_cv_v2,345.5620044946586,-345.5620044946586
user16,2025-10-24,1943.0,1712.9501302921083,3,hgbr_cv_v2,230.04986970789173,-230.04986970789173
user16,2025-10-25,1641.0,1712.9501302921083,3,hgbr_cv_v2,71.95013029210827,71.95013029210827
user16,2025-10-26,1478.0,1787.7238196054766,3,hgbr_cv_v2,309.7238196054766,309.7238196054766
user16,2025-10-27,1372.0,1827.1524874056013,3,hgbr_cv_v2,455.1524874056013,455.1524874056013
user16,2025-10-28,937.0,1554.802733583424,3,hgbr_cv_v2,617.802733583424,617.802733583424
user16,2025-10-29,1084.0,1641.5257675384441,3,hgbr_cv_v2,557.5257675384441,557.5257675384441
user16,2025-10-30,1089.0,1837.9327885927225,3,hgbr_cv_v2,748.9327885927225,748.9327885927225
user16,2025-10-31,1310.0,1640.4740014248341,3,hgbr_cv_v2,330.4740014248341,330.4740014248341
user2,2024-10-01,1243.0,1886.6154732629523,3,hgbr_cv_v2,643.6154732629523,643.6154732629523
user2,2024-10-02,1153.0,1841.6513997823358,3,hgbr_cv_v2,688.6513997823358,688.6513997823358
user2,2024-10-03,1352.0,1420.9085796194656,3,hgbr_cv_v2,68.90857961946563,68.90857961946563
user2,2024-10-04,1434.0,1645.1973714980327,3,hgbr_cv_v2,211.19737149803268,211.19737149803268
user2,2024-10-05,1434.0,1645.9873197650552,3,hgbr_cv_v2,211.9873197650552,211.9873197650552
user2,2024-10-06,1259.0,1647.514829260613,3,hgbr_cv_v2,388.51482926061294,388.51482926061294
user2,2024-10-07,1244.0,1714.3811391198403,3,hgbr_cv_v2,470.3811391198403,470.3811391198403
user2,2024-10-08,1040.0,1858.134417844738,3,hgbr_cv_v2,818.134417844738,818.134417844738
user2,2024-10-09,970.0,1647.514829260613,3,hgbr_cv_v2,677.5148292606129,677.5148292606129
user2,2024-10-10,635.0,1567.4628687052773,3,hgbr_cv_v2,932.4628687052773,932.4628687052773
user2,2024-10-11,470.0,1815.8251016569805,3,hgbr_cv_v2,1345.8251016569805,1345.8251016569805
user2,2024-10-12,470.0,2077.1165187491347,3,hgbr_cv_v2,1607.1165187491347,1607.1165187491347
user2,2024-10-13,470.0,2042.6247207245406,3,hgbr_cv_v2,1572.6247207245406,1572.6247207245406
user2,2024-10-14,372.0,2052.7186895495893,3,hgbr_cv_v2,1680.7186895495893,1680.7186895495893
user2,2024-10-15,567.0,2096.048828415567,3,hgbr_cv_v2,1529.0488284155672,1529.0488284155672
user2,2024-10-16,801.0,1847.205068524829,3,hgbr_cv_v2,1046.205068524829,1046.205068524829
user2,2024-10-17,897.0,1847.205068524829,3,hgbr_cv_v2,950.2050685248289,950.2050685248289
user2,2024-10-18,1591.0,1847.205068524829,3,hgbr_cv_v2,256.2050685248289,256.2050685248289
user2,2024-10-19,2691.0,1318.288331241202,3,hgbr_cv_v2,1372.711668758798,-1372.711668758798
user2,2024-10-20,2691.0,1409.401245944354,3,hgbr_cv_v2,1281.598754055646,-1281.598754055646
user2,2024-10-21,3008.0,1425.2337620062897,3,hgbr_cv_v2,1582.7662379937103,-1582.7662379937103
user2,2024-10-22,3057.0,1425.0752474337448,3,hgbr_cv_v2,1631.9247525662552,-1631.9247525662552
user2,2024-10-23,3261.0,1244.3544930300113,3,hgbr_cv_v2,2016.6455069699887,-2016.6455069699887
user2,2024-10-24,3571.0,1173.5607978852543,3,hgbr_cv_v2,2397.439202114746,-2397.439202114746
user2,2024-10-25,3058.0,1253.4258731256914,3,hgbr_cv_v2,1804.5741268743086,-1804.5741268743086
user2,2024-10-26,2118.0,1888.2292242908065,3,hgbr_cv_v2,229.77077570919346,-229.77077570919346
user2,2024-10-27,2118.0,2205.016577391715,3,hgbr_cv_v2,87.01657739171515,87.01657739171515
user2,2024-10-28,1634.0,2290.8415807436327,3,hgbr_cv_v2,656.8415807436327,656.8415807436327
user2,2024-10-29,1590.0,2392.262299649985,3,hgbr_cv_v2,802.2622996499849,802.2622996499849
user2,2024-10-30,1468.0,2784.487184135293,3,hgbr_cv_v2,1316.4871841352929,1316.4871841352929
user2,2024-10-31,1247.0,2693.5966738026286,3,hgbr_cv_v2,1446.5966738026286,1446.5966738026286
user3,2025-10-01,3686.0,1454.086220403276,3,hgbr_cv_v2,2231.913779596724,-2231.913779596724
user3,2025-10-02,3558.0,1634.5576719611781,3,hgbr_cv_v2,1923.4423280388219,-1923.4423280388219
user3,2025-10-03,2058.0,1695.1015449234005,3,hgbr_cv_v2,362.8984550765995,-362.8984550765995
user3,2025-10-04,2058.0,1929.7636703094745,3,hgbr_cv_v2,128.2363296905255,-128.2363296905255
user3,2025-10-05,2058.0,1929.7636703094745,3,hgbr_cv_v2,128.2363296905255,-128.2363296905255
user3,2025-10-06,1754.0,1945.87830341222,3,hgbr_cv_v2,191.87830341222002,191.87830341222002
user3,2025-10-07,1509.0,2813.098778971076,3,hgbr_cv_v2,1304.0987789710762,1304.0987789710762
user3,2025-10-08,5224.0,2596.953866126791,3,hgbr_cv_v2,2627.046133873209,-2627.046133873209
user3,2025-10-09,5483.0,2679.0308258840196,3,hgbr_cv_v2,2803.9691741159804,-2803.9691741159804
user3,2025-10-10,6133.0,2312.314031622435,3,hgbr_cv_v2,3820.685968377565,-3820.685968377565
user3,2025-10-11,6133.0,2179.724654557588,3,hgbr_cv_v2,3953.275345442412,-3953.275345442412
user3,2025-10-12,6714.0,2179.724654557588,3,hgbr_cv_v2,4534.275345442412,-4534.275345442412
user3,2025-10-13,6308.0,2559.8610699946375,3,hgbr_cv_v2,3748.1389300053625,-3748.1389300053625
user3,2025-10-14,6408.0,2560.266602982612,3,hgbr_cv_v2,3847.733397017388,-3847.733397017388
user3,2025-10-15,2199.0,3634.381348218933,3,hgbr_cv_v2,1435.381348218933,1435.381348218933
user3,2025-10-16,2693.0,1054.5977679171533,3,hgbr_cv_v2,1638.4022320828467,-1638.4022320828467
user3,2025-10-17,2168.0,785.9025408043983,3,hgbr_cv_v2,1382.0974591956017,-1382.0974591956017
user3,2025-10-18,2168.0,1646.7458080225056,3,hgbr_cv_v2,521.2541919774944,-521.2541919774944
user3,2025-10-19,1587.0,500.42264810003377,3,hgbr_cv_v2,1086.5773518999663,-1086.5773518999663
user3,2025-10-20,1462.0,1317.4839022268752,3,hgbr_cv_v2,144.51609777312478,-144.51609777312478
user3,2025-10-21,1551.0,994.3525540827568,3,hgbr_cv_v2,556.6474459172432,-556.6474459172432
user3,2025-10-22,1588.0,965.6782686930503,3,hgbr_cv_v2,622.3217313069497,-622.3217313069497
user3,2025-10-23,1678.0,1433.5938022866148,3,hgbr_cv_v2,244.40619771338515,-244.40619771338515
user3,2025-10-24,1743.0,2284.824289579779,3,hgbr_cv_v2,541.8242895797789,541.8242895797789
user3,2025-10-25,1743.0,2432.63989522805,3,hgbr_cv_v2,689.6398952280501,689.6398952280501
user3,2025-10-26,1743.0,2387.6296688711877,3,hgbr_cv_v2,644.6296688711877,644.6296688711877
user3,2025-10-27,1873.0,2678.3289479249893,3,hgbr_cv_v2,805.3289479249893,805.3289479249893
user3,2025-10-28,2164.0,2678.3289479249893,3,hgbr_cv_v2,514.3289479249893,514.3289479249893
user3,2025-10-29,2223.0,2705.4992995408875,3,hgbr_cv_v2,482.4992995408875,482.4992995408875
user3,2025-10-30,1948.0,2807.8263772646924,3,hgbr_cv_v2,859.8263772646924,859.8263772646924
user3,2025-10-31,3297.0,2805.9502653221457,3,hgbr_cv_v2,491.0497346778543,-491.0497346778543
user7,2023-04-01,355.0,2343.7686241399842,3,hgbr_cv_v2,1988.7686241399842,1988.7686241399842
user7,2023-04-02,315.0,1932.509906158705,3,hgbr_cv_v2,1617.509906158705,1617.509906158705
user7,2023-04-03,765.0,1939.3748572897268,3,hgbr_cv_v2,1174.3748572897268,1174.3748572897268
user7,2023-04-04,1025.0,1999.3053743063501,3,hgbr_cv_v2,974.3053743063501,974.3053743063501
user7,2023-04-05,1100.0,3507.0436390688737,3,hgbr_cv_v2,2407.0436390688737,2407.0436390688737
user7,2023-04-06,1125.0,2335.1904442501077,3,hgbr_cv_v2,1210.1904442501077,1210.1904442501077
user7,2023-04-07,1224.0,2335.1904442501077,3,hgbr_cv_v2,1111.1904442501077,1111.1904442501077
user7,2023-04-08,1624.0,2124.2803880743877,3,hgbr_cv_v2,500.2803880743877,500.2803880743877
user7,2023-04-09,1679.0,1983.1312596005018,3,hgbr_cv_v2,304.13125960050183,304.13125960050183
user7,2023-04-10,1359.0,1771.710097885964,3,hgbr_cv_v2,412.71009788596393,412.71009788596393
user7,2023-04-11,1099.0,2093.1190176321297,3,hgbr_cv_v2,994.1190176321297,994.1190176321297
user7,2023-04-12,1024.0,2010.533621057094,3,hgbr_cv_v2,986.533621057094,986.533621057094
user7,2023-04-13,1280.0,1644.256967358706,3,hgbr_cv_v2,364.2569673587061,364.2569673587061
user7,2023-04-14,1111.0,1716.020554519026,3,hgbr_cv_v2,605.0205545190261,605.0205545190261
user7,2023-04-15,821.0,3641.9661274023133,3,hgbr_cv_v2,2820.9661274023133,2820.9661274023133
user7,2023-04-16,821.0,1895.2130637182258,3,hgbr_cv_v2,1074.2130637182258,1074.2130637182258
user7,2023-04-17,991.0,1844.9631987799842,3,hgbr_cv_v2,853.9631987799842,853.9631987799842
user7,2023-04-18,2131.0,1895.2130637182258,3,hgbr_cv_v2,235.78693628177416,-235.78693628177416
user7,2023-04-19,2231.0,1467.403293249611,3,hgbr_cv_v2,763.5967067503891,-763.5967067503891
user7,2023-04-20,1954.0,1417.9052262247783,3,hgbr_cv_v2,536.0947737752217,-536.0947737752217
user7,2023-04-21,2144.0,1404.028573917365,3,hgbr_cv_v2,739.9714260826349,-739.9714260826349
user7,2023-04-22,2034.0,1292.1882780905128,3,hgbr_cv_v2,741.8117219094872,-741.8117219094872
user7,2023-04-23,1919.0,1237.8431685028884,3,hgbr_cv_v2,681.1568314971116,-681.1568314971116
user7,2023-04-24,1619.0,1463.4278992560276,3,hgbr_cv_v2,155.57210074397244,-155.57210074397244
user7,2023-04-25,684.0,1580.0738226710682,3,hgbr_cv_v2,896.0738226710682,896.0738226710682
user7,2023-04-26,704.0,1858.768118301279,3,hgbr_cv_v2,1154.768118301279,1154.768118301279
user7,2023-04-27,825.0,1773.2169246218787,3,hgbr_cv_v2,948.2169246218787,948.2169246218787
user7,2023-04-28,1247.0,1976.0436755293686,3,hgbr_cv_v2,729.0436755293686,729.0436755293686
user7,2023-04-29,1247.0,2012.0588249961686,3,hgbr_cv_v2,765.0588249961686,765.0588249961686
user7,2023-04-30,1247.0,1975.553189873067,3,hgbr_cv_v2,728.5531898730669,728.5531898730669
user8,2024-04-01,1502.0,2741.3490128945414,3,hgbr_cv_v2,1239.3490128945414,1239.3490128945414
user8,2024-04-02,1196.0,2143.687332909642,3,hgbr_cv_v2,947.687332909642,947.687332909642
user8,2024-04-03,1392.0,1800.5087647287298,3,hgbr_cv_v2,408.50876472872983,408.50876472872983
user8,2024-04-04,1392.0,2017.5322134968908,3,hgbr_cv_v2,625.5322134968908,625.5322134968908
user8,2024-04-05,1392.0,2017.5322134968908,3,hgbr_cv_v2,625.5322134968908,625.5322134968908
user8,2024-04-06,1102.0,1818.6838114538305,3,hgbr_cv_v2,716.6838114538305,716.6838114538305
user8,2024-04-07,847.0,2220.6697416943753,3,hgbr_cv_v2,1373.6697416943753,1373.6697416943753
user8,2024-04-08,1341.0,2236.5700727682297,3,hgbr_cv_v2,895.5700727682297,895.5700727682297
user8,2024-04-09,2036.0,2350.025815358918,3,hgbr_cv_v2,314.02581535891795,314.02581535891795
user8,2024-04-10,1977.0,2009.24863861479,3,hgbr_cv_v2,32.248638614790025,32.248638614790025
user8,2024-04-11,2216.0,1939.8275193822562,3,hgbr_cv_v2,276.17248061774376,-276.17248061774376
user8,2024-04-12,2416.0,2113.3383194884123,3,hgbr_cv_v2,302.66168051158775,-302.66168051158775
user8,2024-04-13,4779.0,2079.7605961421914,3,hgbr_cv_v2,2699.2394038578086,-2699.2394038578086
user8,2024-04-14,5024.0,1791.0233958716674,3,hgbr_cv_v2,3232.976604128333,-3232.976604128333
user8,2024-04-15,4973.0,1757.2170082286334,3,hgbr_cv_v2,3215.7829917713666,-3215.7829917713666
user8,2024-04-16,4197.0,2542.164458979957,3,hgbr_cv_v2,1654.835541020043,-1654.835541020043
user8,2024-04-17,4291.0,1825.3198885902277,3,hgbr_cv_v2,2465.6801114097725,-2465.6801114097725
user8,2024-04-18,4314.0,2282.5672644683173,3,hgbr_cv_v2,2031.4327355316827,-2031.4327355316827
user8,2024-04-19,4859.0,1995.7522480495638,3,hgbr_cv_v2,2863.2477519504364,-2863.2477519504364
user8,2024-04-20,2496.0,-836.762309800383,3,hgbr_cv_v2,3332.7623098003833,-3332.7623098003833
user8,2024-04-21,2111.0,988.8652031197821,3,hgbr_cv_v2,1122.134796880218,-1122.134796880218
user8,2024-04-22,1824.0,634.2782504909304,3,hgbr_cv_v2,1189.7217495090695,-1189.7217495090695
user8,2024-04-23,1820.0,649.1394937236613,3,hgbr_cv_v2,1170.8605062763386,-1170.8605062763386
user8,2024-04-24,1829.0,2026.3032335300766,3,hgbr_cv_v2,197.30323353007657,197.30323353007657
user8,2024-04-25,1747.0,2026.3032335300766,3,hgbr_cv_v2,279.30323353007657,279.30323353007657
user8,2024-04-26,3535.0,1801.1685105071526,3,hgbr_cv_v2,1733.8314894928474,-1733.8314894928474
user8,2024-04-27,3535.0,427.1458129793361,3,hgbr_cv_v2,3107.854187020664,-3107.854187020664
user8,2024-04-28,4340.0,1800.5087647287298,3,hgbr_cv_v2,2539.49123527127,-2539.49123527127
user8,2024-04-29,4298.0,1999.1386813598601,3,hgbr_cv_v2,2298.86131864014,-2298.86131864014
user8,2024-04-30,4288.0,2028.7518400709102,3,hgbr_cv_v2,2259.2481599290895,-2259.2481599290895
