user_id,date,daily_income,daily_expense,txn_count,income_txn_count,expense_txn_count,daily_net,has_income,has_expense,dow,is_weekend,day,month,is_summer_vacation,is_winter_vacation,expense_7d_sum,expense_7d_mean,net_7d_sum,txn_7d_sum,expense_30d_sum,expense_30d_mean,net_30d_sum,txn_30d_sum,future_expense_7d_sum,month_start
user1,2023-09-01,0.0,0.0,0,0,0,0.0,0,0,4,0,1,9,0,0,2020.0,673.3333333333334,-2020.0,3.0,2020.0,673.3333333333334,-2020.0,3.0,3934.0,2023-09-01
user1,2023-09-02,0.0,0.0,0,0,0,0.0,0,0,5,1,2,9,0,0,2020.0,505.0,-2020.0,3.0,2020.0,505.0,-2020.0,3.0,3934.0,2023-09-01
user1,2023-09-03,0.0,0.0,0,0,0,0.0,0,0,6,1,3,9,0,0,2020.0,404.0,-2020.0,3.0,2020.0,404.0,-2020.0,3.0,3934.0,2023-09-01
user1,2023-09-04,0.0,0.0,0,0,0,0.0,0,0,0,0,4,9,0,0,2020.0,336.6666666666667,-2020.0,3.0,2020.0,336.6666666666667,-2020.0,3.0,4279.0,2023-09-01
user1,2023-09-05,0.0,226.0,1,0,1,-226.0,0,1,1,0,5,9,0,0,2020.0,288.57142857142856,-2020.0,3.0,2020.0,288.57142857142856,-2020.0,3.0,4122.0,2023-09-01
user1,2023-09-06,0.0,508.0,3,0,3,-508.0,0,1,2,0,6,9,0,0,226.0,32.285714285714285,-226.0,1.0,2246.0,280.75,-2246.0,4.0,3796.0,2023-09-01
user1,2023-09-07,0.0,200.0,2,0,2,-200.0,0,1,3,0,7,9,0,0,734.0,104.85714285714286,-734.0,4.0,2754.0,306.0,-2754.0,7.0,3934.0,2023-09-01
user1,2023-09-08,0.0,3000.0,1,0,1,-3000.0,0,1,4,0,8,9,0,0,934.0,133.42857142857142,-934.0,6.0,2954.0,295.4,-2954.0,9.0,1889.0,2023-09-01
user1,2023-09-09,0.0,0.0,0,0,0,0.0,0,0,5,1,9,9,0,0,3934.0,562.0,-3934.0,7.0,5954.0,541.2727272727273,-5954.0,10.0,1889.0,2023-09-01
user1,2023-09-10,0.0,0.0,0,0,0,0.0,0,0,6,1,10,9,0,0,3934.0,562.0,-3934.0,7.0,5954.0,496.1666666666667,-5954.0,10.0,1889.0,2023-09-01
user1,2023-09-11,0.0,345.0,4,0,4,-345.0,0,1,0,0,11,9,0,0,3934.0,562.0,-3934.0,7.0,5954.0,458.0,-5954.0,10.0,1896.0,2023-09-01
user1,2023-09-12,0.0,69.0,1,0,1,-69.0,0,1,1,0,12,9,0,0,4279.0,611.2857142857143,-4279.0,11.0,6299.0,449.92857142857144,-6299.0,14.0,1849.0,2023-09-01
user1,2023-09-13,0.0,182.0,2,0,2,-182.0,0,1,2,0,13,9,0,0,4122.0,588.8571428571429,-4122.0,11.0,6368.0,424.53333333333336,-6368.0,15.0,1930.0,2023-09-01
user1,2023-09-14,0.0,338.0,3,0,3,-338.0,0,1,3,0,14,9,0,0,3796.0,542.2857142857143,-3796.0,10.0,6550.0,409.375,-6550.0,17.0,1919.0,2023-09-01
user1,2023-09-15,0.0,955.0,2,0,2,-955.0,0,1,4,0,15,9,0,0,3934.0,562.0,-3934.0,11.0,6888.0,405.1764705882353,-6888.0,20.0,1094.0,2023-09-01
user1,2023-09-16,0.0,0.0,0,0,0,0.0,0,0,5,1,16,9,0,0,1889.0,269.85714285714283,-1889.0,12.0,7843.0,435.72222222222223,-7843.0,22.0,1094.0,2023-09-01
user1,2023-09-17,0.0,0.0,0,0,0,0.0,0,0,6,1,17,9,0,0,1889.0,269.85714285714283,-1889.0,12.0,7843.0,412.7894736842105,-7843.0,22.0,1094.0,2023-09-01
user1,2023-09-18,0.0,352.0,3,0,3,-352.0,0,1,0,0,18,9,0,0,1889.0,269.85714285714283,-1889.0,12.0,7843.0,392.15,-7843.0,22.0,1472.0,2023-09-01
user1,2023-09-19,0.0,22.0,1,0,1,-22.0,0,1,1,0,19,9,0,0,1896.0,270.85714285714283,-1896.0,11.0,8195.0,390.23809523809524,-8195.0,25.0,1500.0,2023-09-01
user1,2023-09-20,0.0,263.0,2,0,2,-263.0,0,1,2,0,20,9,0,0,1849.0,264.14285714285717,-1849.0,11.0,8217.0,373.5,-8217.0,26.0,1452.0,2023-09-01
user1,2023-09-21,0.0,327.0,2,0,2,-327.0,0,1,3,0,21,9,0,0,1930.0,275.7142857142857,-1930.0,11.0,8480.0,368.69565217391306,-8480.0,28.0,1573.0,2023-09-01
user1,2023-09-22,0.0,130.0,1,0,1,-130.0,0,1,4,0,22,9,0,0,1919.0,274.14285714285717,-1919.0,10.0,8807.0,366.9583333333333,-8807.0,30.0,1443.0,2023-09-01
user1,2023-09-23,0.0,0.0,0,0,0,0.0,0,0,5,1,23,9,0,0,1094.0,156.28571428571428,-1094.0,9.0,8937.0,357.48,-8937.0,31.0,1443.0,2023-09-01
user1,2023-09-24,0.0,0.0,0,0,0,0.0,0,0,6,1,24,9,0,0,1094.0,156.28571428571428,-1094.0,9.0,8937.0,343.7307692307692,-8937.0,31.0,1443.0,2023-09-01
user1,2023-09-25,0.0,730.0,1,0,1,-730.0,0,1,0,0,25,9,0,0,1094.0,156.28571428571428,-1094.0,9.0,8937.0,331.0,-8937.0,31.0,1017.0,2023-09-01
user1,2023-09-26,0.0,50.0,1,0,1,-50.0,0,1,1,0,26,9,0,0,1472.0,210.28571428571428,-1472.0,7.0,9667.0,345.25,-9667.0,32.0,1662.0,2023-09-01
user1,2023-09-27,0.0,215.0,3,0,3,-215.0,0,1,2,0,27,9,0,0,1500.0,214.28571428571428,-1500.0,7.0,9717.0,335.0689655172414,-9717.0,33.0,1727.0,2023-09-01
user1,2023-09-28,0.0,448.0,4,0,4,-448.0,0,1,3,0,28,9,0,0,1452.0,207.42857142857142,-1452.0,8.0,9932.0,331.06666666666666,-9932.0,36.0,1534.0,2023-09-01
user1,2023-09-29,0.0,0.0,0,0,0,0.0,0,0,4,0,29,9,0,0,1573.0,224.71428571428572,-1573.0,10.0,8360.0,278.6666666666667,-8360.0,37.0,2399.0,2023-09-01
user1,2023-09-30,0.0,0.0,0,0,0,0.0,0,0,5,1,30,9,0,0,1443.0,206.14285714285714,-1443.0,9.0,8360.0,278.6666666666667,-8360.0,37.0,2399.0,2023-09-01
user1,2023-10-01,0.0,0.0,0,0,0,0.0,0,0,6,1,1,10,0,0,1443.0,206.14285714285714,-1443.0,9.0,8360.0,278.6666666666667,-8360.0,37.0,2399.0,2023-10-01
user1,2023-10-02,0.0,304.0,4,0,4,-304.0,0,1,0,0,2,10,0,0,1443.0,206.14285714285714,-1443.0,9.0,8360.0,278.6666666666667,-8360.0,37.0,2634.0,2023-10-01
user1,2023-10-03,0.0,695.0,3,0,3,-695.0,0,1,1,0,3,10,0,0,1017.0,145.28571428571428,-1017.0,12.0,8664.0,288.8,-8664.0,41.0,2414.0,2023-10-01
user1,2023-10-04,0.0,280.0,2,0,2,-280.0,0,1,2,0,4,10,0,0,1662.0,237.42857142857142,-1662.0,14.0,9359.0,311.96666666666664,-9359.0,44.0,2269.0,2023-10-01
user1,2023-10-05,0.0,255.0,2,0,2,-255.0,0,1,3,0,5,10,0,0,1727.0,246.71428571428572,-1727.0,13.0,9639.0,321.3,-9639.0,46.0,2219.0,2023-10-01
user1,2023-10-06,0.0,865.0,2,0,2,-865.0,0,1,4,0,6,10,0,0,1534.0,219.14285714285714,-1534.0,11.0,9668.0,322.26666666666665,-9668.0,47.0,1689.0,2023-10-01
user1,2023-10-07,0.0,0.0,0,0,0,0.0,0,0,5,1,7,10,0,0,2399.0,342.7142857142857,-2399.0,13.0,10025.0,334.1666666666667,-10025.0,46.0,1714.0,2023-10-01
user1,2023-10-08,0.0,0.0,0,0,0,0.0,0,0,6,1,8,10,0,0,2399.0,342.7142857142857,-2399.0,13.0,9825.0,327.5,-9825.0,44.0,1864.0,2023-10-01
user1,2023-10-09,0.0,539.0,4,0,4,-539.0,0,1,0,0,9,10,0,0,2399.0,342.7142857142857,-2399.0,13.0,6825.0,227.5,-6825.0,43.0,1545.0,2023-10-01
user1,2023-10-10,0.0,475.0,4,0,4,-475.0,0,1,1,0,10,10,0,0,2634.0,376.2857142857143,-2634.0,13.0,7364.0,245.46666666666667,-7364.0,47.0,1217.0,2023-10-01
user1,2023-10-11,0.0,135.0,3,0,3,-135.0,0,1,2,0,11,10,0,0,2414.0,344.85714285714283,-2414.0,14.0,7839.0,261.3,-7839.0,51.0,1247.0,2023-10-01
user1,2023-10-12,0.0,205.0,2,0,2,-205.0,0,1,3,0,12,10,0,0,2269.0,324.14285714285717,-2269.0,15.0,7629.0,254.3,-7629.0,50.0,1280.0,2023-10-01
user1,2023-10-13,0.0,335.0,2,0,2,-335.0,0,1,4,0,13,10,0,0,2219.0,317.0,-2219.0,15.0,7765.0,258.8333333333333,-7765.0,51.0,1208.0,2023-10-01
user1,2023-10-14,0.0,25.0,1,0,1,-25.0,0,1,5,1,14,10,0,0,1689.0,241.28571428571428,-1689.0,15.0,7918.0,263.93333333333334,-7918.0,51.0,2083.0,2023-10-01
user1,2023-10-15,0.0,150.0,1,0,1,-150.0,0,1,6,1,15,10,0,0,1714.0,244.85714285714286,-1714.0,16.0,7605.0,253.5,-7605.0,49.0,2383.0,2023-10-01
user1,2023-10-16,0.0,220.0,2,0,2,-220.0,0,1,0,0,16,10,0,0,1864.0,266.2857142857143,-1864.0,17.0,6800.0,226.66666666666666,-6800.0,48.0,2393.0,2023-10-01
user1,2023-10-17,0.0,147.0,2,0,2,-147.0,0,1,1,0,17,10,0,0,1545.0,220.71428571428572,-1545.0,15.0,7020.0,234.0,-7020.0,50.0,2441.0,2023-10-01
user1,2023-10-18,0.0,165.0,2,0,2,-165.0,0,1,2,0,18,10,0,0,1217.0,173.85714285714286,-1217.0,13.0,7167.0,238.9,-7167.0,52.0,2566.0,2023-10-01
user1,2023-10-19,0.0,238.0,2,0,2,-238.0,0,1,3,0,19,10,0,0,1247.0,178.14285714285714,-1247.0,12.0,6980.0,232.66666666666666,-6980.0,51.0,2619.0,2023-10-01
user1,2023-10-20,0.0,263.0,4,0,4,-263.0,0,1,4,0,20,10,0,0,1280.0,182.85714285714286,-1280.0,12.0,7196.0,239.86666666666667,-7196.0,52.0,2740.0,2023-10-01
user1,2023-10-21,0.0,900.0,3,0,3,-900.0,0,1,5,1,21,10,0,0,1208.0,172.57142857142858,-1208.0,14.0,7196.0,239.86666666666667,-7196.0,54.0,2738.0,2023-10-01
user1,2023-10-22,0.0,450.0,1,0,1,-450.0,0,1,6,1,22,10,0,0,2083.0,297.57142857142856,-2083.0,16.0,7769.0,258.96666666666664,-7769.0,55.0,2288.0,2023-10-01
user1,2023-10-23,0.0,230.0,3,0,3,-230.0,0,1,0,0,23,10,0,0,2383.0,340.42857142857144,-2383.0,16.0,8089.0,269.6333333333333,-8089.0,55.0,2058.0,2023-10-01
user1,2023-10-24,0.0,195.0,3,0,3,-195.0,0,1,1,0,24,10,0,0,2393.0,341.85714285714283,-2393.0,17.0,8319.0,277.3,-8319.0,58.0,3661.0,2023-10-01
user1,2023-10-25,0.0,290.0,4,0,4,-290.0,0,1,2,0,25,10,0,0,2441.0,348.7142857142857,-2441.0,18.0,8514.0,283.8,-8514.0,61.0,3699.0,2023-10-01
user1,2023-10-26,0.0,291.0,4,0,4,-291.0,0,1,3,0,26,10,0,0,2566.0,366.57142857142856,-2566.0,20.0,8074.0,269.1333333333333,-8074.0,64.0,3653.0,2023-10-01
user1,2023-10-27,0.0,384.0,5,0,5,-384.0,0,1,4,0,27,10,0,0,2619.0,374.14285714285717,-2619.0,22.0,8315.0,277.1666666666667,-8315.0,67.0,3506.0,2023-10-01
user1,2023-10-28,0.0,898.0,3,0,3,-898.0,0,1,5,1,28,10,0,0,2740.0,391.42857142857144,-2740.0,23.0,8484.0,282.8,-8484.0,69.0,2687.0,2023-10-01
user1,2023-10-29,0.0,0.0,0,0,0,0.0,0,0,6,1,29,10,0,0,2738.0,391.14285714285717,-2738.0,23.0,8934.0,297.8,-8934.0,68.0,2687.0,2023-10-01
user1,2023-10-30,0.0,0.0,0,0,0,0.0,0,0,0,0,30,10,0,0,2288.0,326.85714285714283,-2288.0,22.0,8934.0,297.8,-8934.0,68.0,3087.0,2023-10-01
user1,2023-10-31,0.0,1798.0,10,0,10,-1798.0,0,1,1,0,31,10,0,0,2058.0,294.0,-2058.0,19.0,8934.0,297.8,-8934.0,68.0,1533.0,2023-10-01
user2,2024-03-01,0.0,845.0,3,0,3,-845.0,0,1,4,0,1,3,0,0,2215.0,316.42857142857144,-2215.0,13.0,4875.0,162.5,-4875.0,34.0,1317.0,2024-03-01
user2,2024-03-02,0.0,0.0,0,0,0,0.0,0,0,5,1,2,3,0,0,2363.0,337.57142857142856,-2363.0,11.0,5720.0,190.66666666666666,-5720.0,37.0,1317.0,2024-03-01
user2,2024-03-03,0.0,0.0,0,0,0,0.0,0,0,6,1,3,3,0,0,2363.0,337.57142857142856,-2363.0,11.0,5720.0,190.66666666666666,-5720.0,37.0,1317.0,2024-03-01
user2,2024-03-04,0.0,155.0,2,0,2,-155.0,0,1,0,0,4,3,0,0,2363.0,337.57142857142856,-2363.0,11.0,5720.0,190.66666666666666,-5720.0,37.0,1472.0,2024-03-01
user2,2024-03-05,0.0,350.0,3,0,3,-350.0,0,1,1,0,5,3,0,0,2518.0,359.7142857142857,-2518.0,13.0,5875.0,195.83333333333334,-5875.0,39.0,1357.0,2024-03-01
user2,2024-03-06,0.0,226.0,3,0,3,-226.0,0,1,2,0,6,3,0,0,2081.0,297.2857142857143,-2081.0,13.0,6225.0,207.5,-6225.0,42.0,1551.0,2024-03-01
user2,2024-03-07,0.0,506.0,2,0,2,-506.0,0,1,3,0,7,3,0,0,1576.0,225.14285714285714,-1576.0,11.0,6451.0,215.03333333333333,-6451.0,45.0,1669.0,2024-03-01
user2,2024-03-08,0.0,80.0,1,0,1,-80.0,0,1,4,0,8,3,0,0,2082.0,297.42857142857144,-2082.0,13.0,6957.0,231.9,-6957.0,47.0,1754.0,2024-03-01
user2,2024-03-09,0.0,0.0,0,0,0,0.0,0,0,5,1,9,3,0,0,1317.0,188.14285714285714,-1317.0,11.0,6337.0,211.23333333333332,-6337.0,46.0,1834.0,2024-03-01
user2,2024-03-10,0.0,0.0,0,0,0,0.0,0,0,6,1,10,3,0,0,1317.0,188.14285714285714,-1317.0,11.0,6337.0,211.23333333333332,-6337.0,46.0,1834.0,2024-03-01
user2,2024-03-11,0.0,310.0,3,0,3,-310.0,0,1,0,0,11,3,0,0,1317.0,188.14285714285714,-1317.0,11.0,6337.0,211.23333333333332,-6337.0,46.0,1734.0,2024-03-01
user2,2024-03-12,0.0,235.0,4,0,4,-235.0,0,1,1,0,12,3,0,0,1472.0,210.28571428571428,-1472.0,12.0,6647.0,221.56666666666666,-6647.0,49.0,2161.0,2024-03-01
user2,2024-03-13,0.0,420.0,2,0,2,-420.0,0,1,2,0,13,3,0,0,1357.0,193.85714285714286,-1357.0,13.0,6882.0,229.4,-6882.0,53.0,1941.0,2024-03-01
user2,2024-03-14,0.0,624.0,7,0,7,-624.0,0,1,3,0,14,3,0,0,1551.0,221.57142857142858,-1551.0,12.0,7302.0,243.4,-7302.0,55.0,4005.0,2024-03-01
user2,2024-03-15,0.0,165.0,2,0,2,-165.0,0,1,4,0,15,3,0,0,1669.0,238.42857142857142,-1669.0,17.0,7926.0,264.2,-7926.0,62.0,4030.0,2024-03-01
user2,2024-03-16,0.0,80.0,2,0,2,-80.0,0,1,5,1,16,3,0,0,1754.0,250.57142857142858,-1754.0,18.0,7921.0,264.03333333333336,-7921.0,62.0,3950.0,2024-03-01
user2,2024-03-17,0.0,0.0,0,0,0,0.0,0,0,6,1,17,3,0,0,1834.0,262.0,-1834.0,20.0,7581.0,252.7,-7581.0,61.0,4170.0,2024-03-01
user2,2024-03-18,0.0,210.0,2,0,2,-210.0,0,1,0,0,18,3,0,0,1834.0,262.0,-1834.0,20.0,7480.0,249.33333333333334,-7480.0,60.0,4265.0,2024-03-01
user2,2024-03-19,0.0,662.0,4,0,4,-662.0,0,1,1,0,19,3,0,0,1734.0,247.71428571428572,-1734.0,19.0,7444.0,248.13333333333333,-7444.0,59.0,3875.0,2024-03-01
user2,2024-03-20,0.0,200.0,2,0,2,-200.0,0,1,2,0,20,3,0,0,2161.0,308.7142857142857,-2161.0,19.0,8106.0,270.2,-8106.0,63.0,4175.0,2024-03-01
user2,2024-03-21,0.0,2688.0,8,0,8,-2688.0,0,1,3,0,21,3,0,0,1941.0,277.2857142857143,-1941.0,19.0,7982.0,266.06666666666666,-7982.0,62.0,1837.0,2024-03-01
user2,2024-03-22,0.0,190.0,2,0,2,-190.0,0,1,4,0,22,3,0,0,4005.0,572.1428571428571,-4005.0,20.0,10505.0,350.1666666666667,-10505.0,68.0,1807.0,2024-03-01
user2,2024-03-23,0.0,0.0,0,0,0,0.0,0,0,5,1,23,3,0,0,4030.0,575.7142857142857,-4030.0,20.0,10450.0,348.3333333333333,-10450.0,68.0,1807.0,2024-03-01
user2,2024-03-24,0.0,220.0,2,0,2,-220.0,0,1,6,1,24,3,0,0,3950.0,564.2857142857143,-3950.0,18.0,10161.0,338.7,-10161.0,65.0,1587.0,2024-03-01
user2,2024-03-25,0.0,305.0,3,0,3,-305.0,0,1,0,0,25,3,0,0,4170.0,595.7142857142857,-4170.0,20.0,9684.0,322.8,-9684.0,62.0,1282.0,2024-03-01
user2,2024-03-26,0.0,272.0,4,0,4,-272.0,0,1,1,0,26,3,0,0,4265.0,609.2857142857143,-4265.0,21.0,9989.0,332.96666666666664,-9989.0,65.0,1896.0,2024-03-01
user2,2024-03-27,0.0,500.0,2,0,2,-500.0,0,1,2,0,27,3,0,0,3875.0,553.5714285714286,-3875.0,21.0,10261.0,342.03333333333336,-10261.0,69.0,1396.0,2024-03-01
user2,2024-03-28,0.0,350.0,3,0,3,-350.0,0,1,3,0,28,3,0,0,4175.0,596.4285714285714,-4175.0,21.0,10761.0,358.7,-10761.0,71.0,1656.0,2024-03-01
user2,2024-03-29,0.0,160.0,2,0,2,-160.0,0,1,4,0,29,3,0,0,1837.0,262.42857142857144,-1837.0,16.0,10324.0,344.1333333333333,-10324.0,71.0,1546.0,2024-03-01
user2,2024-03-30,0.0,0.0,0,0,0,0.0,0,0,5,1,30,3,0,0,1807.0,258.14285714285717,-1807.0,16.0,9753.0,325.1,-9753.0,68.0,1546.0,2024-03-01
user2,2024-03-31,0.0,0.0,0,0,0,0.0,0,0,6,1,31,3,0,0,1807.0,258.14285714285717,-1807.0,16.0,9753.0,325.1,-9753.0,68.0,1546.0,2024-03-01
user2,2024-04-01,0.0,0.0,0,0,0,0.0,0,0,0,0,1,4,0,0,1587.0,226.71428571428572,-1587.0,14.0,8908.0,296.93333333333334,-8908.0,65.0,1546.0,2024-04-01
user2,2024-04-02,0.0,886.0,5,0,5,-886.0,0,1,1,0,2,4,0,0,1282.0,183.14285714285714,-1282.0,11.0,8908.0,296.93333333333334,-8908.0,65.0,955.0,2024-04-01
user2,2024-04-03,0.0,0.0,0,0,0,0.0,0,0,2,0,3,4,0,0,1896.0,270.85714285714283,-1896.0,12.0,9794.0,326.46666666666664,-9794.0,70.0,1399.0,2024-04-01
user2,2024-04-04,0.0,610.0,5,0,5,-610.0,0,1,3,0,4,4,0,0,1396.0,199.42857142857142,-1396.0,10.0,9639.0,321.3,-9639.0,68.0,1081.0,2024-04-01
user2,2024-04-05,0.0,50.0,1,0,1,-50.0,0,1,4,0,5,4,0,0,1656.0,236.57142857142858,-1656.0,12.0,9899.0,329.96666666666664,-9899.0,70.0,1141.0,2024-04-01
user2,2024-04-06,0.0,0.0,0,0,0,0.0,0,0,5,1,6,4,0,0,1546.0,220.85714285714286,-1546.0,11.0,9723.0,324.1,-9723.0,68.0,1711.0,2024-04-01
user2,2024-04-07,0.0,0.0,0,0,0,0.0,0,0,6,1,7,4,0,0,1546.0,220.85714285714286,-1546.0,11.0,9217.0,307.23333333333335,-9217.0,66.0,1711.0,2024-04-01
user2,2024-04-08,0.0,0.0,0,0,0,0.0,0,0,0,0,8,4,0,0,1546.0,220.85714285714286,-1546.0,11.0,9137.0,304.56666666666666,-9137.0,65.0,1711.0,2024-04-01
user2,2024-04-09,0.0,295.0,4,0,4,-295.0,0,1,1,0,9,4,0,0,1546.0,220.85714285714286,-1546.0,11.0,9137.0,304.56666666666666,-9137.0,65.0,1656.0,2024-04-01
user2,2024-04-10,0.0,444.0,3,0,3,-444.0,0,1,2,0,10,4,0,0,955.0,136.42857142857142,-955.0,10.0,9432.0,314.4,-9432.0,69.0,1455.0,2024-04-01
user2,2024-04-11,0.0,292.0,2,0,2,-292.0,0,1,3,0,11,4,0,0,1399.0,199.85714285714286,-1399.0,13.0,9566.0,318.8666666666667,-9566.0,69.0,1931.0,2024-04-01
user2,2024-04-12,0.0,110.0,1,0,1,-110.0,0,1,4,0,12,4,0,0,1081.0,154.42857142857142,-1081.0,10.0,9623.0,320.76666666666665,-9623.0,67.0,2709.0,2024-04-01
user2,2024-04-13,0.0,570.0,3,0,3,-570.0,0,1,5,1,13,4,0,0,1141.0,163.0,-1141.0,10.0,9313.0,310.43333333333334,-9313.0,66.0,2139.0,2024-04-01
user2,2024-04-14,0.0,0.0,0,0,0,0.0,0,0,6,1,14,4,0,0,1711.0,244.42857142857142,-1711.0,13.0,9259.0,308.6333333333333,-9259.0,62.0,2139.0,2024-04-01
user2,2024-04-15,0.0,0.0,0,0,0,0.0,0,0,0,0,15,4,0,0,1711.0,244.42857142857142,-1711.0,13.0,9094.0,303.1333333333333,-9094.0,60.0,2239.0,2024-04-01
user2,2024-04-16,0.0,240.0,3,0,3,-240.0,0,1,1,0,16,4,0,0,1711.0,244.42857142857142,-1711.0,13.0,9014.0,300.46666666666664,-9014.0,58.0,2224.0,2024-04-01
user2,2024-04-17,0.0,243.0,3,0,3,-243.0,0,1,2,0,17,4,0,0,1656.0,236.57142857142858,-1656.0,12.0,9254.0,308.46666666666664,-9254.0,61.0,2177.0,2024-04-01
user2,2024-04-18,0.0,768.0,4,0,4,-768.0,0,1,3,0,18,4,0,0,1455.0,207.85714285714286,-1455.0,12.0,9287.0,309.56666666666666,-9287.0,62.0,1409.0,2024-04-01
user2,2024-04-19,0.0,888.0,5,0,5,-888.0,0,1,4,0,19,4,0,0,1931.0,275.85714285714283,-1931.0,14.0,9393.0,313.1,-9393.0,62.0,521.0,2024-04-01
user2,2024-04-20,0.0,0.0,0,0,0,0.0,0,0,5,1,20,4,0,0,2709.0,387.0,-2709.0,18.0,10081.0,336.03333333333336,-10081.0,65.0,521.0,2024-04-01
user2,2024-04-21,0.0,0.0,0,0,0,0.0,0,0,6,1,21,4,0,0,2139.0,305.57142857142856,-2139.0,15.0,7393.0,246.43333333333334,-7393.0,57.0,521.0,2024-04-01
user2,2024-04-22,0.0,100.0,1,0,1,-100.0,0,1,0,0,22,4,0,0,2139.0,305.57142857142856,-2139.0,15.0,7203.0,240.1,-7203.0,55.0,1611.0,2024-04-01
user2,2024-04-23,0.0,225.0,3,0,3,-225.0,0,1,1,0,23,4,0,0,2239.0,319.85714285714283,-2239.0,16.0,7303.0,243.43333333333334,-7303.0,56.0,2091.0,2024-04-01
user2,2024-04-24,0.0,196.0,2,0,2,-196.0,0,1,2,0,24,4,0,0,2224.0,317.7142857142857,-2224.0,16.0,7308.0,243.6,-7308.0,57.0,2064.0,2024-04-01
user2,2024-04-25,0.0,0.0,0,0,0,0.0,0,0,3,0,25,4,0,0,2177.0,311.0,-2177.0,15.0,7199.0,239.96666666666667,-7199.0,56.0,2332.0,2024-04-01
user2,2024-04-26,0.0,0.0,0,0,0,0.0,0,0,4,0,26,4,0,0,1409.0,201.28571428571428,-1409.0,11.0,6927.0,230.9,-6927.0,52.0,2962.0,2024-04-01
user2,2024-04-27,0.0,0.0,0,0,0,0.0,0,0,5,1,27,4,0,0,521.0,74.42857142857143,-521.0,6.0,6427.0,214.23333333333332,-6427.0,50.0,2962.0,2024-04-01
user2,2024-04-28,0.0,0.0,0,0,0,0.0,0,0,6,1,28,4,0,0,521.0,74.42857142857143,-521.0,6.0,6077.0,202.56666666666666,-6077.0,47.0,2962.0,2024-04-01
user2,2024-04-29,0.0,1190.0,7,0,7,-1190.0,0,1,0,0,29,4,0,0,521.0,74.42857142857143,-521.0,6.0,5917.0,197.23333333333332,-5917.0,45.0,2122.0,2024-04-01
user2,2024-04-30,0.0,705.0,4,0,4,-705.0,0,1,1,0,30,4,0,0,1611.0,230.14285714285714,-1611.0,12.0,7107.0,236.9,-7107.0,52.0,1666.0,2024-04-01
user2,2024-05-01,0.0,169.0,2,0,2,-169.0,0,1,2,0,1,5,0,0,2091.0,298.7142857142857,-2091.0,13.0,7812.0,260.4,-7812.0,56.0,1738.0,2024-05-01
user2,2024-05-02,0.0,268.0,2,0,2,-268.0,0,1,3,0,2,5,0,0,2064.0,294.85714285714283,-2064.0,13.0,7981.0,266.03333333333336,-7981.0,58.0,1907.0,2024-05-01
user2,2024-05-03,0.0,630.0,4,0,4,-630.0,0,1,4,0,3,5,0,0,2332.0,333.14285714285717,-2332.0,15.0,7363.0,245.43333333333334,-7363.0,55.0,1377.0,2024-05-01
user2,2024-05-04,0.0,0.0,0,0,0,0.0,0,0,5,1,4,5,0,0,2962.0,423.14285714285717,-2962.0,19.0,7993.0,266.43333333333334,-7993.0,59.0,1377.0,2024-05-01
user2,2024-05-05,0.0,0.0,0,0,0,0.0,0,0,6,1,5,5,0,0,2962.0,423.14285714285717,-2962.0,19.0,7383.0,246.1,-7383.0,54.0,1377.0,2024-05-01
user2,2024-05-06,0.0,350.0,2,0,2,-350.0,0,1,0,0,6,5,0,0,2962.0,423.14285714285717,-2962.0,19.0,7333.0,244.43333333333334,-7333.0,53.0,1567.0,2024-05-01
user2,2024-05-07,0.0,249.0,4,0,4,-249.0,0,1,1,0,7,5,0,0,2122.0,303.14285714285717,-2122.0,14.0,7683.0,256.1,-7683.0,55.0,1563.0,2024-05-01
user2,2024-05-08,0.0,241.0,3,0,3,-241.0,0,1,2,0,8,5,0,0,1666.0,238.0,-1666.0,14.0,7932.0,264.4,-7932.0,59.0,1573.0,2024-05-01
user2,2024-05-09,0.0,437.0,5,0,5,-437.0,0,1,3,0,9,5,0,0,1738.0,248.28571428571428,-1738.0,15.0,8173.0,272.43333333333334,-8173.0,62.0,1429.0,2024-05-01
user2,2024-05-10,0.0,100.0,2,0,2,-100.0,0,1,4,0,10,5,0,0,1907.0,272.42857142857144,-1907.0,18.0,8315.0,277.1666666666667,-8315.0,63.0,1726.0,2024-05-01
user2,2024-05-11,0.0,0.0,0,0,0,0.0,0,0,5,1,11,5,0,0,1377.0,196.71428571428572,-1377.0,16.0,7971.0,265.7,-7971.0,62.0,1726.0,2024-05-01
user2,2024-05-12,0.0,0.0,0,0,0,0.0,0,0,6,1,12,5,0,0,1377.0,196.71428571428572,-1377.0,16.0,7679.0,255.96666666666667,-7679.0,60.0,2337.0,2024-05-01
user2,2024-05-13,0.0,540.0,2,0,2,-540.0,0,1,0,0,13,5,0,0,1377.0,196.71428571428572,-1377.0,16.0,7569.0,252.3,-7569.0,59.0,2147.0,2024-05-01
user2,2024-05-14,0.0,245.0,2,0,2,-245.0,0,1,1,0,14,5,0,0,1567.0,223.85714285714286,-1567.0,16.0,7539.0,251.3,-7539.0,58.0,2036.0,2024-05-01
user2,2024-05-15,0.0,251.0,3,0,3,-251.0,0,1,2,0,15,5,0,0,1563.0,223.28571428571428,-1563.0,14.0,7784.0,259.46666666666664,-7784.0,60.0,2081.0,2024-05-01
user2,2024-05-16,0.0,293.0,3,0,3,-293.0,0,1,3,0,16,5,0,0,1573.0,224.71428571428572,-1573.0,14.0,8035.0,267.8333333333333,-8035.0,63.0,2433.0,2024-05-01
user2,2024-05-17,0.0,397.0,3,0,3,-397.0,0,1,4,0,17,5,0,0,1429.0,204.14285714285714,-1429.0,12.0,8088.0,269.6,-8088.0,63.0,2312.0,2024-05-01
user2,2024-05-18,0.0,0.0,0,0,0,0.0,0,0,5,1,18,5,0,0,1726.0,246.57142857142858,-1726.0,13.0,8242.0,274.73333333333335,-8242.0,63.0,2312.0,2024-05-01
user2,2024-05-19,0.0,611.0,5,0,5,-611.0,0,1,6,1,19,5,0,0,1726.0,246.57142857142858,-1726.0,13.0,7474.0,249.13333333333333,-7474.0,59.0,1701.0,2024-05-01
user2,2024-05-20,0.0,350.0,2,0,2,-350.0,0,1,0,0,20,5,0,0,2337.0,333.85714285714283,-2337.0,18.0,7197.0,239.9,-7197.0,59.0,2965.0,2024-05-01
user2,2024-05-21,0.0,134.0,2,0,2,-134.0,0,1,1,0,21,5,0,0,2147.0,306.7142857142857,-2147.0,18.0,7547.0,251.56666666666666,-7547.0,61.0,3194.0,2024-05-01
user2,2024-05-22,0.0,296.0,4,0,4,-296.0,0,1,2,0,22,5,0,0,2036.0,290.85714285714283,-2036.0,18.0,7681.0,256.03333333333336,-7681.0,63.0,3193.0,2024-05-01
user2,2024-05-23,0.0,645.0,4,0,4,-645.0,0,1,3,0,23,5,0,0,2081.0,297.2857142857143,-2081.0,19.0,7877.0,262.56666666666666,-7877.0,66.0,2890.0,2024-05-01
user2,2024-05-24,0.0,276.0,1,0,1,-276.0,0,1,4,0,24,5,0,0,2433.0,347.57142857142856,-2433.0,20.0,8297.0,276.56666666666666,-8297.0,67.0,2828.0,2024-05-01
user2,2024-05-25,0.0,0.0,0,0,0,0.0,0,0,5,1,25,5,0,0,2312.0,330.2857142857143,-2312.0,18.0,8377.0,279.23333333333335,-8377.0,66.0,3216.0,2024-05-01
user2,2024-05-26,0.0,0.0,0,0,0,0.0,0,0,6,1,26,5,0,0,2312.0,330.2857142857143,-2312.0,18.0,8377.0,279.23333333333335,-8377.0,66.0,3545.0,2024-05-01
user2,2024-05-27,0.0,1614.0,2,0,2,-1614.0,0,1,0,0,27,5,0,0,1701.0,243.0,-1701.0,13.0,8377.0,279.23333333333335,-8377.0,66.0,2006.0,2024-05-01
user2,2024-05-28,0.0,363.0,4,0,4,-363.0,0,1,1,0,28,5,0,0,2965.0,423.57142857142856,-2965.0,13.0,9991.0,333.03333333333336,-9991.0,68.0,1913.0,2024-05-01
user2,2024-05-29,0.0,295.0,3,0,3,-295.0,0,1,2,0,29,5,0,0,3194.0,456.2857142857143,-3194.0,15.0,10354.0,345.1333333333333,-10354.0,72.0,2123.0,2024-05-01
user2,2024-05-30,0.0,342.0,3,0,3,-342.0,0,1,3,0,30,5,0,0,3193.0,456.14285714285717,-3193.0,14.0,9459.0,315.3,-9459.0,68.0,1781.0,2024-05-01
user2,2024-05-31,0.0,214.0,1,0,1,-214.0,0,1,4,0,31,5,0,0,2890.0,412.85714285714283,-2890.0,13.0,9096.0,303.2,-9096.0,67.0,1677.0,2024-05-01
user2,2024-09-01,0.0,0.0,0,0,0,0.0,0,0,6,1,1,9,0,0,1671.0,238.71428571428572,-1671.0,11.0,3555.0,118.5,-3555.0,22.0,210.0,2024-09-01
user2,2024-09-02,0.0,0.0,0,0,0,0.0,0,0,0,0,2,9,0,0,1571.0,224.42857142857142,-1571.0,10.0,2895.0,96.5,-2895.0,19.0,1064.0,2024-09-01
user2,2024-09-03,0.0,0.0,0,0,0,0.0,0,0,1,0,3,9,0,0,835.0,119.28571428571429,-835.0,6.0,2895.0,96.5,-2895.0,19.0,2008.0,2024-09-01
user2,2024-09-04,0.0,0.0,0,0,0,0.0,0,0,2,0,4,9,0,0,810.0,115.71428571428571,-810.0,5.0,2895.0,96.5,-2895.0,19.0,2890.0,2024-09-01
user2,2024-09-05,0.0,0.0,0,0,0,0.0,0,0,3,0,5,9,0,0,810.0,115.71428571428571,-810.0,5.0,2895.0,96.5,-2895.0,19.0,3203.0,2024-09-01
user2,2024-09-06,0.0,210.0,2,0,2,-210.0,0,1,4,0,6,9,0,0,450.0,64.28571428571429,-450.0,3.0,2895.0,96.5,-2895.0,19.0,3667.0,2024-09-01
user2,2024-09-07,0.0,0.0,0,0,0,0.0,0,0,5,1,7,9,0,0,350.0,50.0,-350.0,3.0,3105.0,103.5,-3105.0,21.0,3667.0,2024-09-01
user2,2024-09-08,0.0,0.0,0,0,0,0.0,0,0,6,1,8,9,0,0,210.0,30.0,-210.0,2.0,3105.0,103.5,-3105.0,21.0,3667.0,2024-09-01
user2,2024-09-09,0.0,854.0,5,0,5,-854.0,0,1,0,0,9,9,0,0,210.0,30.0,-210.0,2.0,3105.0,103.5,-3105.0,21.0,2947.0,2024-09-01
user2,2024-09-10,0.0,944.0,4,0,4,-944.0,0,1,1,0,10,9,0,0,1064.0,152.0,-1064.0,7.0,3859.0,128.63333333333333,-3859.0,25.0,2071.0,2024-09-01
user2,2024-09-11,0.0,882.0,4,0,4,-882.0,0,1,2,0,11,9,0,0,2008.0,286.85714285714283,-2008.0,11.0,4803.0,160.1,-4803.0,29.0,4618.0,2024-09-01
user2,2024-09-12,0.0,313.0,3,0,3,-313.0,0,1,3,0,12,9,0,0,2890.0,412.85714285714283,-2890.0,15.0,5685.0,189.5,-5685.0,33.0,4504.0,2024-09-01
user2,2024-09-13,0.0,674.0,2,0,2,-674.0,0,1,4,0,13,9,0,0,3203.0,457.57142857142856,-3203.0,18.0,5998.0,199.93333333333334,-5998.0,36.0,3915.0,2024-09-01
user2,2024-09-14,0.0,0.0,0,0,0,0.0,0,0,5,1,14,9,0,0,3667.0,523.8571428571429,-3667.0,18.0,6672.0,222.4,-6672.0,38.0,3915.0,2024-09-01
user2,2024-09-15,0.0,0.0,0,0,0,0.0,0,0,6,1,15,9,0,0,3667.0,523.8571428571429,-3667.0,18.0,6672.0,222.4,-6672.0,38.0,3915.0,2024-09-01
user2,2024-09-16,0.0,134.0,1,0,1,-134.0,0,1,0,0,16,9,0,0,3667.0,523.8571428571429,-3667.0,18.0,6672.0,222.4,-6672.0,38.0,3971.0,2024-09-01
user2,2024-09-17,0.0,68.0,1,0,1,-68.0,0,1,1,0,17,9,0,0,2947.0,421.0,-2947.0,14.0,6806.0,226.86666666666667,-6806.0,39.0,4139.0,2024-09-01
user2,2024-09-18,0.0,3429.0,4,0,4,-3429.0,0,1,2,0,18,9,0,0,2071.0,295.85714285714283,-2071.0,11.0,6874.0,229.13333333333333,-6874.0,40.0,965.0,2024-09-01
user2,2024-09-19,0.0,199.0,2,0,2,-199.0,0,1,3,0,19,9,0,0,4618.0,659.7142857142857,-4618.0,11.0,10137.0,337.9,-10137.0,42.0,1034.0,2024-09-01
user2,2024-09-20,0.0,85.0,1,0,1,-85.0,0,1,4,0,20,9,0,0,4504.0,643.4285714285714,-4504.0,10.0,10336.0,344.53333333333336,-10336.0,44.0,1049.0,2024-09-01
user2,2024-09-21,0.0,0.0,0,0,0,0.0,0,0,5,1,21,9,0,0,3915.0,559.2857142857143,-3915.0,9.0,10421.0,347.3666666666667,-10421.0,45.0,1399.0,2024-09-01
user2,2024-09-22,0.0,0.0,0,0,0,0.0,0,0,6,1,22,9,0,0,3915.0,559.2857142857143,-3915.0,9.0,9463.0,315.43333333333334,-9463.0,40.0,1399.0,2024-09-01
user2,2024-09-23,0.0,190.0,3,0,3,-190.0,0,1,0,0,23,9,0,0,3915.0,559.2857142857143,-3915.0,9.0,9463.0,315.43333333333334,-9463.0,40.0,1250.0,2024-09-01
user2,2024-09-24,0.0,236.0,2,0,2,-236.0,0,1,1,0,24,9,0,0,3971.0,567.2857142857143,-3971.0,11.0,9653.0,321.76666666666665,-9653.0,43.0,1879.0,2024-09-01
user2,2024-09-25,0.0,255.0,3,0,3,-255.0,0,1,2,0,25,9,0,0,4139.0,591.2857142857143,-4139.0,12.0,9789.0,326.3,-9789.0,44.0,1784.0,2024-09-01
user2,2024-09-26,0.0,268.0,2,0,2,-268.0,0,1,3,0,26,9,0,0,965.0,137.85714285714286,-965.0,11.0,9308.0,310.26666666666665,-9308.0,43.0,1652.0,2024-09-01
user2,2024-09-27,0.0,100.0,1,0,1,-100.0,0,1,4,0,27,9,0,0,1034.0,147.71428571428572,-1034.0,11.0,9551.0,318.3666666666667,-9551.0,44.0,1720.0,2024-09-01
user2,2024-09-28,0.0,350.0,3,0,3,-350.0,0,1,5,1,28,9,0,0,1049.0,149.85714285714286,-1049.0,11.0,9651.0,321.7,-9651.0,45.0,1370.0,2024-09-01
user2,2024-09-29,0.0,0.0,0,0,0,0.0,0,0,6,1,29,9,0,0,1399.0,199.85714285714286,-1399.0,14.0,9641.0,321.3666666666667,-9641.0,46.0,1545.0,2024-09-01
user2,2024-09-30,0.0,41.0,1,0,1,-41.0,0,1,0,0,30,9,0,0,1399.0,199.85714285714286,-1399.0,14.0,9331.0,311.03333333333336,-9331.0,44.0,1784.0,2024-09-01
user3,2025-04-01,0.0,784.0,2,0,2,-784.0,0,1,1,0,1,4,0,0,0.0,0.0,0.0,0.0,0.0,0.0,0.0,0.0,977.0,2025-04-01
user3,2025-04-02,0.0,500.0,1,0,1,-500.0,0,1,2,0,2,4,0,0,784.0,112.0,-784.0,2.0,784.0,26.133333333333333,-784.0,2.0,667.0,2025-04-01
user3,2025-04-03,0.0,0.0,0,0,0,0.0,0,0,3,0,3,4,0,0,1284.0,183.42857142857142,-1284.0,3.0,1284.0,42.8,-1284.0,3.0,1014.0,2025-04-01
user3,2025-04-04,0.0,0.0,0,0,0,0.0,0,0,4,0,4,4,0,0,1284.0,183.42857142857142,-1284.0,3.0,1284.0,42.8,-1284.0,3.0,1384.0,2025-04-01
user3,2025-04-05,0.0,350.0,1,0,1,-350.0,0,1,5,1,5,4,0,0,1284.0,183.42857142857142,-1284.0,3.0,1284.0,42.8,-1284.0,3.0,1328.0,2025-04-01
user3,2025-04-06,0.0,0.0,0,0,0,0.0,0,0,6,1,6,4,0,0,1634.0,233.42857142857142,-1634.0,4.0,1634.0,54.46666666666667,-1634.0,4.0,1705.0,2025-04-01
user3,2025-04-07,0.0,0.0,0,0,0,0.0,0,0,0,0,7,4,0,0,1634.0,233.42857142857142,-1634.0,4.0,1634.0,54.46666666666667,-1634.0,4.0,2086.0,2025-04-01
user3,2025-04-08,0.0,127.0,2,0,2,-127.0,0,1,1,0,8,4,0,0,1634.0,233.42857142857142,-1634.0,4.0,1634.0,54.46666666666667,-1634.0,4.0,2306.0,2025-04-01
user3,2025-04-09,0.0,190.0,2,0,2,-190.0,0,1,2,0,9,4,0,0,977.0,139.57142857142858,-977.0,4.0,1761.0,58.7,-1761.0,6.0,2726.0,2025-04-01
user3,2025-04-10,0.0,347.0,3,0,3,-347.0,0,1,3,0,10,4,0,0,667.0,95.28571428571429,-667.0,5.0,1951.0,65.03333333333333,-1951.0,8.0,2669.0,2025-04-01
user3,2025-04-11,0.0,370.0,3,0,3,-370.0,0,1,4,0,11,4,0,0,1014.0,144.85714285714286,-1014.0,8.0,2298.0,76.6,-2298.0,11.0,2710.0,2025-04-01
user3,2025-04-12,0.0,294.0,4,0,4,-294.0,0,1,5,1,12,4,0,0,1384.0,197.71428571428572,-1384.0,11.0,2668.0,88.93333333333334,-2668.0,14.0,2650.0,2025-04-01
user3,2025-04-13,0.0,377.0,3,0,3,-377.0,0,1,6,1,13,4,0,0,1328.0,189.71428571428572,-1328.0,14.0,2962.0,98.73333333333333,-2962.0,18.0,2558.0,2025-04-01
user3,2025-04-14,0.0,381.0,3,0,3,-381.0,0,1,0,0,14,4,0,0,1705.0,243.57142857142858,-1705.0,17.0,3339.0,111.3,-3339.0,21.0,2405.0,2025-04-01
user3,2025-04-15,0.0,347.0,3,0,3,-347.0,0,1,1,0,15,4,0,0,2086.0,298.0,-2086.0,20.0,3720.0,124.0,-3720.0,24.0,2410.0,2025-04-01
user3,2025-04-16,0.0,610.0,4,0,4,-610.0,0,1,2,0,16,4,0,0,2306.0,329.42857142857144,-2306.0,21.0,4067.0,135.56666666666666,-4067.0,27.0,2020.0,2025-04-01
user3,2025-04-17,0.0,290.0,2,0,2,-290.0,0,1,3,0,17,4,0,0,2726.0,389.42857142857144,-2726.0,23.0,4677.0,155.9,-4677.0,31.0,2419.0,2025-04-01
user3,2025-04-18,0.0,411.0,2,0,2,-411.0,0,1,4,0,18,4,0,0,2669.0,381.2857142857143,-2669.0,22.0,4967.0,165.56666666666666,-4967.0,33.0,2118.0,2025-04-01
user3,2025-04-19,0.0,234.0,2,0,2,-234.0,0,1,5,1,19,4,0,0,2710.0,387.14285714285717,-2710.0,21.0,5378.0,179.26666666666668,-5378.0,35.0,1884.0,2025-04-01
user3,2025-04-20,0.0,285.0,2,0,2,-285.0,0,1,6,1,20,4,0,0,2650.0,378.57142857142856,-2650.0,19.0,5612.0,187.06666666666666,-5612.0,37.0,2139.0,2025-04-01
user3,2025-04-21,0.0,228.0,2,0,2,-228.0,0,1,0,0,21,4,0,0,2558.0,365.42857142857144,-2558.0,18.0,5897.0,196.56666666666666,-5897.0,39.0,2146.0,2025-04-01
user3,2025-04-22,0.0,352.0,2,0,2,-352.0,0,1,1,0,22,4,0,0,2405.0,343.57142857142856,-2405.0,17.0,6125.0,204.16666666666666,-6125.0,41.0,2059.0,2025-04-01
user3,2025-04-23,0.0,220.0,3,0,3,-220.0,0,1,2,0,23,4,0,0,2410.0,344.2857142857143,-2410.0,16.0,6477.0,215.9,-6477.0,43.0,2433.0,2025-04-01
user3,2025-04-24,0.0,689.0,4,0,4,-689.0,0,1,3,0,24,4,0,0,2020.0,288.57142857142856,-2020.0,15.0,6697.0,223.23333333333332,-6697.0,46.0,2041.0,2025-04-01
user3,2025-04-25,0.0,110.0,1,0,1,-110.0,0,1,4,0,25,4,0,0,2419.0,345.57142857142856,-2419.0,17.0,7386.0,246.2,-7386.0,50.0,2433.0,2025-04-01
user3,2025-04-26,0.0,0.0,0,0,0,0.0,0,0,5,1,26,4,0,0,2118.0,302.57142857142856,-2118.0,16.0,7496.0,249.86666666666667,-7496.0,51.0,8247.0,2025-04-01
user3,2025-04-27,0.0,540.0,3,0,3,-540.0,0,1,6,1,27,4,0,0,1884.0,269.14285714285717,-1884.0,14.0,7496.0,249.86666666666667,-7496.0,51.0,7707.0,2025-04-01
user3,2025-04-28,0.0,235.0,2,0,2,-235.0,0,1,0,0,28,4,0,0,2139.0,305.57142857142856,-2139.0,15.0,8036.0,267.8666666666667,-8036.0,54.0,7522.0,2025-04-01
user3,2025-04-29,0.0,265.0,2,0,2,-265.0,0,1,1,0,29,4,0,0,2146.0,306.57142857142856,-2146.0,15.0,8271.0,275.7,-8271.0,56.0,7524.0,2025-04-01
user3,2025-04-30,0.0,594.0,4,0,4,-594.0,0,1,2,0,30,4,0,0,2059.0,294.14285714285717,-2059.0,15.0,8536.0,284.53333333333336,-8536.0,58.0,7840.0,2025-04-01
user3,2025-05-01,0.0,297.0,3,0,3,-297.0,0,1,3,0,1,5,0,0,2433.0,347.57142857142856,-2433.0,16.0,9130.0,304.3333333333333,-9130.0,62.0,7668.0,2025-05-01
user3,2025-05-02,0.0,502.0,3,0,3,-502.0,0,1,4,0,2,5,0,0,2041.0,291.57142857142856,-2041.0,15.0,8643.0,288.1,-8643.0,63.0,7438.0,2025-05-01
user3,2025-05-03,0.0,5814.0,2,0,2,-5814.0,0,1,5,1,3,5,0,0,2433.0,347.57142857142856,-2433.0,17.0,8645.0,288.1666666666667,-8645.0,65.0,1663.0,2025-05-01
user3,2025-05-04,0.0,0.0,0,0,0,0.0,0,0,6,1,4,5,0,0,8247.0,1178.142857142857,-8247.0,19.0,14459.0,481.96666666666664,-14459.0,67.0,1712.0,2025-05-01
user3,2025-05-05,0.0,50.0,1,0,1,-50.0,0,1,0,0,5,5,0,0,7707.0,1101.0,-7707.0,16.0,14459.0,481.96666666666664,-14459.0,67.0,1934.0,2025-05-01
user3,2025-05-06,0.0,267.0,3,0,3,-267.0,0,1,1,0,6,5,0,0,7522.0,1074.5714285714287,-7522.0,15.0,14159.0,471.96666666666664,-14159.0,67.0,1945.0,2025-05-01
user3,2025-05-07,0.0,910.0,3,0,3,-910.0,0,1,2,0,7,5,0,0,7524.0,1074.857142857143,-7524.0,16.0,14426.0,480.8666666666667,-14426.0,70.0,1209.0,2025-05-01
user3,2025-05-08,0.0,125.0,1,0,1,-125.0,0,1,3,0,8,5,0,0,7840.0,1120.0,-7840.0,15.0,15336.0,511.2,-15336.0,73.0,1154.0,2025-05-01
user3,2025-05-09,0.0,272.0,2,0,2,-272.0,0,1,4,0,9,5,0,0,7668.0,1095.4285714285713,-7668.0,13.0,15334.0,511.1333333333333,-15334.0,72.0,882.0,2025-05-01
user3,2025-05-10,0.0,39.0,1,0,1,-39.0,0,1,5,1,10,5,0,0,7438.0,1062.5714285714287,-7438.0,12.0,15416.0,513.8666666666667,-15416.0,72.0,843.0,2025-05-01
user3,2025-05-11,0.0,49.0,1,0,1,-49.0,0,1,6,1,11,5,0,0,1663.0,237.57142857142858,-1663.0,11.0,15108.0,503.6,-15108.0,70.0,794.0,2025-05-01
user3,2025-05-12,0.0,272.0,2,0,2,-272.0,0,1,0,0,12,5,0,0,1712.0,244.57142857142858,-1712.0,12.0,14787.0,492.9,-14787.0,68.0,522.0,2025-05-01
user3,2025-05-13,0.0,278.0,4,0,4,-278.0,0,1,1,0,13,5,0,0,1934.0,276.2857142857143,-1934.0,13.0,14765.0,492.1666666666667,-14765.0,66.0,871.0,2025-05-01
user3,2025-05-14,0.0,174.0,2,0,2,-174.0,0,1,2,0,14,5,0,0,1945.0,277.85714285714283,-1945.0,14.0,14666.0,488.8666666666667,-14666.0,67.0,845.0,2025-05-01
user3,2025-05-15,0.0,70.0,1,0,1,-70.0,0,1,3,0,15,5,0,0,1209.0,172.71428571428572,-1209.0,13.0,14459.0,481.96666666666664,-14459.0,66.0,964.0,2025-05-01
user3,2025-05-16,0.0,0.0,0,0,0,0.0,0,0,4,0,16,5,0,0,1154.0,164.85714285714286,-1154.0,13.0,14182.0,472.73333333333335,-14182.0,64.0,1139.0,2025-05-01
user3,2025-05-17,0.0,0.0,0,0,0,0.0,0,0,5,1,17,5,0,0,882.0,126.0,-882.0,11.0,13572.0,452.4,-13572.0,60.0,1139.0,2025-05-01
user3,2025-05-18,0.0,0.0,0,0,0,0.0,0,0,6,1,18,5,0,0,843.0,120.42857142857143,-843.0,10.0,13282.0,442.73333333333335,-13282.0,58.0,1727.0,2025-05-01
user3,2025-05-19,0.0,0.0,0,0,0,0.0,0,0,0,0,19,5,0,0,794.0,113.42857142857143,-794.0,9.0,12871.0,429.03333333333336,-12871.0,56.0,1727.0,2025-05-01
user3,2025-05-20,0.0,627.0,2,0,2,-627.0,0,1,1,0,20,5,0,0,522.0,74.57142857142857,-522.0,7.0,12637.0,421.23333333333335,-12637.0,54.0,1484.0,2025-05-01
user3,2025-05-21,0.0,148.0,2,0,2,-148.0,0,1,2,0,21,5,0,0,871.0,124.42857142857143,-871.0,5.0,12979.0,432.6333333333333,-12979.0,54.0,1877.0,2025-05-01
user3,2025-05-22,0.0,189.0,2,0,2,-189.0,0,1,3,0,22,5,0,0,845.0,120.71428571428571,-845.0,5.0,12899.0,429.96666666666664,-12899.0,54.0,1991.0,2025-05-01
user3,2025-05-23,0.0,175.0,2,0,2,-175.0,0,1,4,0,23,5,0,0,964.0,137.71428571428572,-964.0,6.0,12736.0,424.53333333333336,-12736.0,54.0,1816.0,2025-05-01
user3,2025-05-24,0.0,0.0,0,0,0,0.0,0,0,5,1,24,5,0,0,1139.0,162.71428571428572,-1139.0,8.0,12691.0,423.03333333333336,-12691.0,53.0,1816.0,2025-05-01
user3,2025-05-25,0.0,588.0,1,0,1,-588.0,0,1,6,1,25,5,0,0,1139.0,162.71428571428572,-1139.0,8.0,12002.0,400.06666666666666,-12002.0,49.0,1525.0,2025-05-01
user3,2025-05-26,0.0,0.0,0,0,0,0.0,0,0,0,0,26,5,0,0,1727.0,246.71428571428572,-1727.0,9.0,12480.0,416.0,-12480.0,49.0,1875.0,2025-05-01
user3,2025-05-27,0.0,384.0,2,0,2,-384.0,0,1,1,0,27,5,0,0,1727.0,246.71428571428572,-1727.0,9.0,12480.0,416.0,-12480.0,49.0,1789.0,2025-05-01
user3,2025-05-28,0.0,541.0,3,0,3,-541.0,0,1,2,0,28,5,0,0,1484.0,212.0,-1484.0,9.0,12324.0,410.8,-12324.0,48.0,1587.0,2025-05-01
user3,2025-05-29,0.0,303.0,3,0,3,-303.0,0,1,3,0,29,5,0,0,1877.0,268.14285714285717,-1877.0,10.0,12630.0,421.0,-12630.0,49.0,1444.0,2025-05-01
user3,2025-05-30,0.0,0.0,0,0,0,0.0,0,0,4,0,30,5,0,0,1991.0,284.42857142857144,-1991.0,11.0,12668.0,422.26666666666665,-12668.0,50.0,1444.0,2025-05-01
user3,2025-05-31,0.0,0.0,0,0,0,0.0,0,0,5,1,31,5,0,0,1816.0,259.42857142857144,-1816.0,9.0,12074.0,402.46666666666664,-12074.0,46.0,1444.0,2025-05-01
user7,2022-10-01,7000.0,1280.0,2,1,1,5720.0,1,1,5,1,1,10,0,0,0.0,0.0,12220.0,1.0,0.0,0.0,12220.0,1.0,942.0,2022-10-01
user7,2022-10-02,0.0,0.0,0,0,0,0.0,0,0,6,1,2,10,0,0,1280.0,640.0,17940.0,3.0,1280.0,640.0,17940.0,3.0,942.0,2022-10-01
user7,2022-10-03,0.0,19.0,1,0,1,-19.0,0,1,0,0,3,10,0,0,1280.0,426.6666666666667,17940.0,3.0,1280.0,426.6666666666667,17940.0,3.0,923.0,2022-10-01
user7,2022-10-04,240.0,185.0,3,1,2,55.0,1,1,1,0,4,10,0,0,1299.0,324.75,17921.0,4.0,1299.0,324.75,17921.0,4.0,927.0,2022-10-01
user7,2022-10-05,0.0,0.0,0,0,0,0.0,0,0,2,0,5,10,0,0,1484.0,296.8,17976.0,7.0,1484.0,296.8,17976.0,7.0,1126.0,2022-10-01
user7,2022-10-06,0.0,283.0,1,0,1,-283.0,0,1,3,0,6,10,0,0,1484.0,247.33333333333334,17976.0,7.0,1484.0,247.33333333333334,17976.0,7.0,843.0,2022-10-01
user7,2022-10-07,0.0,310.0,3,0,3,-310.0,0,1,4,0,7,10,0,0,1767.0,252.42857142857142,17693.0,8.0,1767.0,252.42857142857142,17693.0,8.0,1005.0,2022-10-01
user7,2022-10-08,0.0,145.0,1,0,1,-145.0,0,1,5,1,8,10,0,0,2077.0,296.7142857142857,5163.0,10.0,2077.0,259.625,17383.0,11.0,980.0,2022-10-01
user7,2022-10-09,0.0,0.0,0,0,0,0.0,0,0,6,1,9,10,0,0,942.0,134.57142857142858,-702.0,9.0,2222.0,246.88888888888889,17238.0,12.0,1052.0,2022-10-01
user7,2022-10-10,0.0,0.0,0,0,0,0.0,0,0,0,0,10,10,0,0,942.0,134.57142857142858,-702.0,9.0,2222.0,222.2,17238.0,12.0,1072.0,2022-10-01
user7,2022-10-11,2000.0,189.0,2,1,1,1811.0,1,1,1,0,11,10,0,0,923.0,131.85714285714286,-683.0,8.0,2222.0,202.0,17238.0,12.0,1053.0,2022-10-01
user7,2022-10-12,0.0,199.0,1,0,1,-199.0,0,1,2,0,12,10,0,0,927.0,132.42857142857142,1073.0,7.0,2411.0,200.91666666666666,19049.0,14.0,1054.0,2022-10-01
user7,2022-10-13,0.0,0.0,0,0,0,0.0,0,0,3,0,13,10,0,0,1126.0,160.85714285714286,874.0,8.0,2610.0,200.76923076923077,18850.0,15.0,1386.0,2022-10-01
user7,2022-10-14,0.0,472.0,3,0,3,-472.0,0,1,4,0,14,10,0,0,843.0,120.42857142857143,1157.0,7.0,2610.0,186.42857142857142,18850.0,15.0,1284.0,2022-10-01
user7,2022-10-15,0.0,120.0,1,0,1,-120.0,0,1,5,1,15,10,0,0,1005.0,143.57142857142858,995.0,7.0,3082.0,205.46666666666667,18378.0,18.0,2484.0,2022-10-01
user7,2022-10-16,0.0,72.0,1,0,1,-72.0,0,1,6,1,16,10,0,0,980.0,140.0,1020.0,7.0,3202.0,200.125,18258.0,19.0,2522.0,2022-10-01
user7,2022-10-17,0.0,20.0,1,0,1,-20.0,0,1,0,0,17,10,0,0,1052.0,150.28571428571428,948.0,8.0,3274.0,192.58823529411765,18186.0,20.0,2939.0,2022-10-01
user7,2022-10-18,0.0,170.0,1,0,1,-170.0,0,1,1,0,18,10,0,0,1072.0,153.14285714285714,928.0,9.0,3294.0,183.0,18166.0,21.0,3039.0,2022-10-01
user7,2022-10-19,0.0,200.0,2,0,2,-200.0,0,1,2,0,19,10,0,0,1053.0,150.42857142857142,-1053.0,8.0,3464.0,182.31578947368422,17996.0,22.0,3033.0,2022-10-01
user7,2022-10-20,0.0,332.0,3,0,3,-332.0,0,1,3,0,20,10,0,0,1054.0,150.57142857142858,-1054.0,9.0,3664.0,183.2,17796.0,24.0,2856.0,2022-10-01
user7,2022-10-21,0.0,370.0,2,0,2,-370.0,0,1,4,0,21,10,0,0,1386.0,198.0,-1386.0,12.0,3996.0,190.28571428571428,17464.0,27.0,2840.0,2022-10-01
user7,2022-10-22,0.0,1320.0,2,0,2,-1320.0,0,1,5,1,22,10,0,0,1284.0,183.42857142857142,-1284.0,11.0,4366.0,198.45454545454547,17094.0,29.0,1730.0,2022-10-01
user7,2022-10-23,0.0,110.0,1,0,1,-110.0,0,1,6,1,23,10,0,0,2484.0,354.85714285714283,-2484.0,12.0,5686.0,247.2173913043478,15774.0,31.0,1620.0,2022-10-01
user7,2022-10-24,0.0,437.0,2,0,2,-437.0,0,1,0,0,24,10,0,0,2522.0,360.2857142857143,-2522.0,12.0,5796.0,241.5,15664.0,32.0,1313.0,2022-10-01
user7,2022-10-25,0.0,270.0,2,0,2,-270.0,0,1,1,0,25,10,0,0,2939.0,419.85714285714283,-2939.0,13.0,6233.0,249.32,15227.0,34.0,2522.0,2022-10-01
user7,2022-10-26,0.0,194.0,2,0,2,-194.0,0,1,2,0,26,10,0,0,3039.0,434.14285714285717,-3039.0,14.0,6503.0,250.1153846153846,14957.0,36.0,2728.0,2022-10-01
user7,2022-10-27,0.0,155.0,2,0,2,-155.0,0,1,3,0,27,10,0,0,3033.0,433.2857142857143,-3033.0,14.0,6697.0,248.03703703703704,14763.0,38.0,2910.0,2022-10-01
user7,2022-10-28,0.0,354.0,5,0,5,-354.0,0,1,4,0,28,10,0,0,2856.0,408.0,-2856.0,13.0,6852.0,244.71428571428572,14608.0,40.0,3106.0,2022-10-01
user7,2022-10-29,0.0,210.0,2,0,2,-210.0,0,1,5,1,29,10,0,0,2840.0,405.7142857142857,-2840.0,16.0,7206.0,248.48275862068965,14254.0,45.0,4466.0,2022-10-01
user7,2022-10-30,0.0,0.0,0,0,0,0.0,0,0,6,1,30,10,0,0,1730.0,247.14285714285714,-1730.0,16.0,7416.0,247.2,14044.0,47.0,4676.0,2022-10-01
user7,2022-10-31,0.0,130.0,2,0,2,-130.0,0,1,0,0,31,10,0,0,1620.0,231.42857142857142,-1620.0,15.0,7416.0,247.2,1824.0,46.0,4601.0,2022-10-01
user7,2022-11-01,6000.0,1479.0,4,1,3,4521.0,1,1,1,0,1,11,0,0,1313.0,187.57142857142858,-1313.0,15.0,6266.0,208.86666666666667,-4026.0,46.0,3397.0,2022-11-01
user7,2022-11-02,0.0,400.0,3,0,3,-400.0,0,1,2,0,2,11,0,0,2522.0,360.2857142857143,3478.0,17.0,7745.0,258.1666666666667,495.0,50.0,2997.0,2022-11-01
user7,2022-11-03,200.0,337.0,5,1,4,-137.0,1,1,3,0,3,11,0,0,2728.0,389.7142857142857,3272.0,18.0,8126.0,270.8666666666667,114.0,52.0,2695.0,2022-11-01
user7,2022-11-04,0.0,550.0,4,0,4,-550.0,0,1,4,0,4,11,0,0,2910.0,415.7142857142857,3290.0,21.0,8278.0,275.93333333333334,-78.0,54.0,2880.0,2022-11-01
user7,2022-11-05,0.0,1570.0,3,0,3,-1570.0,0,1,5,1,5,11,0,0,3106.0,443.7142857142857,3094.0,20.0,8828.0,294.26666666666665,-628.0,58.0,7841.0,2022-11-01
user7,2022-11-06,0.0,210.0,2,0,2,-210.0,0,1,6,1,6,11,0,0,4466.0,638.0,1734.0,21.0,10115.0,337.1666666666667,-1915.0,60.0,7631.0,2022-11-01
user7,2022-11-07,0.0,55.0,1,0,1,-55.0,0,1,0,0,7,11,0,0,4676.0,668.0,1524.0,23.0,10015.0,333.8333333333333,-1815.0,59.0,7640.0,2022-11-01
user7,2022-11-08,0.0,275.0,4,0,4,-275.0,0,1,1,0,8,11,0,0,4601.0,657.2857142857143,1599.0,22.0,9925.0,330.8333333333333,-1725.0,59.0,7644.0,2022-11-01
user7,2022-11-09,0.0,0.0,0,0,0,0.0,0,0,2,0,9,11,0,0,3397.0,485.2857142857143,-3197.0,22.0,10200.0,340.0,-2000.0,63.0,7644.0,2022-11-01
user7,2022-11-10,130.0,35.0,2,1,1,95.0,1,1,3,0,10,11,0,0,2997.0,428.14285714285717,-2797.0,19.0,10200.0,340.0,-2000.0,63.0,8016.0,2022-11-01
user7,2022-11-11,0.0,735.0,5,0,5,-735.0,0,1,4,0,11,11,0,0,2695.0,385.0,-2565.0,16.0,10046.0,334.8666666666667,-3716.0,63.0,7511.0,2022-11-01
user7,2022-11-12,0.0,6531.0,4,0,4,-6531.0,0,1,5,1,12,11,0,0,2880.0,411.42857142857144,-2750.0,17.0,10582.0,352.73333333333335,-4252.0,67.0,1160.0,2022-11-01
user7,2022-11-13,0.0,0.0,0,0,0,0.0,0,0,6,1,13,11,0,0,7841.0,1120.142857142857,-7711.0,18.0,17113.0,570.4333333333333,-10783.0,71.0,1270.0,2022-11-01
user7,2022-11-14,2000.0,64.0,3,1,2,1936.0,1,1,0,0,14,11,0,0,7631.0,1090.142857142857,-7501.0,16.0,16641.0,554.7,-10311.0,68.0,1206.0,2022-11-01
user7,2022-11-15,0.0,279.0,4,0,4,-279.0,0,1,1,0,15,11,0,0,7640.0,1091.4285714285713,-5510.0,18.0,16585.0,552.8333333333334,-8255.0,70.0,1146.0,2022-11-01
user7,2022-11-16,0.0,0.0,0,0,0,0.0,0,0,2,0,16,11,0,0,7644.0,1092.0,-5514.0,18.0,16792.0,559.7333333333333,-8462.0,73.0,1231.0,2022-11-01
user7,2022-11-17,0.0,407.0,3,0,3,-407.0,0,1,3,0,17,11,0,0,7644.0,1092.0,-5514.0,18.0,16772.0,559.0666666666667,-8442.0,72.0,1197.0,2022-11-01
user7,2022-11-18,0.0,230.0,2,0,2,-230.0,0,1,4,0,18,11,0,0,8016.0,1145.142857142857,-6016.0,19.0,17009.0,566.9666666666667,-8679.0,74.0,1217.0,2022-11-01
user7,2022-11-19,0.0,180.0,2,0,2,-180.0,0,1,5,1,19,11,0,0,7511.0,1073.0,-5511.0,16.0,17039.0,567.9666666666667,-8709.0,74.0,1411.0,2022-11-01
user7,2022-11-20,0.0,110.0,1,0,1,-110.0,0,1,6,1,20,11,0,0,1160.0,165.71428571428572,840.0,14.0,16887.0,562.9,-8557.0,73.0,1331.0,2022-11-01
user7,2022-11-21,0.0,0.0,0,0,0,0.0,0,0,0,0,21,11,0,0,1270.0,181.42857142857142,730.0,15.0,16627.0,554.2333333333333,-8297.0,72.0,1506.0,2022-11-01
user7,2022-11-22,0.0,219.0,3,0,3,-219.0,0,1,1,0,22,11,0,0,1206.0,172.28571428571428,-1206.0,12.0,15307.0,510.23333333333335,-6977.0,70.0,1421.0,2022-11-01
user7,2022-11-23,0.0,85.0,1,0,1,-85.0,0,1,2,0,23,11,0,0,1146.0,163.71428571428572,-1146.0,11.0,15416.0,513.8666666666667,-7086.0,72.0,1906.0,2022-11-01
user7,2022-11-24,0.0,373.0,3,0,3,-373.0,0,1,3,0,24,11,0,0,1231.0,175.85714285714286,-1231.0,12.0,15064.0,502.1333333333333,-6734.0,71.0,3083.0,2022-11-01
user7,2022-11-25,300.0,250.0,3,1,2,50.0,1,1,4,0,25,11,0,0,1197.0,171.0,-1197.0,12.0,15167.0,505.56666666666666,-6837.0,72.0,3487.0,2022-11-01
user7,2022-11-26,0.0,374.0,3,0,3,-374.0,0,1,5,1,26,11,0,0,1217.0,173.85714285714286,-917.0,13.0,15223.0,507.43333333333334,-6593.0,73.0,3242.0,2022-11-01
user7,2022-11-27,0.0,30.0,1,0,1,-30.0,0,1,6,1,27,11,0,0,1411.0,201.57142857142858,-1111.0,14.0,15442.0,514.7333333333333,-6812.0,74.0,3442.0,2022-11-01
user7,2022-11-28,0.0,175.0,1,0,1,-175.0,0,1,0,0,28,11,0,0,1331.0,190.14285714285714,-1031.0,14.0,15118.0,503.93333333333334,-6488.0,70.0,3573.0,2022-11-01
user7,2022-11-29,0.0,134.0,1,0,1,-134.0,0,1,1,0,29,11,0,0,1506.0,215.14285714285714,-1206.0,15.0,15083.0,502.76666666666665,-6453.0,69.0,3594.0,2022-11-01
user7,2022-11-30,0.0,570.0,2,0,2,-570.0,0,1,2,0,30,11,0,0,1421.0,203.0,-1121.0,13.0,15217.0,507.23333333333335,-6587.0,70.0,3139.0,2022-11-01
user7,2022-12-01,6000.0,1550.0,3,1,2,4450.0,1,1,3,0,1,12,0,0,1906.0,272.2857142857143,-1606.0,14.0,15657.0,521.9,-7027.0,70.0,1654.0,2022-12-01
user7,2022-12-02,0.0,654.0,4,0,4,-654.0,0,1,4,0,2,12,0,0,3083.0,440.42857142857144,3217.0,14.0,15728.0,524.2666666666667,-7098.0,69.0,1000.0,2022-12-01
user7,2022-12-03,0.0,129.0,2,0,2,-129.0,0,1,5,1,3,12,0,0,3487.0,498.14285714285717,2513.0,15.0,15982.0,532.7333333333333,-7352.0,70.0,929.0,2022-12-01
user7,2022-12-04,0.0,230.0,2,0,2,-230.0,0,1,6,1,4,12,0,0,3242.0,463.14285714285717,2758.0,14.0,15774.0,525.8,-7344.0,67.0,1054.0,2022-12-01
user7,2022-12-05,0.0,306.0,1,0,1,-306.0,0,1,0,0,5,12,0,0,3442.0,491.7142857142857,2558.0,15.0,15454.0,515.1333333333333,-7024.0,65.0,748.0,2022-12-01
user7,2022-12-06,0.0,155.0,2,0,2,-155.0,0,1,1,0,6,12,0,0,3573.0,510.42857142857144,2427.0,15.0,14190.0,473.0,-5760.0,63.0,863.0,2022-12-01
user7,2022-12-07,0.0,115.0,1,0,1,-115.0,0,1,2,0,7,12,0,0,3594.0,513.4285714285714,2406.0,16.0,14135.0,471.1666666666667,-5705.0,63.0,951.0,2022-12-01
user7,2022-12-08,0.0,65.0,1,0,1,-65.0,0,1,3,0,8,12,0,0,3139.0,448.42857142857144,2861.0,15.0,14195.0,473.1666666666667,-5765.0,63.0,1026.0,2022-12-01
user7,2022-12-09,0.0,0.0,0,0,0,0.0,0,0,4,0,9,12,0,0,1654.0,236.28571428571428,-1654.0,13.0,13985.0,466.1666666666667,-5555.0,60.0,1086.0,2022-12-01
user7,2022-12-10,0.0,58.0,2,0,1,-58.0,0,1,5,1,10,12,0,0,1000.0,142.85714285714286,-1000.0,9.0,13985.0,466.1666666666667,-5555.0,60.0,1228.0,2022-12-01
user7,2022-12-11,0.0,355.0,2,0,2,-355.0,0,1,6,1,11,12,0,0,929.0,132.71428571428572,-929.0,9.0,14008.0,466.93333333333334,-5708.0,60.0,873.0,2022-12-01
user7,2022-12-12,0.0,0.0,0,0,0,0.0,0,0,0,0,12,12,0,0,1054.0,150.57142857142858,-1054.0,9.0,13628.0,454.26666666666665,-5328.0,57.0,873.0,2022-12-01
user7,2022-12-13,200.0,270.0,3,1,2,-70.0,1,1,1,0,13,12,0,0,748.0,106.85714285714286,-748.0,8.0,7097.0,236.56666666666666,1203.0,53.0,673.0,2022-12-01
user7,2022-12-14,0.0,203.0,1,0,1,-203.0,0,1,2,0,14,12,0,0,863.0,123.28571428571429,-663.0,9.0,7367.0,245.56666666666666,1133.0,56.0,630.0,2022-12-01
user7,2022-12-15,0.0,140.0,1,0,1,-140.0,0,1,3,0,15,12,0,0,951.0,135.85714285714286,-751.0,9.0,7506.0,250.2,-1006.0,54.0,655.0,2022-12-01
user7,2022-12-16,0.0,60.0,1,0,1,-60.0,0,1,4,0,16,12,0,0,1026.0,146.57142857142858,-826.0,9.0,7367.0,245.56666666666666,-867.0,51.0,1134.0,2022-12-01
user7,2022-12-17,0.0,200.0,2,0,2,-200.0,0,1,5,1,17,12,0,0,1086.0,155.14285714285714,-886.0,10.0,7427.0,247.56666666666666,-927.0,52.0,1104.0,2022-12-01
user7,2022-12-18,0.0,0.0,0,0,0,0.0,0,0,6,1,18,12,0,0,1228.0,175.42857142857142,-1028.0,10.0,7220.0,240.66666666666666,-720.0,51.0,1274.0,2022-12-01
user7,2022-12-19,0.0,0.0,0,0,0,0.0,0,0,0,0,19,12,0,0,873.0,124.71428571428571,-673.0,8.0,6990.0,233.0,-490.0,49.0,1438.0,2022-12-01
user7,2022-12-20,0.0,70.0,2,0,2,-70.0,0,1,1,0,20,12,0,0,873.0,124.71428571428571,-673.0,8.0,6810.0,227.0,-310.0,47.0,1697.0,2022-12-01
user7,2022-12-21,310.0,160.0,2,1,1,150.0,1,1,2,0,21,12,0,0,673.0,96.14285714285714,-673.0,7.0,6770.0,225.66666666666666,-270.0,48.0,1537.0,2022-12-01
user7,2022-12-22,0.0,165.0,2,0,2,-165.0,0,1,3,0,22,12,0,0,630.0,90.0,-320.0,8.0,6930.0,231.0,-120.0,50.0,1512.0,2022-12-01
user7,2022-12-23,0.0,539.0,3,0,3,-539.0,0,1,4,0,23,12,0,0,655.0,93.57142857142857,-345.0,9.0,6876.0,229.2,-66.0,49.0,1118.0,2022-12-01
user7,2022-12-24,0.0,170.0,2,0,2,-170.0,0,1,5,1,24,12,0,0,1134.0,162.0,-824.0,11.0,7330.0,244.33333333333334,-520.0,51.0,1078.0,2022-12-01
user7,2022-12-25,500.0,170.0,2,1,1,330.0,1,1,6,1,25,12,0,0,1104.0,157.71428571428572,-794.0,11.0,7127.0,237.56666666666666,-317.0,50.0,980.0,2022-12-01
user7,2022-12-26,0.0,164.0,2,0,2,-164.0,0,1,0,0,26,12,0,0,1274.0,182.0,-464.0,13.0,7047.0,234.9,-37.0,49.0,2126.0,2022-12-01
user7,2022-12-27,1000.0,329.0,4,1,3,671.0,1,1,1,0,27,12,0,0,1438.0,205.42857142857142,-628.0,15.0,6837.0,227.9,173.0,48.0,1797.0,2022-12-01
user7,2022-12-28,0.0,0.0,0,0,0,0.0,0,0,2,0,28,12,0,0,1697.0,242.42857142857142,113.0,17.0,7136.0,237.86666666666667,874.0,51.0,1937.0,2022-12-01
user7,2022-12-29,0.0,140.0,2,0,2,-140.0,0,1,3,0,29,12,0,0,1537.0,219.57142857142858,-37.0,15.0,6961.0,232.03333333333333,1049.0,50.0,2022.0,2022-12-01
user7,2022-12-30,0.0,145.0,1,0,1,-145.0,0,1,4,0,30,12,0,0,1512.0,216.0,-12.0,15.0,6967.0,232.23333333333332,1043.0,51.0,2612.0,2022-12-01
user7,2022-12-31,0.0,130.0,1,0,1,-130.0,0,1,5,1,31,12,0,0,1118.0,159.71428571428572,382.0,13.0,6542.0,218.06666666666666,1468.0,50.0,2622.0,2022-12-01
user7,2023-02-01,6000.0,0.0,1,1,0,6000.0,1,0,2,0,1,2,0,1,704.0,100.57142857142857,-704.0,6.0,3974.0,132.46666666666667,-3974.0,18.0,2103.0,2023-02-01
user7,2023-02-02,0.0,0.0,0,0,0,0.0,0,0,3,0,2,2,0,1,704.0,100.57142857142857,5296.0,7.0,2664.0,88.8,3336.0,16.0,2103.0,2023-02-01
user7,2023-02-03,0.0,865.0,2,0,2,-865.0,0,1,4,0,3,2,0,1,704.0,100.57142857142857,5296.0,7.0,2664.0,88.8,3336.0,16.0,1238.0,2023-02-01
user7,2023-02-04,0.0,878.0,1,0,1,-878.0,0,1,5,1,4,2,0,1,1569.0,224.14285714285714,4431.0,9.0,3389.0,112.96666666666667,2611.0,17.0,360.0,2023-02-01
user7,2023-02-05,0.0,0.0,0,0,0,0.0,0,0,6,1,5,2,0,1,2447.0,349.57142857142856,3553.0,10.0,4042.0,134.73333333333332,1958.0,16.0,360.0,2023-02-01
user7,2023-02-06,0.0,180.0,1,0,1,-180.0,0,1,0,0,6,2,0,1,1743.0,249.0,4257.0,4.0,3307.0,110.23333333333333,2693.0,13.0,180.0,2023-02-01
user7,2023-02-07,0.0,180.0,1,0,1,-180.0,0,1,1,0,7,2,0,1,1923.0,274.7142857142857,4077.0,5.0,3347.0,111.56666666666666,2653.0,13.0,1575.0,2023-02-01
user7,2023-02-08,0.0,0.0,0,0,0,0.0,0,0,2,0,8,2,0,1,2103.0,300.42857142857144,3897.0,6.0,3527.0,117.56666666666666,2473.0,14.0,2290.0,2023-02-01
user7,2023-02-09,0.0,0.0,0,0,0,0.0,0,0,3,0,9,2,0,1,2103.0,300.42857142857144,-2103.0,5.0,3447.0,114.9,2553.0,13.0,2419.0,2023-02-01
user7,2023-02-10,0.0,0.0,0,0,0,0.0,0,0,4,0,10,2,0,1,2103.0,300.42857142857144,-2103.0,5.0,3447.0,114.9,2553.0,13.0,2674.0,2023-02-01
user7,2023-02-11,0.0,0.0,0,0,0,0.0,0,0,5,1,11,2,0,1,1238.0,176.85714285714286,-1238.0,3.0,3447.0,114.9,2553.0,13.0,2854.0,2023-02-01
user7,2023-02-12,0.0,0.0,0,0,0,0.0,0,0,6,1,12,2,0,1,360.0,51.42857142857143,-360.0,2.0,3447.0,114.9,2553.0,13.0,3054.0,2023-02-01
user7,2023-02-13,0.0,0.0,0,0,0,0.0,0,0,0,0,13,2,0,1,360.0,51.42857142857143,-360.0,2.0,3447.0,114.9,2553.0,13.0,3139.0,2023-02-01
user7,2023-02-14,0.0,1575.0,4,0,4,-1575.0,0,1,1,0,14,2,0,1,180.0,25.714285714285715,-180.0,1.0,2807.0,93.56666666666666,3193.0,12.0,1823.0,2023-02-01
user7,2023-02-15,0.0,715.0,4,0,4,-715.0,0,1,2,0,15,2,0,1,1575.0,225.0,-1575.0,4.0,4382.0,146.06666666666666,1618.0,16.0,1108.0,2023-02-01
user7,2023-02-16,0.0,129.0,2,0,2,-129.0,0,1,3,0,16,2,0,1,2290.0,327.14285714285717,-2290.0,8.0,5097.0,169.9,903.0,20.0,979.0,2023-02-01
user7,2023-02-17,0.0,255.0,2,0,2,-255.0,0,1,4,0,17,2,0,1,2419.0,345.57142857142856,-2419.0,10.0,5226.0,174.2,774.0,22.0,1766.0,2023-02-01
user7,2023-02-18,0.0,180.0,1,0,1,-180.0,0,1,5,1,18,2,0,1,2674.0,382.0,-2674.0,12.0,5481.0,182.7,519.0,24.0,1986.0,2023-02-01
user7,2023-02-19,0.0,200.0,2,0,2,-200.0,0,1,6,1,19,2,0,1,2854.0,407.7142857142857,-2854.0,13.0,5661.0,188.7,339.0,25.0,1786.0,2023-02-01
user7,2023-02-20,0.0,85.0,1,0,1,-85.0,0,1,0,0,20,2,0,1,3054.0,436.2857142857143,-3054.0,15.0,5861.0,195.36666666666667,139.0,27.0,1701.0,2023-02-01
user7,2023-02-21,0.0,259.0,4,0,4,-259.0,0,1,1,0,21,2,0,1,3139.0,448.42857142857144,-3139.0,16.0,5946.0,198.2,54.0,28.0,1442.0,2023-02-01
user7,2023-02-22,0.0,0.0,0,0,0,0.0,0,0,2,0,22,2,0,1,1823.0,260.42857142857144,-1823.0,16.0,6205.0,206.83333333333334,-205.0,32.0,3017.0,2023-02-01
user7,2023-02-23,0.0,0.0,0,0,0,0.0,0,0,3,0,23,2,0,1,1108.0,158.28571428571428,-1108.0,12.0,6205.0,206.83333333333334,-205.0,32.0,3387.0,2023-02-01
user7,2023-02-24,0.0,1042.0,3,0,3,-1042.0,0,1,4,0,24,2,0,1,979.0,139.85714285714286,-979.0,10.0,6205.0,206.83333333333334,-205.0,32.0,2414.0,2023-02-01
user7,2023-02-25,0.0,400.0,1,0,1,-400.0,0,1,5,1,25,2,0,1,1766.0,252.28571428571428,-1766.0,11.0,7247.0,241.56666666666666,-1247.0,35.0,2364.0,2023-02-01
user7,2023-02-26,0.0,0.0,0,0,0,0.0,0,0,6,1,26,2,0,1,1986.0,283.7142857142857,-1986.0,11.0,7647.0,254.9,-1647.0,36.0,2644.0,2023-02-01
user7,2023-02-27,0.0,0.0,0,0,0,0.0,0,0,0,0,27,2,0,1,1786.0,255.14285714285714,-1786.0,9.0,7647.0,254.9,-1647.0,36.0,2644.0,2023-02-01
user7,2023-02-28,0.0,0.0,0,0,0,0.0,0,0,1,0,28,2,0,1,1701.0,243.0,-1701.0,8.0,7647.0,254.9,-1647.0,36.0,2710.0,2023-02-01
user8,2023-10-01,13000.0,225.0,5,2,3,12775.0,1,1,6,1,1,10,0,0,105.0,105.0,5995.0,3.0,105.0,105.0,5995.0,3.0,2281.0,2023-10-01
user8,2023-10-02,0.0,0.0,0,0,0,0.0,0,0,0,0,2,10,0,0,330.0,165.0,18770.0,8.0,330.0,165.0,18770.0,8.0,8556.0,2023-10-01
user8,2023-10-03,0.0,147.0,2,0,2,-147.0,0,1,1,0,3,10,0,0,330.0,110.0,18770.0,8.0,330.0,110.0,18770.0,8.0,8999.0,2023-10-01
user8,2023-10-04,0.0,366.0,4,0,4,-366.0,0,1,2,0,4,10,0,0,477.0,119.25,18623.0,10.0,477.0,119.25,18623.0,10.0,8862.0,2023-10-01
user8,2023-10-05,0.0,260.0,2,0,2,-260.0,0,1,3,0,5,10,0,0,843.0,168.6,18257.0,14.0,843.0,168.6,18257.0,14.0,8772.0,2023-10-01
user8,2023-10-06,0.0,163.0,2,0,2,-163.0,0,1,4,0,6,10,0,0,1103.0,183.83333333333334,17997.0,16.0,1103.0,183.83333333333334,17997.0,16.0,8906.0,2023-10-01
user8,2023-10-07,0.0,1040.0,6,0,6,-1040.0,0,1,5,1,7,10,0,0,1266.0,180.85714285714286,17834.0,18.0,1266.0,180.85714285714286,17834.0,18.0,8051.0,2023-10-01
user8,2023-10-08,0.0,305.0,3,0,3,-305.0,0,1,6,1,8,10,0,0,2201.0,314.42857142857144,10799.0,21.0,2306.0,288.25,16794.0,24.0,7886.0,2023-10-01
user8,2023-10-09,0.0,6275.0,5,0,5,-6275.0,0,1,0,0,9,10,0,0,2281.0,325.85714285714283,-2281.0,19.0,2611.0,290.1111111111111,16489.0,27.0,2384.0,2023-10-01
user8,2023-10-10,0.0,590.0,4,0,4,-590.0,0,1,1,0,10,10,0,0,8556.0,1222.2857142857142,-8556.0,24.0,8886.0,888.6,10214.0,32.0,1794.0,2023-10-01
user8,2023-10-11,0.0,229.0,3,0,3,-229.0,0,1,2,0,11,10,0,0,8999.0,1285.5714285714287,-8999.0,26.0,9476.0,861.4545454545455,9624.0,36.0,1882.0,2023-10-01
user8,2023-10-12,0.0,170.0,2,0,2,-170.0,0,1,3,0,12,10,0,0,8862.0,1266.0,-8862.0,25.0,9705.0,808.75,9395.0,39.0,1858.0,2023-10-01
user8,2023-10-13,0.0,297.0,3,0,3,-297.0,0,1,4,0,13,10,0,0,8772.0,1253.142857142857,-8772.0,25.0,9875.0,759.6153846153846,9225.0,41.0,1814.0,2023-10-01
user8,2023-10-14,0.0,185.0,2,0,2,-185.0,0,1,5,1,14,10,0,0,8906.0,1272.2857142857142,-8906.0,26.0,10172.0,726.5714285714286,8928.0,44.0,1868.0,2023-10-01
user8,2023-10-15,0.0,140.0,1,0,1,-140.0,0,1,6,1,15,10,0,0,8051.0,1150.142857142857,-8051.0,22.0,10357.0,690.4666666666667,8743.0,46.0,1977.0,2023-10-01
user8,2023-10-16,0.0,773.0,4,0,4,-773.0,0,1,0,0,16,10,0,0,7886.0,1126.5714285714287,-7886.0,20.0,10497.0,656.0625,8603.0,47.0,1389.0,2023-10-01
user8,2023-10-17,0.0,0.0,0,0,0,0.0,0,0,1,0,17,10,0,0,2384.0,340.57142857142856,-2384.0,19.0,11270.0,662.9411764705883,7830.0,51.0,1479.0,2023-10-01
user8,2023-10-18,0.0,317.0,3,0,3,-317.0,0,1,2,0,18,10,0,0,1794.0,256.2857142857143,-1794.0,15.0,11270.0,626.1111111111111,7830.0,51.0,2381.0,2023-10-01
user8,2023-10-19,0.0,146.0,2,0,2,-146.0,0,1,3,0,19,10,0,0,1882.0,268.85714285714283,-1882.0,15.0,11587.0,609.8421052631579,7513.0,54.0,2235.0,2023-10-01
user8,2023-10-20,0.0,253.0,2,0,2,-253.0,0,1,4,0,20,10,0,0,1858.0,265.42857142857144,-1858.0,15.0,11733.0,586.65,7367.0,56.0,2297.0,2023-10-01
user8,2023-10-21,0.0,239.0,3,0,3,-239.0,0,1,5,1,21,10,0,0,1814.0,259.14285714285717,-1814.0,14.0,11986.0,570.7619047619048,7114.0,58.0,2163.0,2023-10-01
user8,2023-10-22,0.0,249.0,2,0,2,-249.0,0,1,6,1,22,10,0,0,1868.0,266.85714285714283,-1868.0,15.0,12225.0,555.6818181818181,6875.0,61.0,2101.0,2023-10-01
user8,2023-10-23,0.0,185.0,2,0,2,-185.0,0,1,0,0,23,10,0,0,1977.0,282.42857142857144,-1977.0,16.0,12474.0,542.3478260869565,6626.0,63.0,2325.0,2023-10-01
user8,2023-10-24,0.0,90.0,1,0,1,-90.0,0,1,1,0,24,10,0,0,1389.0,198.42857142857142,-1389.0,14.0,12659.0,527.4583333333334,6441.0,65.0,2444.0,2023-10-01
user8,2023-10-25,0.0,1219.0,4,0,4,-1219.0,0,1,2,0,25,10,0,0,1479.0,211.28571428571428,-1479.0,15.0,12749.0,509.96,6351.0,66.0,1535.0,2023-10-01
user8,2023-10-26,0.0,0.0,0,0,0,0.0,0,0,3,0,26,10,0,0,2381.0,340.14285714285717,-2381.0,16.0,13968.0,537.2307692307693,5132.0,70.0,1739.0,2023-10-01
user8,2023-10-27,0.0,315.0,2,0,2,-315.0,0,1,4,0,27,10,0,0,2235.0,319.2857142857143,-2235.0,14.0,13968.0,517.3333333333334,5132.0,70.0,1724.0,2023-10-01
user8,2023-10-28,0.0,105.0,1,0,1,-105.0,0,1,5,1,28,10,0,0,2297.0,328.14285714285717,-2297.0,14.0,14283.0,510.10714285714283,4817.0,72.0,2456.0,2023-10-01
user8,2023-10-29,10500.0,187.0,2,1,1,10313.0,1,1,6,1,29,10,0,0,2163.0,309.0,-2163.0,12.0,14388.0,496.13793103448273,4712.0,73.0,2384.0,2023-10-01
user8,2023-10-30,0.0,409.0,3,0,3,-409.0,0,1,0,0,30,10,0,0,2101.0,300.14285714285717,8399.0,12.0,14575.0,485.8333333333333,15025.0,75.0,2541.0,2023-10-01
user8,2023-10-31,18600.0,209.0,5,3,2,18391.0,1,1,1,0,31,10,0,0,2325.0,332.14285714285717,8175.0,13.0,14879.0,495.96666666666664,8621.0,75.0,3040.167,2023-10-01
user8,2023-11-01,10000.0,310.0,4,1,3,9690.0,1,1,2,0,1,11,0,0,2444.0,349.14285714285717,26656.0,17.0,14863.0,495.43333333333334,14237.0,75.0,2991.167,2023-11-01
user8,2023-11-02,0.0,204.0,2,0,2,-204.0,0,1,3,0,2,11,0,0,1535.0,219.28571428571428,37565.0,17.0,15173.0,505.76666666666665,23927.0,79.0,3012.167,2023-11-01
user8,2023-11-03,0.0,300.0,2,0,2,-300.0,0,1,4,0,3,11,0,0,1739.0,248.42857142857142,37361.0,19.0,15230.0,507.6666666666667,23870.0,79.0,2751.167,2023-11-01
user8,2023-11-04,0.0,837.0,3,0,3,-837.0,0,1,5,1,4,11,0,0,1724.0,246.28571428571428,37376.0,19.0,15164.0,505.46666666666664,23936.0,77.0,2518.167,2023-11-01
user8,2023-11-05,0.0,115.0,1,0,1,-115.0,0,1,6,1,5,11,0,0,2456.0,350.85714285714283,36644.0,21.0,15741.0,524.7,23359.0,78.0,2543.167,2023-11-01
user8,2023-11-06,0.0,566.0,4,0,4,-566.0,0,1,0,0,6,11,0,0,2384.0,340.57142857142856,26216.0,20.0,15693.0,523.1,23407.0,77.0,2180.167,2023-11-01
user8,2023-11-07,0.0,708.1669999999999,3,0,3,-708.1669999999999,0,1,1,0,7,11,0,0,2541.0,363.0,26059.0,21.0,15219.0,507.3,23881.0,75.0,1804.0,2023-11-01
user8,2023-11-08,0.0,261.0,2,0,2,-261.0,0,1,2,0,8,11,0,0,3040.167,434.3095714285714,6959.8330000000005,19.0,15622.167,520.7389,23477.833,75.0,1608.0,2023-11-01
user8,2023-11-09,0.0,225.0,2,0,2,-225.0,0,1,3,0,9,11,0,0,2991.167,427.3095714285714,-2991.167,17.0,9608.167,320.2722333333333,29491.833,72.0,1809.0,2023-11-01
user8,2023-11-10,0.0,39.0,1,0,1,-39.0,0,1,4,0,10,11,0,0,3012.167,430.3095714285714,-3012.167,17.0,9243.167,308.1055666666667,29856.833,70.0,1770.0,2023-11-01
user8,2023-11-11,0.0,604.0,4,0,4,-604.0,0,1,5,1,11,11,0,0,2751.167,393.02385714285714,-2751.167,16.0,9053.167,301.7722333333333,30046.833,68.0,1946.0,2023-11-01
user8,2023-11-12,0.0,140.0,1,0,1,-140.0,0,1,6,1,12,11,0,0,2518.167,359.73814285714286,-2518.167,17.0,9487.167,316.2389,29612.833,70.0,4365.0,2023-11-01
user8,2023-11-13,0.0,203.0,2,0,2,-203.0,0,1,0,0,13,11,0,0,2543.167,363.3095714285714,-2543.167,17.0,9330.167,311.00556666666665,29769.833,68.0,4378.0,2023-11-01
user8,2023-11-14,2000.0,332.0,4,1,3,1668.0,1,1,1,0,14,11,0,0,2180.167,311.4524285714286,-2180.167,15.0,9348.167,311.6055666666667,29751.833,68.0,4835.0,2023-11-01
user8,2023-11-15,0.0,65.0,1,0,1,-65.0,0,1,2,0,15,11,0,0,1804.0,257.7142857142857,196.0,16.0,9540.167,318.00556666666665,31559.833,71.0,5029.0,2023-11-01
user8,2023-11-16,0.0,426.0,3,0,3,-426.0,0,1,3,0,16,11,0,0,1608.0,229.71428571428572,392.0,15.0,8832.167,294.40556666666663,32267.833,68.0,4826.0,2023-11-01
user8,2023-11-17,0.0,0.0,0,0,0,0.0,0,0,4,0,17,11,0,0,1809.0,258.42857142857144,191.0,16.0,9258.167,308.6055666666667,31841.833,71.0,5102.0,2023-11-01
user8,2023-11-18,0.0,780.0,2,0,2,-780.0,0,1,5,1,18,11,0,0,1770.0,252.85714285714286,230.0,15.0,8941.167,298.03889999999996,32158.833,68.0,4547.0,2023-11-01
user8,2023-11-19,0.0,2559.0,4,0,4,-2559.0,0,1,6,1,19,11,0,0,1946.0,278.0,54.0,13.0,9575.167,319.17223333333334,31524.833,68.0,2331.0,2023-11-01
user8,2023-11-20,0.0,216.0,2,0,2,-216.0,0,1,0,0,20,11,0,0,4365.0,623.5714285714286,-2365.0,16.0,11881.167,396.03889999999996,29218.833,70.0,2728.0,2023-11-01
user8,2023-11-21,0.0,789.0,3,0,3,-789.0,0,1,1,0,21,11,0,0,4378.0,625.4285714285714,-2378.0,16.0,11858.167,395.2722333333333,29241.833,69.0,2224.0,2023-11-01
user8,2023-11-22,0.0,259.0,2,0,2,-259.0,0,1,2,0,22,11,0,0,4835.0,690.7142857142857,-4835.0,15.0,12398.167,413.2722333333333,28701.833,70.0,2107.0,2023-11-01
user8,2023-11-23,0.0,223.0,3,0,3,-223.0,0,1,3,0,23,11,0,0,5029.0,718.4285714285714,-5029.0,16.0,12472.167,415.7389,28627.833,70.0,1990.0,2023-11-01
user8,2023-11-24,0.0,276.0,2,0,2,-276.0,0,1,4,0,24,11,0,0,4826.0,689.4285714285714,-4826.0,16.0,12605.167,420.17223333333334,28494.833,72.0,3758.0,2023-11-01
user8,2023-11-25,0.0,225.0,2,0,2,-225.0,0,1,5,1,25,11,0,0,5102.0,728.8571428571429,-5102.0,18.0,11662.167,388.7389,29437.833,70.0,3628.0,2023-11-01
user8,2023-11-26,0.0,343.0,4,0,4,-343.0,0,1,6,1,26,11,0,0,4547.0,649.5714285714286,-4547.0,18.0,11887.167,396.2389,29212.833,72.0,3425.0,2023-11-01
user8,2023-11-27,0.0,613.0,2,0,2,-613.0,0,1,0,0,27,11,0,0,2331.0,333.0,-2331.0,18.0,11915.167,397.17223333333334,29184.833,74.0,3037.0,2023-11-01
user8,2023-11-28,0.0,285.0,3,0,3,-285.0,0,1,1,0,28,11,0,0,2728.0,389.7142857142857,-2728.0,18.0,12423.167,414.1055666666667,28676.833,75.0,3032.0,2023-11-01
user8,2023-11-29,0.0,142.0,2,0,2,-142.0,0,1,2,0,29,11,0,0,2224.0,317.7142857142857,-2224.0,18.0,12521.167,417.3722333333333,18078.833,76.0,7219.0,2023-11-01
user8,2023-11-30,22330.0,106.0,6,5,1,22224.0,1,1,3,0,30,11,0,0,2107.0,301.0,-2107.0,18.0,12254.167,408.4722333333333,18345.833,75.0,7693.0,2023-11-01
user8,2023-12-01,10000.0,2044.0,4,1,3,7956.0,1,1,4,0,1,12,0,0,1990.0,284.2857142857143,20340.0,21.0,12151.167,405.03889999999996,22178.833,76.0,5649.0,2023-12-01
user8,2023-12-02,3370.0,95.0,2,1,1,3275.0,1,1,5,1,2,12,0,0,3758.0,536.8571428571429,28572.0,23.0,13885.167,462.83889999999997,20444.833,76.0,5744.0,2023-12-01
user8,2023-12-03,0.0,140.0,1,0,1,-140.0,0,1,6,1,3,12,0,0,3628.0,518.2857142857143,32072.0,23.0,13776.167,459.20556666666664,23923.833,76.0,6768.0,2023-12-01
user8,2023-12-04,0.0,225.0,1,0,1,-225.0,0,1,0,0,4,12,0,0,3425.0,489.2857142857143,32275.0,20.0,13616.167,453.8722333333333,24083.833,75.0,6760.0,2023-12-01
user8,2023-12-05,0.0,280.0,2,0,2,-280.0,0,1,1,0,5,12,0,0,3037.0,433.85714285714283,32663.0,19.0,13004.167,433.4722333333333,24695.833,73.0,6688.0,2023-12-01
user8,2023-12-06,0.0,4329.0,5,0,5,-4329.0,0,1,2,0,6,12,0,0,3032.0,433.14285714285717,32668.0,18.0,13169.167,438.9722333333333,24530.833,74.0,2733.0,2023-12-01
user8,2023-12-07,0.0,580.0,4,0,4,-580.0,0,1,3,0,7,12,0,0,7219.0,1031.2857142857142,28481.0,21.0,16932.167,564.4055666666667,20767.833,75.0,2354.0,2023-12-01
user8,2023-12-08,0.0,0.0,0,0,0,0.0,0,0,4,0,8,12,0,0,7693.0,1099.0,5677.0,19.0,16804.0,560.1333333333333,20896.0,76.0,3389.0,2023-12-01
user8,2023-12-09,0.0,190.0,1,0,1,-190.0,0,1,5,1,9,12,0,0,5649.0,807.0,-2279.0,15.0,16543.0,551.4333333333333,21157.0,74.0,3639.0,2023-12-01
user8,2023-12-10,0.0,1164.0,3,0,3,-1164.0,0,1,6,1,10,12,0,0,5744.0,820.5714285714286,-5744.0,14.0,16508.0,550.2666666666667,21192.0,73.0,3330.0,2023-12-01
user8,2023-12-11,0.0,217.0,2,0,2,-217.0,0,1,0,0,11,12,0,0,6768.0,966.8571428571429,-6768.0,16.0,17633.0,587.7666666666667,20067.0,75.0,3212.0,2023-12-01
user8,2023-12-12,0.0,208.0,2,0,2,-208.0,0,1,1,0,12,12,0,0,6760.0,965.7142857142857,-6760.0,17.0,17246.0,574.8666666666667,20454.0,73.0,3273.0,2023-12-01
user8,2023-12-13,0.0,374.0,5,0,5,-374.0,0,1,2,0,13,12,0,0,6688.0,955.4285714285714,-6688.0,17.0,17314.0,577.1333333333333,20386.0,74.0,2899.0,2023-12-01
user8,2023-12-14,0.0,201.0,3,0,3,-201.0,0,1,3,0,14,12,0,0,2733.0,390.42857142857144,-2733.0,17.0,17485.0,582.8333333333334,20215.0,77.0,2847.0,2023-12-01
user8,2023-12-15,0.0,1035.0,3,0,3,-1035.0,0,1,4,0,15,12,0,0,2354.0,336.2857142857143,-2354.0,16.0,17354.0,578.4666666666667,18346.0,76.0,2253.0,2023-12-01
user8,2023-12-16,200.0,440.0,4,1,3,-240.0,1,1,5,1,16,12,0,0,3389.0,484.14285714285717,-3389.0,19.0,18324.0,610.8,17376.0,78.0,1913.0,2023-12-01
user8,2023-12-17,0.0,855.0,4,0,4,-855.0,0,1,6,1,17,12,0,0,3639.0,519.8571428571429,-3439.0,22.0,18338.0,611.2666666666667,17562.0,79.0,1425.0,2023-12-01
user8,2023-12-18,0.0,99.0,1,0,1,-99.0,0,1,0,0,18,12,0,0,3330.0,475.7142857142857,-3130.0,23.0,19193.0,639.7666666666667,16707.0,83.0,1546.0,2023-12-01
user8,2023-12-19,0.0,269.0,2,0,2,-269.0,0,1,1,0,19,12,0,0,3212.0,458.85714285714283,-3012.0,22.0,18512.0,617.0666666666667,17388.0,82.0,1476.0,2023-12-01
user8,2023-12-20,0.0,0.0,0,0,0,0.0,0,0,2,0,20,12,0,0,3273.0,467.57142857142856,-3073.0,22.0,16222.0,540.7333333333333,19678.0,80.0,1570.0,2023-12-01
user8,2023-12-21,0.0,149.0,1,0,1,-149.0,0,1,3,0,21,12,0,0,2899.0,414.14285714285717,-2699.0,17.0,16006.0,533.5333333333333,19894.0,78.0,1741.0,2023-12-01
user8,2023-12-22,0.0,441.0,5,0,5,-441.0,0,1,4,0,22,12,0,0,2847.0,406.7142857142857,-2647.0,15.0,15366.0,512.2,20534.0,76.0,3214.0,2023-12-01
user8,2023-12-23,0.0,100.0,1,0,1,-100.0,0,1,5,1,23,12,0,0,2253.0,321.85714285714283,-2053.0,17.0,15548.0,518.2666666666667,20352.0,79.0,3219.0,2023-12-01
user8,2023-12-24,0.0,367.0,4,0,4,-367.0,0,1,6,1,24,12,0,0,1913.0,273.2857142857143,-1913.0,14.0,15425.0,514.1666666666666,20475.0,77.0,3147.0,2023-12-01
user8,2023-12-25,0.0,220.0,2,0,2,-220.0,0,1,0,0,25,12,0,0,1425.0,203.57142857142858,-1425.0,14.0,15516.0,517.2,20384.0,79.0,4574.0,2023-12-01
user8,2023-12-26,0.0,199.0,2,0,2,-199.0,0,1,1,0,26,12,0,0,1546.0,220.85714285714286,-1546.0,15.0,15511.0,517.0333333333333,20389.0,79.0,7893.0,2023-12-01
user8,2023-12-27,0.0,94.0,1,0,1,-94.0,0,1,2,0,27,12,0,0,1476.0,210.85714285714286,-1476.0,15.0,15367.0,512.2333333333333,20533.0,77.0,7799.0,2023-12-01
user8,2023-12-28,0.0,320.0,2,0,2,-320.0,0,1,3,0,28,12,0,0,1570.0,224.28571428571428,-1570.0,16.0,14848.0,494.93333333333334,21052.0,76.0,9700.0,2023-12-01
user8,2023-12-29,0.0,1914.0,4,0,4,-1914.0,0,1,4,0,29,12,0,0,1741.0,248.71428571428572,-1741.0,17.0,14883.0,496.1,21017.0,75.0,7941.0,2023-12-01
user8,2023-12-30,8400.0,105.0,2,1,1,8295.0,1,1,5,1,30,12,0,0,3214.0,459.14285714285717,-3214.0,16.0,16655.0,555.1666666666666,19245.0,77.0,8402.0,2023-12-01
user8,2023-12-31,15050.0,295.0,5,3,2,14755.0,1,1,6,1,31,12,0,0,3219.0,459.85714285714283,5181.0,17.0,16654.0,555.1333333333333,5316.0,73.0,8544.0,2023-12-01
user8,2024-01-01,10000.0,1647.0,4,1,3,8353.0,1,1,0,0,1,1,0,1,3147.0,449.57142857142856,20303.0,18.0,14905.0,496.8333333333333,12115.0,74.0,7910.0,2024-01-01
user8,2024-01-02,0.0,3518.0,3,0,3,-3518.0,0,1,1,0,2,1,0,1,4574.0,653.4285714285714,28876.0,20.0,16457.0,548.5666666666667,17193.0,76.0,4392.0,2024-01-01
user8,2024-01-03,0.0,0.0,0,0,0,0.0,0,0,2,0,3,1,0,1,7893.0,1127.5714285714287,25557.0,21.0,19835.0,661.1666666666666,13815.0,78.0,4492.0,2024-01-01
user8,2024-01-04,0.0,2221.0,2,0,2,-2221.0,0,1,3,0,4,1,0,1,7799.0,1114.142857142857,25651.0,20.0,19610.0,653.6666666666666,14040.0,77.0,2461.0,2024-01-01
user8,2024-01-05,0.0,155.0,1,0,1,-155.0,0,1,4,0,5,1,0,1,9700.0,1385.7142857142858,23750.0,20.0,21551.0,718.3666666666667,12099.0,77.0,2621.0,2024-01-01
user8,2024-01-06,0.0,566.0,4,0,4,-566.0,0,1,5,1,6,1,0,1,7941.0,1134.4285714285713,25509.0,17.0,17377.0,579.2333333333333,16273.0,73.0,2195.0,2024-01-01
user8,2024-01-07,0.0,437.0,3,0,3,-437.0,0,1,6,1,7,1,0,1,8402.0,1200.2857142857142,16648.0,19.0,17363.0,578.7666666666667,16287.0,73.0,2052.0,2024-01-01
user8,2024-01-08,0.0,1013.0,4,0,4,-1013.0,0,1,0,0,8,1,0,1,8544.0,1220.5714285714287,1456.0,17.0,17800.0,593.3333333333334,15850.0,76.0,2153.0,2024-01-01
user8,2024-01-09,0.0,0.0,0,0,0,0.0,0,0,1,0,9,1,0,1,7910.0,1130.0,-7910.0,17.0,18623.0,620.7666666666667,15027.0,79.0,2505.0,2024-01-01
user8,2024-01-10,0.0,100.0,1,0,1,-100.0,0,1,2,0,10,1,0,1,4392.0,627.4285714285714,-4392.0,14.0,17459.0,581.9666666666667,16191.0,76.0,2405.0,2024-01-01
user8,2024-01-11,0.0,190.0,1,0,1,-190.0,0,1,3,0,11,1,0,1,4492.0,641.7142857142857,-4492.0,15.0,17342.0,578.0666666666667,16308.0,75.0,2385.0,2024-01-01
user8,2024-01-12,0.0,315.0,2,0,2,-315.0,0,1,4,0,12,1,0,1,2461.0,351.57142857142856,-2461.0,14.0,17324.0,577.4666666666667,16326.0,74.0,2170.0,2024-01-01
user8,2024-01-13,0.0,140.0,2,0,2,-140.0,0,1,5,1,13,1,0,1,2621.0,374.42857142857144,-2621.0,15.0,17265.0,575.5,16385.0,71.0,2620.0,2024-01-01
user8,2024-01-14,0.0,294.0,2,0,2,-294.0,0,1,6,1,14,1,0,1,2195.0,313.57142857142856,-2195.0,13.0,17204.0,573.4666666666667,16446.0,70.0,2326.0,2024-01-01
user8,2024-01-15,0.0,1114.0,3,0,3,-1114.0,0,1,0,0,15,1,0,1,2052.0,293.14285714285717,-2052.0,12.0,16463.0,548.7666666666667,17187.0,69.0,1212.0,2024-01-01
user8,2024-01-16,0.0,352.0,4,0,4,-352.0,0,1,1,0,16,1,0,1,2153.0,307.57142857142856,-2153.0,11.0,17137.0,571.2333333333333,16313.0,68.0,1095.0,2024-01-01
user8,2024-01-17,0.0,0.0,0,0,0,0.0,0,0,2,0,17,1,0,1,2505.0,357.85714285714283,-2505.0,15.0,16634.0,554.4666666666667,16816.0,68.0,2730.0,2024-01-01
user8,2024-01-18,0.0,170.0,2,0,2,-170.0,0,1,3,0,18,1,0,1,2405.0,343.57142857142856,-2405.0,14.0,16535.0,551.1666666666666,16915.0,67.0,3253.0,2024-01-01
user8,2024-01-19,0.0,100.0,1,0,1,-100.0,0,1,4,0,19,1,0,1,2385.0,340.7142857142857,-2385.0,15.0,16436.0,547.8666666666667,17014.0,67.0,3153.0,2024-01-01
user8,2024-01-20,0.0,590.0,1,0,1,-590.0,0,1,5,1,20,1,0,1,2170.0,310.0,-2170.0,14.0,16536.0,551.2,16914.0,68.0,2563.0,2024-01-01
user8,2024-01-21,0.0,0.0,0,0,0,0.0,0,0,6,1,21,1,0,1,2620.0,374.2857142857143,-2620.0,13.0,16977.0,565.9,16473.0,68.0,2708.0,2024-01-01
user8,2024-01-22,0.0,0.0,0,0,0,0.0,0,0,0,0,22,1,0,1,2326.0,332.2857142857143,-2326.0,11.0,16536.0,551.2,16914.0,63.0,3408.0,2024-01-01
user8,2024-01-23,0.0,235.0,1,0,1,-235.0,0,1,1,0,23,1,0,1,1212.0,173.14285714285714,-1212.0,8.0,16436.0,547.8666666666667,17014.0,62.0,3173.0,2024-01-01
user8,2024-01-24,0.0,1635.0,6,0,6,-1635.0,0,1,2,0,24,1,0,1,1095.0,156.42857142857142,-1095.0,5.0,16304.0,543.4666666666667,17146.0,59.0,2168.0,2024-01-01
user8,2024-01-25,0.0,693.0,4,0,4,-693.0,0,1,3,0,25,1,0,1,2730.0,390.0,-2730.0,11.0,17719.0,590.6333333333333,15731.0,63.0,1575.0,2024-01-01
user8,2024-01-26,0.0,0.0,0,0,0,0.0,0,0,4,0,26,1,0,1,3253.0,464.7142857142857,-3253.0,13.0,18213.0,607.1,15237.0,65.0,2762.0,2024-01-01
user8,2024-01-27,0.0,0.0,0,0,0,0.0,0,0,5,1,27,1,0,1,3153.0,450.42857142857144,-3153.0,12.0,18119.0,603.9666666666667,15331.0,64.0,2762.0,2024-01-01
user8,2024-01-28,0.0,145.0,1,0,1,-145.0,0,1,6,1,28,1,0,1,2563.0,366.14285714285717,-2563.0,11.0,17799.0,593.3,15651.0,62.0,2762.0,2024-01-01
user8,2024-01-29,0.0,700.0,1,0,1,-700.0,0,1,0,0,29,1,0,1,2708.0,386.85714285714283,-2708.0,12.0,16030.0,534.3333333333334,17420.0,59.0,2701.0,2024-01-01
user8,2024-01-30,0.0,0.0,0,0,0,0.0,0,0,1,0,30,1,0,1,3408.0,486.85714285714283,-3408.0,13.0,16625.0,554.1666666666666,8425.0,58.0,3304.0,2024-01-01
user8,2024-01-31,0.0,630.0,2,0,2,-630.0,0,1,2,0,31,1,0,1,3173.0,453.2857142857143,-3173.0,12.0,16330.0,544.3333333333334,-6330.0,53.0,3864.0,2024-01-01
user8,2024-02-01,11000.0,100.0,3,2,1,10900.0,1,1,3,0,1,2,0,1,2168.0,309.7142857142857,-2168.0,8.0,15313.0,510.43333333333334,-15313.0,51.0,3964.0,2024-02-01
user8,2024-02-02,0.0,1187.0,2,0,2,-1187.0,0,1,4,0,2,2,0,1,1575.0,225.0,9425.0,7.0,11895.0,396.5,-895.0,51.0,2777.0,2024-02-01
user8,2024-02-03,0.0,0.0,0,0,0,0.0,0,0,5,1,3,2,0,1,2762.0,394.57142857142856,8238.0,9.0,13082.0,436.06666666666666,-2082.0,53.0,2887.0,2024-02-01
user8,2024-02-04,2100.0,145.0,2,1,1,1955.0,1,1,6,1,4,2,0,1,2762.0,394.57142857142856,8238.0,9.0,10861.0,362.03333333333336,139.0,51.0,2822.0,2024-02-01
user8,2024-02-05,0.0,639.0,3,0,3,-639.0,0,1,0,0,5,2,0,1,2762.0,394.57142857142856,10338.0,10.0,10851.0,361.7,2249.0,52.0,2183.0,2024-02-01
user8,2024-02-06,0.0,603.0,3,0,3,-603.0,0,1,1,0,6,2,0,1,2701.0,385.85714285714283,10399.0,12.0,10924.0,364.1333333333333,2176.0,51.0,1580.0,2024-02-01
user8,2024-02-07,0.0,1190.0,4,0,4,-1190.0,0,1,2,0,7,2,0,1,3304.0,472.0,9796.0,15.0,11090.0,369.6666666666667,2010.0,51.0,650.0,2024-02-01
user8,2024-02-08,0.0,200.0,1,0,1,-200.0,0,1,3,0,8,2,0,1,3864.0,552.0,9236.0,17.0,11267.0,375.56666666666666,1833.0,51.0,475.0,2024-02-01
user8,2024-02-09,0.0,0.0,0,0,0,0.0,0,0,4,0,9,2,0,1,3964.0,566.2857142857143,-1864.0,15.0,11467.0,382.23333333333335,1633.0,52.0,623.0,2024-02-01
user8,2024-02-10,0.0,110.0,1,0,1,-110.0,0,1,5,1,10,2,0,1,2777.0,396.7142857142857,-677.0,13.0,11367.0,378.9,1733.0,51.0,973.0,2024-02-01
user8,2024-02-11,0.0,80.0,1,0,1,-80.0,0,1,6,1,11,2,0,1,2887.0,412.42857142857144,-787.0,14.0,11287.0,376.23333333333335,1813.0,51.0,1164.0,2024-02-01
user8,2024-02-12,0.0,0.0,0,0,0,0.0,0,0,0,0,12,2,0,1,2822.0,403.14285714285717,-2822.0,13.0,11052.0,368.4,2048.0,50.0,1421.0,2024-02-01
user8,2024-02-13,0.0,0.0,0,0,0,0.0,0,0,1,0,13,2,0,1,2183.0,311.85714285714283,-2183.0,10.0,10912.0,363.73333333333335,2188.0,48.0,1722.0,2024-02-01
user8,2024-02-14,0.0,260.0,1,0,1,-260.0,0,1,2,0,14,2,0,1,1580.0,225.71428571428572,-1580.0,7.0,10618.0,353.93333333333334,2482.0,46.0,2417.0,2024-02-01
user8,2024-02-15,0.0,25.0,1,0,1,-25.0,0,1,3,0,15,2,0,1,650.0,92.85714285714286,-650.0,4.0,9764.0,325.46666666666664,3336.0,44.0,2482.0,2024-02-01
user8,2024-02-16,0.0,148.0,1,0,1,-148.0,0,1,4,0,16,2,0,1,475.0,67.85714285714286,-475.0,4.0,9437.0,314.56666666666666,3663.0,41.0,2554.0,2024-02-01
user8,2024-02-17,0.0,460.0,4,0,4,-460.0,0,1,5,1,17,2,0,1,623.0,89.0,-623.0,5.0,9585.0,319.5,3515.0,42.0,2294.0,2024-02-01
user8,2024-02-18,0.0,271.0,2,0,2,-271.0,0,1,6,1,18,2,0,1,973.0,139.0,-973.0,8.0,9875.0,329.1666666666667,3225.0,44.0,2178.0,2024-02-01
user8,2024-02-19,0.0,257.0,2,0,2,-257.0,0,1,0,0,19,2,0,1,1164.0,166.28571428571428,-1164.0,9.0,10046.0,334.8666666666667,3054.0,45.0,2622.0,2024-02-01
user8,2024-02-20,0.0,301.0,3,0,3,-301.0,0,1,1,0,20,2,0,1,1421.0,203.0,-1421.0,11.0,9713.0,323.76666666666665,3387.0,46.0,3050.0,2024-02-01
user8,2024-02-21,0.0,955.0,4,0,4,-955.0,0,1,2,0,21,2,0,1,1722.0,246.0,-1722.0,14.0,10014.0,333.8,3086.0,49.0,2328.0,2024-02-01
user8,2024-02-22,0.0,90.0,1,0,1,-90.0,0,1,3,0,22,2,0,1,2417.0,345.2857142857143,-2417.0,17.0,10969.0,365.6333333333333,2131.0,53.0,2465.0,2024-02-01
user8,2024-02-23,0.0,220.0,1,0,1,-220.0,0,1,4,0,23,2,0,1,2482.0,354.57142857142856,-2482.0,17.0,10824.0,360.8,2276.0,53.0,2245.0,2024-02-01
user8,2024-02-24,0.0,200.0,1,0,1,-200.0,0,1,5,1,24,2,0,1,2554.0,364.85714285714283,-2554.0,17.0,9409.0,313.6333333333333,3691.0,48.0,2045.0,2024-02-01
user8,2024-02-25,0.0,155.0,1,0,1,-155.0,0,1,6,1,25,2,0,1,2294.0,327.7142857142857,-2294.0,14.0,8916.0,297.2,4184.0,45.0,1890.0,2024-02-01
user8,2024-02-26,0.0,701.0,4,0,4,-701.0,0,1,0,0,26,2,0,1,2178.0,311.14285714285717,-2178.0,13.0,9071.0,302.3666666666667,4029.0,46.0,1569.0,2024-02-01
user8,2024-02-27,0.0,729.0,1,0,1,-729.0,0,1,1,0,27,2,0,1,2622.0,374.57142857142856,-2622.0,15.0,9772.0,325.73333333333335,3328.0,50.0,940.0,2024-02-01
user8,2024-02-28,0.0,233.0,2,0,2,-233.0,0,1,2,0,28,2,0,1,3050.0,435.7142857142857,-3050.0,13.0,10356.0,345.2,2744.0,50.0,1056.0,2024-02-01
user8,2024-02-29,0.0,227.0,2,0,2,-227.0,0,1,3,0,29,2,0,1,2328.0,332.57142857142856,-2328.0,11.0,9889.0,329.6333333333333,3211.0,51.0,829.0,2024-02-01
user9,2024-10-01,12000.0,1009.0,3,1,2,10991.0,1,1,1,0,1,10,0,0,173.0,173.0,-173.0,2.0,173.0,173.0,-173.0,2.0,1627.0,2024-10-01
user9,2024-10-02,0.0,239.0,2,0,2,-239.0,0,1,2,0,2,10,0,0,1182.0,591.0,10818.0,5.0,1182.0,591.0,10818.0,5.0,2073.0,2024-10-01
user9,2024-10-03,0.0,123.0,1,0,1,-123.0,0,1,3,0,3,10,0,0,1421.0,473.6666666666667,10579.0,7.0,1421.0,473.6666666666667,10579.0,7.0,2074.0,2024-10-01
user9,2024-10-04,0.0,680.0,1,0,1,-680.0,0,1,4,0,4,10,0,0,1544.0,386.0,10456.0,8.0,1544.0,386.0,10456.0,8.0,1394.0,2024-10-01
user9,2024-10-05,0.0,0.0,0,0,0,0.0,0,0,5,1,5,10,0,0,2224.0,444.8,9776.0,9.0,2224.0,444.8,9776.0,9.0,1394.0,2024-10-01
user9,2024-10-06,0.0,150.0,1,0,1,-150.0,0,1,6,1,6,10,0,0,2224.0,370.6666666666667,9776.0,9.0,2224.0,370.6666666666667,9776.0,9.0,1244.0,2024-10-01
user9,2024-10-07,0.0,345.0,2,0,2,-345.0,0,1,0,0,7,10,0,0,2374.0,339.14285714285717,9626.0,10.0,2374.0,339.14285714285717,9626.0,10.0,2552.0,2024-10-01
user9,2024-10-08,0.0,90.0,1,0,1,-90.0,0,1,1,0,8,10,0,0,2546.0,363.7142857142857,9454.0,10.0,2719.0,339.875,9281.0,12.0,2772.0,2024-10-01
user9,2024-10-09,0.0,685.0,2,0,2,-685.0,0,1,2,0,9,10,0,0,1627.0,232.42857142857142,-1627.0,8.0,2809.0,312.1111111111111,9191.0,13.0,2212.0,2024-10-01
user9,2024-10-10,0.0,124.0,1,0,1,-124.0,0,1,3,0,10,10,0,0,2073.0,296.14285714285717,-2073.0,8.0,3494.0,349.4,8506.0,15.0,2088.0,2024-10-01
user9,2024-10-11,0.0,0.0,0,0,0,0.0,0,0,4,0,11,10,0,0,2074.0,296.2857142857143,-2074.0,8.0,3618.0,328.90909090909093,8382.0,16.0,2438.0,2024-10-01
user9,2024-10-12,0.0,0.0,0,0,0,0.0,0,0,5,1,12,10,0,0,1394.0,199.14285714285714,-1394.0,7.0,3618.0,301.5,8382.0,16.0,2875.0,2024-10-01
user9,2024-10-13,0.0,0.0,0,0,0,0.0,0,0,6,1,13,10,0,0,1394.0,199.14285714285714,-1394.0,7.0,3618.0,278.3076923076923,8382.0,16.0,2875.0,2024-10-01
user9,2024-10-14,0.0,1653.0,2,0,2,-1653.0,0,1,0,0,14,10,0,0,1244.0,177.71428571428572,-1244.0,6.0,3618.0,258.42857142857144,8382.0,16.0,1222.0,2024-10-01
user9,2024-10-15,0.0,310.0,2,0,2,-310.0,0,1,1,0,15,10,0,0,2552.0,364.57142857142856,-2552.0,6.0,5271.0,351.4,6729.0,18.0,1407.0,2024-10-01
user9,2024-10-16,0.0,125.0,1,0,1,-125.0,0,1,2,0,16,10,0,0,2772.0,396.0,-2772.0,7.0,5581.0,348.8125,6419.0,20.0,1282.0,2024-10-01
user9,2024-10-17,0.0,0.0,0,0,0,0.0,0,0,3,0,17,10,0,0,2212.0,316.0,-2212.0,6.0,5706.0,335.6470588235294,6294.0,21.0,1282.0,2024-10-01
user9,2024-10-18,0.0,350.0,2,0,2,-350.0,0,1,4,0,18,10,0,0,2088.0,298.2857142857143,-2088.0,5.0,5706.0,317.0,6294.0,21.0,932.0,2024-10-01
user9,2024-10-19,0.0,437.0,2,0,2,-437.0,0,1,5,1,19,10,0,0,2438.0,348.2857142857143,-2438.0,7.0,6056.0,318.7368421052632,5944.0,23.0,495.0,2024-10-01
user9,2024-10-20,0.0,0.0,0,0,0,0.0,0,0,6,1,20,10,0,0,2875.0,410.7142857142857,-2875.0,9.0,6493.0,324.65,5507.0,25.0,495.0,2024-10-01
user9,2024-10-21,0.0,0.0,0,0,0,0.0,0,0,0,0,21,10,0,0,2875.0,410.7142857142857,-2875.0,9.0,6493.0,309.1904761904762,5507.0,25.0,495.0,2024-10-01
user9,2024-10-22,0.0,495.0,3,0,3,-495.0,0,1,1,0,22,10,0,0,1222.0,174.57142857142858,-1222.0,7.0,6493.0,295.1363636363636,5507.0,25.0,0.0,2024-10-01
user9,2024-10-23,0.0,0.0,0,0,0,0.0,0,0,2,0,23,10,0,0,1407.0,201.0,-1407.0,8.0,6988.0,303.82608695652175,5012.0,28.0,0.0,2024-10-01
user9,2024-10-24,0.0,0.0,0,0,0,0.0,0,0,3,0,24,10,0,0,1282.0,183.14285714285714,-1282.0,7.0,6988.0,291.1666666666667,5012.0,28.0,0.0,2024-10-01
user9,2024-10-25,0.0,0.0,0,0,0,0.0,0,0,4,0,25,10,0,0,1282.0,183.14285714285714,-1282.0,7.0,6988.0,279.52,5012.0,28.0,0.0,2024-10-01
user9,2024-10-26,0.0,0.0,0,0,0,0.0,0,0,5,1,26,10,0,0,932.0,133.14285714285714,-932.0,5.0,6988.0,268.7692307692308,5012.0,28.0,0.0,2024-10-01
user9,2024-10-27,0.0,0.0,0,0,0,0.0,0,0,6,1,27,10,0,0,495.0,70.71428571428571,-495.0,3.0,6988.0,258.81481481481484,5012.0,28.0,0.0,2024-10-01
user9,2024-10-28,0.0,0.0,0,0,0,0.0,0,0,0,0,28,10,0,0,495.0,70.71428571428571,-495.0,3.0,6988.0,249.57142857142858,5012.0,28.0,0.0,2024-10-01
user9,2024-10-29,0.0,0.0,0,0,0,0.0,0,0,1,0,29,10,0,0,495.0,70.71428571428571,-495.0,3.0,6988.0,240.9655172413793,5012.0,28.0,0.0,2024-10-01
user9,2024-10-30,0.0,0.0,0,0,0,0.0,0,0,2,0,30,10,0,0,0.0,0.0,0.0,0.0,6988.0,232.93333333333334,5012.0,28.0,0.0,2024-10-01
user9,2024-10-31,0.0,0.0,0,0,0,0.0,0,0,3,0,31,10,0,0,0.0,0.0,0.0,0.0,6815.0,227.16666666666666,5185.0,26.0,0.0,2024-10-01
user9,2024-12-01,12000.0,137.0,2,1,1,11863.0,1,1,6,1,1,12,0,0,0.0,0.0,0.0,0.0,0.0,0.0,12000.0,1.0,2066.5,2024-12-01
user9,2024-12-02,0.0,264.0,3,0,3,-264.0,0,1,0,0,2,12,0,0,137.0,19.571428571428573,11863.0,2.0,137.0,4.566666666666666,11863.0,2.0,1949.5,2024-12-01
user9,2024-12-03,0.0,222.0,2,0,2,-222.0,0,1,1,0,3,12,0,0,401.0,57.285714285714285,11599.0,5.0,401.0,13.366666666666667,11599.0,5.0,1897.5,2024-12-01
user9,2024-12-04,0.0,395.0,2,0,2,-395.0,0,1,2,0,4,12,0,0,623.0,89.0,11377.0,7.0,623.0,20.766666666666666,11377.0,7.0,2142.5,2024-12-01
user9,2024-12-05,0.0,244.5,3,0,3,-244.5,0,1,3,0,5,12,0,0,1018.0,145.42857142857142,10982.0,9.0,1018.0,33.93333333333333,10982.0,9.0,3746.0,2024-12-01
user9,2024-12-06,0.0,581.0,3,0,3,-581.0,0,1,4,0,6,12,0,0,1262.5,180.35714285714286,10737.5,12.0,1262.5,42.083333333333336,10737.5,12.0,3759.0,2024-12-01
user9,2024-12-07,14200.0,130.0,3,2,1,14070.0,1,1,5,1,7,12,0,0,1843.5,263.35714285714283,10156.5,15.0,1843.5,61.45,10156.5,15.0,4269.0,2024-12-01
user9,2024-12-08,0.0,230.0,1,0,1,-230.0,0,1,6,1,8,12,0,0,1973.5,281.92857142857144,24226.5,18.0,1973.5,65.78333333333333,24226.5,18.0,4129.0,2024-12-01
user9,2024-12-09,0.0,147.0,2,0,2,-147.0,0,1,0,0,9,12,0,0,2066.5,295.2142857142857,12133.5,17.0,2203.5,73.45,23996.5,19.0,6782.0,2024-12-01
user9,2024-12-10,0.0,170.0,2,0,2,-170.0,0,1,1,0,10,12,0,0,1949.5,278.5,12250.5,16.0,2350.5,78.35,23849.5,21.0,6816.0,2024-12-01
user9,2024-12-11,0.0,640.0,2,0,2,-640.0,0,1,2,0,11,12,0,0,1897.5,271.07142857142856,12302.5,16.0,2520.5,84.01666666666667,23679.5,23.0,6276.0,2024-12-01
user9,2024-12-12,0.0,1848.0,5,0,5,-1848.0,0,1,3,0,12,12,0,0,2142.5,306.07142857142856,12057.5,16.0,3160.5,105.35,23039.5,25.0,4525.0,2024-12-01
user9,2024-12-13,0.0,594.0,5,0,5,-594.0,0,1,4,0,13,12,0,0,3746.0,535.1428571428571,10454.0,18.0,5008.5,166.95,21191.5,30.0,4016.0,2024-12-01
user9,2024-12-14,0.0,640.0,3,0,3,-640.0,0,1,5,1,14,12,0,0,3759.0,537.0,10441.0,20.0,5602.5,186.75,20597.5,35.0,3376.0,2024-12-01
user9,2024-12-15,0.0,90.0,1,0,1,-90.0,0,1,6,1,15,12,0,0,4269.0,609.8571428571429,-4269.0,20.0,6242.5,208.08333333333334,19957.5,38.0,4270.0,2024-12-01
user9,2024-12-16,0.0,2800.0,3,0,3,-2800.0,0,1,0,0,16,12,0,0,4129.0,589.8571428571429,-4129.0,20.0,6332.5,211.08333333333334,19867.5,39.0,1789.0,2024-12-01
user9,2024-12-17,0.0,204.0,2,0,2,-204.0,0,1,1,0,17,12,0,0,6782.0,968.8571428571429,-6782.0,21.0,9132.5,304.4166666666667,17067.5,42.0,1985.0,2024-12-01
user9,2024-12-18,0.0,100.0,1,0,1,-100.0,0,1,2,0,18,12,0,0,6816.0,973.7142857142857,-6816.0,21.0,9336.5,311.21666666666664,16863.5,44.0,3165.0,2024-12-01
user9,2024-12-19,0.0,97.0,1,0,1,-97.0,0,1,3,0,19,12,0,0,6276.0,896.5714285714286,-6276.0,20.0,9436.5,314.55,16763.5,45.0,3868.0,2024-12-01
user9,2024-12-20,0.0,85.0,1,0,1,-85.0,0,1,4,0,20,12,0,0,4525.0,646.4285714285714,-4525.0,16.0,9533.5,317.78333333333336,16666.5,46.0,6693.0,2024-12-01
user9,2024-12-21,0.0,0.0,0,0,0,0.0,0,0,5,1,21,12,0,0,4016.0,573.7142857142857,-4016.0,12.0,9618.5,320.6166666666667,16581.5,47.0,7193.0,2024-12-01
user9,2024-12-22,0.0,984.0,1,0,1,-984.0,0,1,6,1,22,12,0,0,3376.0,482.2857142857143,-3376.0,9.0,9618.5,320.6166666666667,16581.5,47.0,6209.0,2024-12-01
user9,2024-12-23,0.0,319.0,1,0,1,-319.0,0,1,0,0,23,12,0,0,4270.0,610.0,-4270.0,9.0,10602.5,353.4166666666667,15597.5,48.0,5890.0,2024-12-01
user9,2024-12-24,0.0,400.0,2,0,2,-400.0,0,1,1,0,24,12,0,0,1789.0,255.57142857142858,-1789.0,7.0,10921.5,364.05,15278.5,49.0,5490.0,2024-12-01
user9,2024-12-25,0.0,1280.0,4,0,4,-1280.0,0,1,2,0,25,12,0,0,1985.0,283.57142857142856,-1985.0,7.0,11321.5,377.3833333333333,14878.5,51.0,4210.0,2024-12-01
user9,2024-12-26,0.0,800.0,2,0,2,-800.0,0,1,3,0,26,12,0,0,3165.0,452.14285714285717,-3165.0,10.0,12601.5,420.05,13598.5,55.0,3410.0,2024-12-01
user9,2024-12-27,0.0,2910.0,4,0,4,-2910.0,0,1,4,0,27,12,0,0,3868.0,552.5714285714286,-3868.0,11.0,13401.5,446.71666666666664,12798.5,57.0,500.0,2024-12-01
user9,2024-12-28,0.0,500.0,1,0,1,-500.0,0,1,5,1,28,12,0,0,6693.0,956.1428571428571,-6693.0,14.0,16311.5,543.7166666666667,9888.5,61.0,0.0,2024-12-01
user9,2024-12-29,0.0,0.0,0,0,0,0.0,0,0,6,1,29,12,0,0,7193.0,1027.5714285714287,-7193.0,15.0,16811.5,560.3833333333333,9388.5,62.0,88.0,2024-12-01
user9,2024-12-30,0.0,0.0,0,0,0,0.0,0,0,0,0,30,12,0,0,6209.0,887.0,-6209.0,14.0,16811.5,560.3833333333333,9388.5,62.0,88.0,2024-12-01
user9,2024-12-31,0.0,0.0,0,0,0,0.0,0,0,1,0,31,12,0,0,5890.0,841.4285714285714,-5890.0,13.0,16811.5,560.3833333333333,9388.5,62.0,88.0,2024-12-01
user9,2025-03-01,12000.0,0.0,1,1,0,12000.0,1,0,5,1,1,3,0,0,3907.0,558.1428571428571,-3907.0,14.0,5530.0,184.33333333333334,6470.0,27.0,2564.0,2025-03-01
user9,2025-03-02,4000.0,60.0,2,1,1,3940.0,1,1,6,1,2,3,0,0,3907.0,558.1428571428571,8093.0,15.0,5530.0,184.33333333333334,18470.0,28.0,3131.0,2025-03-01
user9,2025-03-03,0.0,254.0,3,0,3,-254.0,0,1,0,0,3,3,0,0,3892.0,556.0,12108.0,16.0,5590.0,186.33333333333334,22410.0,30.0,3104.0,2025-03-01
user9,2025-03-04,0.0,1136.0,5,0,5,-1136.0,0,1,1,0,4,3,0,0,3969.0,567.0,12031.0,17.0,5844.0,194.8,10156.0,32.0,2202.0,2025-03-01
user9,2025-03-05,0.0,342.0,2,0,2,-342.0,0,1,2,0,5,3,0,0,4804.0,686.2857142857143,11196.0,19.0,6980.0,232.66666666666666,9020.0,37.0,2079.0,2025-03-01
user9,2025-03-06,0.0,253.0,4,0,4,-253.0,0,1,3,0,6,3,0,0,3040.0,434.2857142857143,12960.0,18.0,7322.0,244.06666666666666,8678.0,39.0,2159.0,2025-03-01
user9,2025-03-07,0.0,519.0,3,0,3,-519.0,0,1,4,0,7,3,0,0,2045.0,292.14285714285717,13955.0,17.0,7575.0,252.5,8425.0,43.0,3013.0,2025-03-01
user9,2025-03-08,0.0,0.0,0,0,0,0.0,0,0,5,1,8,3,0,0,2564.0,366.2857142857143,13436.0,20.0,8094.0,269.8,7906.0,46.0,3071.0,2025-03-01
user9,2025-03-09,0.0,627.0,2,0,2,-627.0,0,1,6,1,9,3,0,0,2564.0,366.2857142857143,1436.0,19.0,8094.0,269.8,7906.0,46.0,2587.0,2025-03-01
user9,2025-03-10,0.0,227.0,2,0,2,-227.0,0,1,0,0,10,3,0,0,3131.0,447.2857142857143,-3131.0,19.0,8721.0,290.7,7279.0,48.0,2630.0,2025-03-01
user9,2025-03-11,0.0,234.0,2,0,2,-234.0,0,1,1,0,11,3,0,0,3104.0,443.42857142857144,-3104.0,18.0,8948.0,298.26666666666665,7052.0,50.0,2994.0,2025-03-01
user9,2025-03-12,0.0,219.0,2,0,2,-219.0,0,1,2,0,12,3,0,0,2202.0,314.57142857142856,-2202.0,15.0,9182.0,306.06666666666666,6818.0,52.0,3477.0,2025-03-01
user9,2025-03-13,0.0,333.0,2,0,2,-333.0,0,1,3,0,13,3,0,0,2079.0,297.0,-2079.0,15.0,9401.0,313.3666666666667,6599.0,54.0,3239.0,2025-03-01
user9,2025-03-14,0.0,1373.0,2,0,2,-1373.0,0,1,4,0,14,3,0,0,2159.0,308.42857142857144,-2159.0,13.0,9734.0,324.46666666666664,6266.0,56.0,2415.0,2025-03-01
user9,2025-03-15,0.0,58.0,1,0,1,-58.0,0,1,5,1,15,3,0,0,3013.0,430.42857142857144,-3013.0,12.0,11107.0,370.23333333333335,4893.0,58.0,2507.0,2025-03-01
user9,2025-03-16,0.0,143.0,1,0,1,-143.0,0,1,6,1,16,3,0,0,3071.0,438.7142857142857,-3071.0,13.0,11165.0,372.1666666666667,4835.0,59.0,2706.0,2025-03-01
user9,2025-03-17,0.0,270.0,2,0,2,-270.0,0,1,0,0,17,3,0,0,2587.0,369.57142857142856,-2587.0,12.0,11308.0,376.93333333333334,4692.0,60.0,2693.0,2025-03-01
user9,2025-03-18,0.0,598.0,2,0,2,-598.0,0,1,1,0,18,3,0,0,2630.0,375.7142857142857,-2630.0,12.0,11578.0,385.93333333333334,4422.0,62.0,2394.0,2025-03-01
user9,2025-03-19,0.0,702.0,2,0,2,-702.0,0,1,2,0,19,3,0,0,2994.0,427.7142857142857,-2994.0,12.0,12176.0,405.8666666666667,3824.0,64.0,1782.0,2025-03-01
user9,2025-03-20,0.0,95.0,1,0,1,-95.0,0,1,3,0,20,3,0,0,3477.0,496.7142857142857,-3477.0,12.0,12628.0,420.93333333333334,3372.0,64.0,1837.0,2025-03-01
user9,2025-03-21,0.0,549.0,3,0,3,-549.0,0,1,4,0,21,3,0,0,3239.0,462.7142857142857,-3239.0,11.0,12293.0,409.76666666666665,3707.0,62.0,2665.0,2025-03-01
user9,2025-03-22,0.0,150.0,1,0,1,-150.0,0,1,5,1,22,3,0,0,2415.0,345.0,-2415.0,12.0,12703.0,423.43333333333334,3297.0,63.0,3130.0,2025-03-01
user9,2025-03-23,0.0,342.0,2,0,2,-342.0,0,1,6,1,23,3,0,0,2507.0,358.14285714285717,-2507.0,12.0,12623.0,420.76666666666665,3377.0,62.0,3775.0,2025-03-01
user9,2025-03-24,0.0,257.0,2,0,2,-257.0,0,1,0,0,24,3,0,0,2706.0,386.57142857142856,-2706.0,13.0,12391.0,413.03333333333336,3609.0,61.0,4051.0,2025-03-01
user9,2025-03-25,0.0,299.0,4,0,4,-299.0,0,1,1,0,25,3,0,0,2693.0,384.7142857142857,-2693.0,13.0,12648.0,421.6,3352.0,63.0,3991.8,2025-03-01
user9,2025-03-26,0.0,90.0,1,0,1,-90.0,0,1,2,0,26,3,0,0,2394.0,342.0,-2394.0,15.0,12872.0,429.06666666666666,3128.0,66.0,4245.8,2025-03-01
user9,2025-03-27,0.0,150.0,2,0,2,-150.0,0,1,3,0,27,3,0,0,1782.0,254.57142857142858,-1782.0,14.0,12785.0,426.1666666666667,3215.0,65.0,4095.8,2025-03-01
user9,2025-03-28,0.0,1377.0,2,0,2,-1377.0,0,1,4,0,28,3,0,0,1837.0,262.42857142857144,-1837.0,15.0,12634.0,421.1333333333333,3366.0,64.0,2718.8,2025-03-01
user9,2025-03-29,0.0,615.0,3,0,3,-615.0,0,1,5,1,29,3,0,0,2665.0,380.7142857142857,-2665.0,14.0,11905.0,396.8333333333333,4095.0,63.0,2103.8,2025-03-01
user9,2025-03-30,0.0,987.0,5,0,5,-987.0,0,1,6,1,30,3,0,0,3130.0,447.14285714285717,-3130.0,16.0,11272.0,375.73333333333335,4728.0,61.0,1276.8,2025-03-01
user9,2025-03-31,0.0,533.0,3,0,3,-533.0,0,1,0,0,31,3,0,0,3775.0,539.2857142857143,-3775.0,19.0,12259.0,408.6333333333333,3741.0,66.0,819.8,2025-03-01
