user_id,date,y_true,y_pred,monthly_available_cash,spent_mtd,future_available_7d,true_risk_ratio,pred_risk_ratio,true_alarm,pred_alarm,true_risk_level,pred_risk_level
user1,2023-12-16,3589.0,2467.396484375,7500.0,4584.0,1275.75,2.813247109543406,1.9340752376053303,1,1,high_risk,high_risk
user1,2023-12-17,2925.0,2187.767578125,7500.0,5449.0,957.1333333333333,3.056000557219475,2.285750064210838,1,1,high_risk,high_risk
user1,2023-12-18,2706.0,1939.9625244140625,7500.0,5753.0,873.5,3.0978820835718373,2.220907297554737,1,1,high_risk,high_risk
user1,2023-12-19,2650.0,1810.340576171875,7500.0,5949.0,835.1538461538462,3.173068066685088,2.167673159273683,1,1,high_risk,high_risk
user1,2023-12-20,2453.0,1854.9658203125,7500.0,6309.0,694.75,3.5307664627563873,2.669975991813602,1,1,high_risk,high_risk
user1,2023-12-21,2098.0,1834.6348876953125,7500.0,6925.0,365.90909090909093,5.733664596273291,5.013909009850543,1,1,high_risk,high_risk
user1,2023-12-22,1603.0,2051.765380859375,7500.0,7585.0,-59.5,inf,inf,1,1,high_risk,high_risk
user1,2023-12-23,1015.0,1975.2720947265625,7500.0,8173.0,-523.4444444444445,inf,inf,1,1,high_risk,high_risk
user1,2023-12-24,1823.0,1940.970947265625,7500.0,8374.0,-764.75,inf,inf,1,1,high_risk,high_risk
user1,2023-12-25,1838.0,1952.08056640625,7500.0,8459.0,-959.0,inf,inf,1,1,high_risk,high_risk
user1,2023-12-26,1923.0,2003.8092041015625,7500.0,8599.0,-857.0645161290322,inf,inf,1,1,high_risk,high_risk
user1,2023-12-27,2188.0,2132.575927734375,7500.0,8762.0,-778.1290322580645,inf,inf,1,1,high_risk,high_risk
user1,2023-12-28,2132.0,2352.748291015625,7500.0,9023.0,-797.1935483870968,inf,inf,1,1,high_risk,high_risk
user1,2023-12-29,2173.0,2417.361572265625,7500.0,9188.0,-720.258064516129,inf,inf,1,1,high_risk,high_risk
user1,2023-12-30,2419.0,2465.280029296875,7500.0,9188.0,-478.3225806451612,inf,inf,1,1,high_risk,high_risk
user10,2021-10-23,1117.0,2947.7578125,5000.0,4469.0,413.0,2.7046004842615012,7.137428117433414,1,1,high_risk,high_risk
user10,2021-10-24,1316.0,3907.126953125,5000.0,4469.0,464.625,2.8323917137476458,8.409205172181867,1,1,high_risk,high_risk
user10,2021-10-25,1410.0,4610.416015625,5000.0,4624.0,376.0,3.75,12.261744722406915,1,1,high_risk,high_risk
user10,2021-10-26,1453.0,5221.33056640625,5000.0,4771.0,395.66666666666663,3.672283066554339,13.196286182998106,1,1,high_risk,high_risk
user10,2021-10-27,1336.0,5411.26611328125,5000.0,5023.0,310.3333333333333,4.305048335123523,17.436947733451934,1,1,high_risk,high_risk
user10,2021-10-28,1303.0,4323.81884765625,5000.0,5174.0,326.0,3.996932515337423,13.263247998945552,1,1,high_risk,high_risk
user10,2021-10-29,1413.0,3243.890380859375,5000.0,5369.0,297.66666666666663,4.7469204927211655,10.897728043200589,1,1,high_risk,high_risk
user10,2021-10-30,1196.0,2127.5634765625,5000.0,5586.0,247.33333333333337,4.835579514824797,8.602008665347034,1,1,high_risk,high_risk
user10,2021-10-31,997.0,1797.8197021484375,5000.0,5785.0,215.0,4.637209302325582,8.36195210301599,1,1,high_risk,high_risk
user10,2021-11-01,921.0,1877.153564453125,5000.0,249.0,1108.5666666666666,0.8308025378115886,1.6933159014220691,1,1,low_risk,high_risk
user10,2021-11-02,946.0,2003.865234375,5000.0,439.0,1100.9310344827586,0.8592727158831084,1.8201550974684437,1,1,low_risk,high_risk
user10,2021-11-03,1486.0,2071.530029296875,5000.0,574.0,1106.5,1.3429733393583372,1.872146434068572,1,1,high_risk,high_risk
user10,2021-11-04,1571.0,1933.8524169921875,5000.0,692.0,1116.888888888889,1.4065857540787903,1.7314635647562362,1,1,high_risk,high_risk
user10,2021-11-05,1519.0,1816.1878662109375,5000.0,997.0,1077.7307692307693,1.4094429178116412,1.6851962642833722,1,1,high_risk,high_risk
user10,2021-11-06,2104.0,1790.70849609375,5000.0,997.0,1120.84,1.8771635559045003,1.597648635036,1,1,high_risk,high_risk
user10,2021-11-07,2274.0,1682.2335205078125,5000.0,997.0,1167.5416666666667,1.9476820955711787,1.4408338207839655,1,1,high_risk,high_risk
user10,2021-11-08,2181.0,1596.5721435546875,5000.0,1170.0,1165.6521739130435,1.8710555762775083,1.3696814360968972,1,1,high_risk,high_risk
user10,2021-11-09,2201.0,1553.59521484375,5000.0,1385.0,1150.2272727272727,1.913534874530725,1.3506854268548705,1,1,high_risk,high_risk
user10,2021-11-10,1741.0,1513.37109375,5000.0,2060.0,980.0,1.776530612244898,1.544256218112245,1,1,high_risk,high_risk
user10,2021-11-11,1780.0,1552.7322998046875,5000.0,2263.0,957.95,1.8581345581710944,1.620890756098635,1,1,high_risk,high_risk
user10,2021-11-12,1732.0,1533.144775390625,5000.0,2516.0,915.1578947368421,1.8925695882217621,1.6752789701185804,1,1,high_risk,high_risk
user10,2021-11-13,1147.0,1451.37890625,5000.0,3101.0,738.5,1.5531482735274205,1.965306575829384,1,1,high_risk,high_risk
user10,2021-11-14,977.0,1413.7003173828125,5000.0,3271.0,711.9411764705883,1.3723043873419811,1.9856982066849385,1,1,high_risk,high_risk
user10,2021-11-15,1022.0,1362.7906494140625,5000.0,3351.0,721.4375,1.416616130988478,1.888993363131335,1,1,high_risk,high_risk
user10,2021-11-16,910.0,1342.8822021484375,5000.0,3586.0,659.8666666666667,1.379066478076379,2.0350811307563714,1,1,high_risk,high_risk
user10,2021-11-17,2115.0,1297.471923828125,5000.0,3801.0,599.5,3.5279399499582986,2.1642567536749375,1,1,high_risk,high_risk
user10,2021-11-18,2032.0,1307.428466796875,5000.0,4043.0,515.3076923076923,3.943275115688909,2.5371801863501084,1,1,high_risk,high_risk
user10,2021-11-19,2027.0,1334.76123046875,5000.0,4248.0,438.6666666666667,4.620820668693009,3.042768762466755,1,1,high_risk,high_risk
user10,2021-11-20,2127.0,1353.658447265625,5000.0,4248.0,478.54545454545456,4.444718844984802,2.8286935638149457,1,1,high_risk,high_risk
user10,2021-11-21,2177.0,1241.4703369140625,5000.0,4248.0,526.4,4.13563829787234,2.358416293529754,1,1,high_risk,high_risk
user10,2021-11-22,2146.0,1229.8214111328125,5000.0,4373.0,487.6666666666667,4.400546821599453,2.5218484165402852,1,1,high_risk,high_risk
user10,2021-11-23,2189.0,1221.521728515625,5000.0,4496.0,441.0,4.963718820861678,2.7698905408517573,1,1,high_risk,high_risk
user10,2021-11-24,1056.0,1154.1588134765625,5000.0,5916.0,-916.0,inf,inf,1,1,high_risk,high_risk
user10,2021-11-25,1081.0,1329.6302490234375,5000.0,6075.0,-913.7096774193549,inf,inf,1,1,high_risk,high_risk
user10,2021-11-26,1061.0,1398.7230224609375,5000.0,6275.0,-952.4193548387098,inf,inf,1,1,high_risk,high_risk
user10,2021-11-27,1421.0,1489.978515625,5000.0,6375.0,-891.1290322580645,inf,inf,1,1,high_risk,high_risk
user10,2021-11-28,1621.0,1495.4718017578125,5000.0,6425.0,-779.8387096774194,inf,inf,1,1,high_risk,high_risk
user10,2021-11-29,1697.0,1434.2293701171875,5000.0,6519.0,-712.5483870967741,inf,inf,1,1,high_risk,high_risk
user10,2021-11-30,1692.0,1371.464599609375,5000.0,6685.0,-717.258064516129,inf,inf,1,1,high_risk,high_risk
user10,2021-12-01,1485.0,1264.3238525390625,5000.0,287.0,1064.225806451613,1.395380558334091,1.1880221705529064,1,1,high_risk,mid_risk
user10,2021-12-02,1512.0,1274.29541015625,5000.0,471.0,1056.7666666666667,1.4307794215058511,1.2058436837109263,1,1,high_risk,high_risk
user10,2021-12-03,2344.0,1236.240966796875,5000.0,651.0,1049.7586206896551,2.232894261406563,1.177643071875616,1,1,high_risk,mid_risk
user10,2021-12-04,1884.0,1210.1224365234375,5000.0,1111.0,972.25,1.9377732064798148,1.2446618015154924,1,1,high_risk,high_risk
user10,2021-12-05,1825.0,1267.80078125,5000.0,1361.0,943.4444444444445,1.93440113060888,1.3438001450064774,1,1,high_risk,high_risk
user10,2021-12-06,1807.0,1558.4552001953125,5000.0,1531.0,933.9615384615385,1.934769180084833,1.6686502987719032,1,1,high_risk,high_risk
user10,2021-12-07,1867.0,1596.3404541015625,5000.0,1692.0,926.24,2.0156762826049404,1.7234630917489662,1,1,high_risk,high_risk
user10,2021-12-08,1924.0,1573.1341552734375,5000.0,1772.0,941.5,2.043547530536378,1.6708806747460834,1,1,high_risk,high_risk
user10,2021-12-09,1949.0,1551.9527587890625,5000.0,1983.0,918.2173913043479,2.1225910317723375,1.6901800962237055,1,1,high_risk,high_risk
user10,2021-12-10,1087.0,1656.8017578125,5000.0,2995.0,637.9545454545455,1.7038831492696829,2.597052986952262,1,1,high_risk,high_risk
user10,2021-12-11,1087.0,1513.4404296875,5000.0,2995.0,668.3333333333334,1.62643391521197,2.264499396041147,1,1,high_risk,high_risk
user10,2021-12-12,896.0,1516.8311767578125,5000.0,3186.0,634.9,1.4112458654906286,2.389086748712888,1,1,high_risk,high_risk
user10,2021-12-13,858.0,1550.679443359375,5000.0,3338.0,612.3157894736842,1.401237751418257,2.532483189258048,1,1,high_risk,high_risk
user10,2021-12-14,721.0,1558.0831298828125,5000.0,3559.0,560.3888888888889,1.2866065232477446,2.7803604974611504,1,1,high_risk,high_risk
user10,2021-12-15,900.0,1545.8375244140625,5000.0,3696.0,536.9411764705883,1.6761612620508324,2.8789699731637883,1,1,high_risk,high_risk
user10,2021-12-16,968.0,1575.3634033203125,5000.0,3932.0,467.25,2.0716960941680043,3.3715642660680847,1,1,high_risk,high_risk
user10,2021-12-17,918.0,1803.711669921875,5000.0,4082.0,428.4,2.142857142857143,4.210344701031454,1,1,high_risk,high_risk
user10,2021-12-18,1448.0,1920.1763916015625,5000.0,4082.0,459.0,3.1546840958605666,4.183390831375953,1,1,high_risk,high_risk
user10,2021-12-19,1543.0,1866.8612060546875,5000.0,4082.0,494.3076923076923,3.121537503890445,3.776718904250068,1,1,high_risk,high_risk
user10,2021-12-20,1689.0,1940.5286865234375,5000.0,4196.0,469.0,3.601279317697228,4.137587817747201,1,1,high_risk,high_risk
user10,2021-12-21,3619.0,1942.1746826171875,5000.0,4280.0,458.1818181818182,7.898611111111111,4.238873315235925,1,1,high_risk,high_risk
user10,2021-12-22,3341.0,1867.004638671875,5000.0,4596.0,282.8,11.814002828854314,6.601855157962783,1,1,high_risk,high_risk
user10,2021-12-23,3247.0,1819.11669921875,5000.0,4900.0,77.77777777777777,41.74714285714286,23.388643275669644,1,1,high_risk,high_risk
user11,2022-11-04,1821.0,2157.32861328125,7500.0,1071.0,1666.7777777777778,1.0925271648556762,1.2943108805767116,1,1,mid_risk,high_risk
user11,2022-11-05,1716.0,2136.903076171875,7500.0,1471.0,1623.1923076923076,1.0571760301400375,1.316481766236257,1,1,mid_risk,high_risk
user11,2022-11-06,1716.0,2237.0869140625,7500.0,1471.0,1688.12,1.01651541359619,1.3251942480762624,1,1,mid_risk,high_risk
user11,2022-11-07,2606.0,1963.5953369140625,7500.0,1626.0,1713.25,1.5210856559171166,1.1461230625501606,1,1,high_risk,mid_risk
user11,2022-11-08,2430.0,2012.640869140625,7500.0,1947.0,1690.0434782608695,1.4378328316739986,1.190881119349499,1,1,high_risk,mid_risk
user11,2022-11-09,2473.0,2072.17431640625,7500.0,2137.0,1706.409090909091,1.449242161902986,1.2143479119079805,1,1,high_risk,high_risk
user11,2022-11-10,2620.0,2097.374267578125,7500.0,2287.0,1737.6666666666667,1.5077690389411087,1.2070061006588098,1,1,high_risk,high_risk
user11,2022-11-11,2015.0,2144.332275390625,7500.0,2892.0,1612.8,1.2493799603174605,1.3295711032927984,1,1,high_risk,high_risk
user11,2022-11-12,1805.0,2404.328369140625,7500.0,3187.0,1589.0,1.1359345500314664,1.5131078471621302,1,1,mid_risk,high_risk
user11,2022-11-13,1962.0,2539.98291015625,7500.0,3187.0,1677.2777777777778,1.169752575270776,1.5143483946478256,1,1,mid_risk,high_risk
user11,2022-11-14,1127.0,2716.652099609375,7500.0,4232.0,1345.6470588235295,0.8375152998776009,2.0188444524112334,1,1,low_risk,high_risk
user11,2022-11-15,1127.0,2601.88134765625,7500.0,4377.0,1366.3125,0.8248479026577009,1.9043091149764422,1,1,low_risk,high_risk
user11,2022-11-16,1139.0,2730.22998046875,7500.0,4610.0,1348.6666666666667,0.8445378151260504,2.024391977609058,1,1,low_risk,high_risk
user11,2022-11-17,1124.0,2862.762939453125,7500.0,4907.0,1296.5,0.866949479367528,2.208070142270054,1,1,low_risk,high_risk
user11,2022-11-18,1124.0,2841.758056640625,7500.0,4907.0,1396.2307692307693,0.8050245165555616,2.03530685561832,1,1,low_risk,high_risk
user11,2022-11-19,1324.0,3407.70458984375,7500.0,4992.0,1463.0,0.9049897470950102,2.329258092852871,1,1,low_risk,high_risk
user11,2022-11-20,1384.0,3786.18212890625,7500.0,5149.0,1496.090909090909,0.9250774746308562,2.5307166201597346,1,1,low_risk,high_risk
user11,2022-11-21,1384.0,3577.540771484375,7500.0,5359.0,1498.7,0.923467004737439,2.3870959975207677,1,1,low_risk,high_risk
user11,2022-11-22,1394.0,3173.537841796875,7500.0,5504.0,1552.4444444444443,0.8979387346120814,2.044219909545654,1,1,low_risk,high_risk
user11,2022-11-23,1329.0,3397.21875,7500.0,5749.0,1532.125,0.8674226972342335,2.217324793995268,1,1,low_risk,high_risk
user11,2022-11-24,1262.0,2989.250244140625,7500.0,6031.0,1469.0,0.8590878148400273,2.0348878448881043,1,1,low_risk,high_risk
user11,2022-11-25,1367.0,2413.531005859375,7500.0,6031.0,1710.9354838709678,0.7989781104470295,1.4106499214095405,0,1,no_alarm,high_risk
user11,2022-11-26,1232.0,2472.0166015625,7500.0,6316.0,1667.8709677419356,0.7386662540615813,1.482138995985562,0,1,no_alarm,high_risk
user11,2022-11-27,1218.0,2061.185791015625,7500.0,6533.0,1692.8064516129032,0.71951521618995,1.2176145648852712,0,1,no_alarm,high_risk
user11,2022-11-28,1259.0,2018.88232421875,7500.0,6743.0,1724.741935483871,0.7299642770306918,1.1705416808644817,0,1,no_alarm,mid_risk
user11,2022-11-29,1284.0,1955.28173828125,7500.0,6898.0,1811.6774193548388,0.7087354438944482,1.079265942927936,0,1,no_alarm,mid_risk
user11,2022-11-30,1718.0,1988.967529296875,7500.0,7078.0,1873.6129032258063,0.9169450087806894,1.0615680143280728,1,1,low_risk,mid_risk
user11,2022-12-01,1828.0,2092.572265625,7500.0,215.0,1645.0,1.1112462006079027,1.2720804046352583,1,1,mid_risk,high_risk
user11,2022-12-02,1873.0,2141.418212890625,7500.0,320.0,1675.3333333333333,1.1179864703541584,1.2782042655534969,1,1,mid_risk,high_risk
user11,2022-12-03,1917.0,2291.896240234375,7500.0,470.0,1696.896551724138,1.1297094086567772,1.350639930233629,1,1,mid_risk,high_risk
user11,2022-12-04,2019.0,2460.187744140625,7500.0,673.0,1706.75,1.182950051267028,1.4414458732331186,1,1,mid_risk,high_risk
user11,2022-12-05,2910.0,2350.882568359375,7500.0,924.0,1704.888888888889,1.7068561001042752,1.3789066159563592,1,1,high_risk,high_risk
user11,2022-12-06,2730.0,2256.529296875,7500.0,1104.0,1722.0,1.5853658536585367,1.3104119029471544,1,1,high_risk,high_risk
user11,2022-12-07,2116.0,2182.74462890625,7500.0,1718.0,1618.96,1.3070119088797747,1.3482387637163673,1,1,high_risk,high_risk
user11,2022-12-08,1791.0,2094.5693359375,7500.0,2043.0,1591.625,1.125265059294746,1.3159942423230975,1,1,mid_risk,high_risk
user11,2022-12-09,2142.0,2150.410400390625,7500.0,2193.0,1615.1739130434783,1.3261729790842285,1.3313800966105245,1,1,high_risk,high_risk
user11,2022-12-10,2158.0,2225.986083984375,7500.0,2387.0,1626.8636363636363,1.3264787237014892,1.3682683872385866,1,1,high_risk,high_risk
user11,2022-12-11,1937.0,2213.026123046875,7500.0,2692.0,1602.6666666666667,1.2086106489184691,1.3808399270259202,1,1,high_risk,high_risk
user11,2022-12-12,1351.0,2117.587890625,7500.0,3834.0,1283.1,1.0529187124931807,1.6503685532109735,1,1,mid_risk,high_risk
user11,2022-12-13,1551.0,2575.208251953125,7500.0,3834.0,1350.6315789473683,1.1483516483516485,1.9066696589162722,1,1,mid_risk,high_risk
user11,2022-12-14,1721.0,2129.967041015625,7500.0,3834.0,1425.6666666666667,1.2071545475800793,1.4940147587203354,1,1,high_risk,high_risk
user11,2022-12-15,1861.0,2089.160888671875,7500.0,3834.0,1509.5294117647059,1.2328345413451796,1.3839815722633417,1,1,high_risk,high_risk
user11,2022-12-16,1360.0,1866.7191162109375,7500.0,4335.0,1384.6875,0.9821710674791243,1.348115814009253,1,1,low_risk,high_risk
user11,2022-12-17,1150.0,2011.5411376953125,7500.0,4545.0,1379.0,0.8339376359680928,1.4586955313236494,1,1,low_risk,high_risk
user11,2022-12-18,3200.0,2505.2763671875,7500.0,4629.0,1435.5,2.229188436084988,1.745229095916057,1,1,high_risk,high_risk
user11,2022-12-19,2966.0,2702.702392578125,7500.0,5185.0,1246.5384615384614,2.379389077445233,2.1681660662459503,1,1,high_risk,high_risk
user11,2022-12-20,3110.0,2639.462646484375,7500.0,5385.0,1233.75,2.520770010131712,2.139382084283181,1,1,high_risk,high_risk
user11,2022-12-21,3400.0,2817.825927734375,7500.0,5555.0,1237.7272727272727,2.7469702533969884,2.2766129419815,1,1,high_risk,high_risk
user11,2022-12-22,5380.0,3012.906494140625,7500.0,5695.0,1263.5,4.258013454689355,2.38457181966017,1,1,high_risk,high_risk
user12,2023-11-03,1439.0,1099.4952392578125,8750.0,939.0,1952.75,0.7369094866214313,0.563049668036263,0,0,no_alarm,no_alarm
user12,2023-11-04,1412.0,1032.4605712890625,8750.0,1076.0,1989.5555555555557,0.7097062437171897,0.518940307249054,0,0,no_alarm,no_alarm
user12,2023-11-05,1466.0,1094.9908447265625,8750.0,1292.0,2007.923076923077,0.7301076504616327,0.5453350565622845,0,0,no_alarm,no_alarm
user12,2023-11-06,1494.0,1062.920166015625,8750.0,1477.0,2036.44,0.7336332030406002,0.5219501512520011,0,0,no_alarm,no_alarm
user12,2023-11-07,1792.0,1051.952392578125,8750.0,1633.0,2075.7916666666665,0.8632850920331601,0.5067716618534094,1,0,low_risk,no_alarm
user12,2023-11-08,1877.0,1013.1857299804688,8750.0,1838.0,2103.6521739130435,0.8922577711640212,0.48163177475096686,1,0,low_risk,no_alarm
user12,2023-11-09,1651.0,1097.912841796875,8750.0,2103.0,2114.9545454545455,0.7806314341593414,0.5191188832670216,0,0,no_alarm,no_alarm
user12,2023-11-10,1451.0,1161.6297607421875,8750.0,2378.0,2124.0,0.6831450094161958,0.5469066670160958,0,0,no_alarm,no_alarm
user12,2023-11-11,1474.0,1270.5517578125,8750.0,2488.0,2191.7,0.6725372998129306,0.5797106163309304,0,0,no_alarm,no_alarm
user12,2023-11-12,1283.0,1208.1668701171875,8750.0,2758.0,2207.5789473684213,0.5811796681289337,0.5472813878558688,0,0,no_alarm,no_alarm
user12,2023-11-13,1288.0,1333.65673828125,8750.0,2971.0,2247.3888888888887,0.5731095345215436,0.5934249941676143,0,0,no_alarm,no_alarm
user12,2023-11-14,1001.0,1344.601806640625,8750.0,3425.0,2192.6470588235293,0.45652582159624416,0.6132322122841214,0,0,no_alarm,no_alarm
user12,2023-11-15,1041.0,1440.37646484375,8750.0,3715.0,2202.8125,0.4725776705915733,0.6538806479642503,0,0,no_alarm,no_alarm
user12,2023-11-16,1431.0,1450.8470458984375,8750.0,3754.0,2331.4666666666667,0.6137767356742537,0.6222894226374402,0,0,no_alarm,no_alarm
user12,2023-11-17,1951.0,1228.88720703125,8750.0,3829.0,2460.5,0.7929282666124772,0.4994461316932534,0,0,no_alarm,no_alarm
user12,2023-11-18,1978.0,1192.8079833984375,8750.0,3962.0,2578.153846153846,0.7672156581931018,0.46265973816027234,0,0,no_alarm,no_alarm
user12,2023-11-19,2204.0,1198.8671875,8750.0,4041.0,2746.9166666666665,0.8023541546582532,0.4364410475381489,1,0,low_risk,no_alarm
user12,2023-11-20,2078.0,1086.160400390625,8750.0,4259.0,2857.909090909091,0.7271050036581098,0.3800542165059285,0,0,no_alarm,no_alarm
user12,2023-11-21,2201.0,1076.5443115234375,8750.0,4426.0,3026.8,0.7271706092242632,0.3556707782223594,0,0,no_alarm,no_alarm
user12,2023-11-22,2136.0,1059.2606201171875,8750.0,4756.0,3106.4444444444443,0.6876028328206596,0.34098811005990015,0,0,no_alarm,no_alarm
user12,2023-11-23,2643.0,1090.61962890625,8750.0,5185.0,3119.375,0.8472851132037668,0.34962761094970946,1,0,low_risk,no_alarm
user12,2023-11-24,2048.0,1194.7276611328125,8750.0,5780.0,2970.0,0.6895622895622896,0.40226520576862373,0,0,no_alarm,no_alarm
user12,2023-11-25,1888.0,1435.4398193359375,8750.0,5940.0,3092.258064516129,0.6105570623826414,0.46420440641992555,0,0,no_alarm,no_alarm
user12,2023-11-26,1583.0,1572.632080078125,8750.0,6245.0,3069.516129032258,0.5157164626136304,0.5123387576314632,0,0,no_alarm,no_alarm
user12,2023-11-27,1779.0,1816.882080078125,8750.0,6337.0,3259.7741935483873,0.5457433228108022,0.5573643977162664,0,0,no_alarm,no_alarm
user12,2023-11-28,1990.0,1741.68701171875,8750.0,6627.0,3252.032258064516,0.6119250493487943,0.5355687992945478,0,0,no_alarm,no_alarm
user12,2023-11-29,1855.0,1775.656982421875,8750.0,6892.0,3269.290322580645,0.5674014287405771,0.5431322419295707,0,0,no_alarm,no_alarm
user12,2023-11-30,919.0,1806.204345703125,8750.0,7828.0,2615.548387096774,0.3513603512493525,0.690564301778408,0,0,no_alarm,no_alarm
user12,2023-12-01,1292.0,1889.8995361328125,8750.0,0.0,1975.8064516129032,0.6539102040816327,0.9565205815529337,0,1,no_alarm,low_risk
user12,2023-12-02,1489.0,1829.482666015625,8750.0,0.0,2041.6666666666667,0.7293061224489795,0.8960731425382653,0,1,no_alarm,low_risk
user12,2023-12-03,3030.0,1827.6358642578125,8750.0,0.0,2112.0689655172414,1.4346122448979592,0.8653296336894133,1,1,high_risk,low_risk
user12,2023-12-04,2847.0,1701.0692138671875,8750.0,288.0,2115.5,1.3457811392105885,0.804097950303563,1,1,high_risk,low_risk
user12,2023-12-05,2446.0,1502.544189453125,8750.0,789.0,2063.962962962963,1.18509878514903,0.7279898992451482,1,0,mid_risk,no_alarm
user12,2023-12-06,2617.0,1376.5732421875,8750.0,919.0,2108.346153846154,1.2412572742032582,0.6529161445696591,1,0,high_risk,no_alarm
user12,2023-12-07,2952.0,1488.092529296875,8750.0,919.0,2192.68,1.3462976813762155,0.678663794669936,1,0,high_risk,no_alarm
user12,2023-12-08,2679.0,1490.5748291015625,8750.0,1292.0,2175.25,1.2315825767153201,0.6852429969435985,1,0,high_risk,no_alarm
user12,2023-12-09,2752.0,1439.8951416015625,8750.0,1489.0,2209.8695652173915,1.2453223680327383,0.6515747192798303,1,0,high_risk,no_alarm
user12,2023-12-10,1326.0,1611.329833984375,8750.0,3030.0,1820.0,0.7285714285714285,0.8853460626287775,0,1,no_alarm,low_risk
user12,2023-12-11,1565.0,1637.357421875,8750.0,3135.0,1871.6666666666667,0.8361531611754229,0.8748125139136241,1,1,low_risk,low_risk
user12,2023-12-12,1675.0,1751.291015625,8750.0,3235.0,1930.25,0.867763243103225,0.9072871470664422,1,1,low_risk,low_risk
user12,2023-12-13,1550.0,2007.048828125,8750.0,3536.0,1920.9473684210527,0.8068935284125157,1.0448223939496684,1,1,low_risk,mid_risk
user12,2023-12-14,1506.0,1701.7069091796875,8750.0,3871.0,1897.388888888889,0.7937223669955787,0.896867752912903,0,1,no_alarm,low_risk
user12,2023-12-15,2034.0,1484.0394287109375,8750.0,3971.0,1967.8235294117646,1.0336292709174066,0.7541527004479699,1,0,mid_risk,no_alarm
user12,2023-12-16,1778.0,1574.79833984375,8750.0,4241.0,1972.6875,0.9013084941228654,0.7983009675094256,1,0,low_risk,no_alarm
user12,2023-12-17,1857.0,1542.883056640625,8750.0,4356.0,2050.5333333333333,0.9056180505884648,0.7524301271086994,1,0,low_risk,no_alarm
user12,2023-12-18,1715.0,1539.1494140625,8750.0,4700.0,2025.0,0.8469135802469135,0.7600737847222222,1,0,low_risk,no_alarm
user12,2023-12-19,1912.0,1558.107177734375,8750.0,4910.0,2067.6923076923076,0.924702380952381,0.7535488582792736,1,0,low_risk,no_alarm
user12,2023-12-20,1944.0,1567.8306884765625,8750.0,5086.0,2137.3333333333335,0.9095446038677479,0.7335452379023217,1,0,low_risk,no_alarm
user12,2023-12-21,2511.0,1570.392822265625,8750.0,5377.0,2146.4545454545455,1.1698360933463217,0.7316217460049077,1,0,mid_risk,no_alarm
user13,2025-03-28,2260.0,880.5596313476562,7692.307692307692,4537.0,3924.538461538462,0.57586389384347,0.22437278675629727,0,0,no_alarm,no_alarm
user13,2025-03-29,320.0,1002.0049438476562,7692.307692307692,6477.0,2240.948717948718,0.1427966635010355,0.44713425872808676,0,0,no_alarm,no_alarm
user13,2025-03-30,320.0,1232.168212890625,7692.307692307692,6477.0,2497.3589743589746,0.12813536351222315,0.4933885058342081,0,0,no_alarm,no_alarm
user13,2025-03-31,335.0,1449.88671875,7692.307692307692,6477.0,2753.769230769231,0.12165144277773121,0.5265098841797257,0,0,no_alarm,no_alarm
user13,2025-04-01,458.0,1488.6546630859375,7692.307692307692,0.0,1794.8717948717947,0.2551714285714286,0.8293933122907367,0,1,no_alarm,low_risk
user13,2025-04-02,406.0,1349.231689453125,7692.307692307692,320.0,1779.522546419098,0.2281510851419032,0.7581987045728419,0,0,no_alarm,no_alarm
user13,2025-04-03,590.0,1373.10791015625,7692.307692307692,320.0,1843.076923076923,0.3201168614357262,0.7450084654437082,0,0,no_alarm,no_alarm
user13,2025-04-04,656.0,1165.152099609375,7692.307692307692,320.0,1911.3390313390312,0.34321488194610067,0.6095999090193338,0,0,no_alarm,no_alarm
user13,2025-04-05,3804.0,1050.9061279296875,7692.307692307692,320.0,1984.852071005917,1.9165156212735512,0.5294631994398915,1,0,high_risk,no_alarm
user13,2025-04-06,4019.0,922.5486450195312,7692.307692307692,320.0,2064.246153846154,1.9469577271643215,0.44691794304696464,1,0,high_risk,no_alarm
user13,2025-04-07,4042.0,815.4944458007812,7692.307692307692,335.0,2145.88141025641,1.8836082836082837,0.38002773214915836,1,0,high_risk,no_alarm
user13,2025-04-08,4004.0,702.8667602539062,7692.307692307692,458.0,2201.7458193979933,1.8185568764221764,0.319231563453626,1,0,high_risk,no_alarm
user13,2025-04-09,3898.0,709.6102905273438,7692.307692307692,726.0,2216.5524475524476,1.7585868560449511,0.32014143915742066,1,0,high_risk,no_alarm
user13,2025-04-10,3714.0,871.5462036132812,7692.307692307692,910.0,2260.7692307692305,1.6428036747192925,0.38550869843391145,1,0,high_risk,no_alarm
user13,2025-04-11,4544.0,1082.6300048828125,7692.307692307692,976.0,2350.707692307692,1.9330348962014714,0.460554924980908,1,0,high_risk,no_alarm
user13,2025-04-12,1696.0,1225.715576171875,7692.307692307692,4124.0,1314.6396761133603,1.290087337858313,0.9323585758461336,1,1,high_risk,low_risk
user13,2025-04-13,1819.0,956.0097045898438,7692.307692307692,4339.0,1304.0641025641025,1.3948700807141383,0.7331002384852858,1,0,high_risk,no_alarm
user13,2025-04-14,1781.0,1034.7889404296875,7692.307692307692,4377.0,1365.1266968325792,1.3046408103602005,0.7580167780987989,1,0,high_risk,no_alarm
user13,2025-04-15,1911.0,1074.12646484375,7692.307692307692,4462.0,1413.2596153846155,1.3521931704529218,0.7600347828176134,1,0,high_risk,no_alarm
user13,2025-04-16,1914.0,1258.0504150390625,7692.307692307692,4624.0,1431.8769230769233,1.336707065497679,0.8786023398824464,1,1,high_risk,low_risk
user13,2025-04-17,1944.0,1470.9971923828125,7692.307692307692,4624.0,1534.1538461538462,1.2671480144404332,0.9588329071889572,1,1,high_risk,low_risk
user13,2025-04-18,1564.0,1292.1744384765625,7692.307692307692,5520.0,1169.7041420118344,1.3370902468636179,1.1047019430520997,1,1,high_risk,mid_risk
user13,2025-04-19,1698.0,1537.079345703125,7692.307692307692,5820.0,1092.1794871794873,1.5546895175490079,1.407350498472165,1,1,high_risk,high_risk
user13,2025-04-20,1393.0,1542.845458984375,7692.307692307692,6158.0,976.3776223776225,1.4267020956582772,1.5801728999352938,1,1,high_risk,high_risk
user13,2025-04-21,2319.0,1592.8145751953125,7692.307692307692,6158.0,1074.0153846153848,2.1591869476157046,1.4830463306312085,1,1,high_risk,high_risk
user13,2025-04-22,2150.0,1660.1121826171875,7692.307692307692,6373.0,1026.1282051282053,2.0952547539918536,1.6178409036225367,1,1,high_risk,high_risk
user13,2025-04-23,2205.0,1729.13720703125,7692.307692307692,6538.0,1010.0192307692308,2.1831267493002797,1.7119844398550104,1,1,high_risk,high_risk
user13,2025-04-24,2593.0,1813.74853515625,7692.307692307692,6568.0,1124.3076923076924,2.3063081554460862,1.6132136670108954,1,1,high_risk,high_risk
user13,2025-04-25,2202.0,1870.917724609375,7692.307692307692,7084.0,856.4466501240695,2.571088344710095,2.184511696482605,1,1,high_risk,high_risk
user13,2025-04-26,2170.0,1761.24609375,7692.307692307692,7518.0,670.5856079404467,3.2359775907876522,2.6264299037959855,1,1,high_risk,high_risk
user13,2025-04-27,2282.0,1741.629638671875,7692.307692307692,7551.0,885.724565756824,2.5764217096655804,1.966333221415968,1,1,high_risk,high_risk
user13,2025-04-28,1429.0,1708.732666015625,7692.307692307692,8477.0,207.86352357320106,6.8747030524418316,8.220454636014477,1,1,high_risk,high_risk
user13,2025-04-29,1473.0,1515.254150390625,7692.307692307692,8523.0,410.0024813895782,3.5926611834341013,3.6957194630996715,1,1,high_risk,high_risk
user13,2025-04-30,1403.0,1615.0386962890625,7692.307692307692,8743.0,438.1414392059555,3.2021623029829347,3.6861126380010982,1,1,high_risk,high_risk
user13,2025-05-01,1269.0,1374.6517333984375,7692.307692307692,418.0,1642.5856079404466,0.7725624733746046,0.8368828551481359,0,1,no_alarm,low_risk
user13,2025-05-02,1144.0,1590.0479736328125,7692.307692307692,543.0,1668.1717948717949,0.6857806872870192,0.9531680001549322,0,1,no_alarm,low_risk
user13,2025-05-03,742.0,1279.511474609375,7692.307692307692,945.0,1628.6604774535808,0.4555891238670695,0.7856219834166406,0,0,no_alarm,no_alarm
user13,2025-05-04,597.0,1790.255615234375,7692.307692307692,1090.0,1650.576923076923,0.36169171618315277,1.0846241639541827,0,1,no_alarm,mid_risk
user13,2025-05-05,524.0,1766.4588623046875,7692.307692307692,1163.0,1692.7834757834758,0.3095493354561933,1.0435232193456474,0,1,no_alarm,mid_risk
user13,2025-05-06,569.0,1669.4141845703125,7692.307692307692,1253.0,1733.6597633136093,0.3282074211103849,0.9629422219383451,0,1,no_alarm,low_risk
user13,2025-05-07,644.0,1612.759765625,7692.307692307692,1403.0,1761.0061538461537,0.36570002813077146,0.9158172230702466,0,1,no_alarm,low_risk
user13,2025-05-08,360.0,1513.4124755859375,7692.307692307692,1687.0,1751.548076923077,0.20553246853058557,0.8640427833671176,0,1,no_alarm,low_risk
user13,2025-05-09,370.0,1479.208740234375,7692.307692307692,1687.0,1827.7023411371235,0.20243996611056522,0.8093269384959425,0,1,no_alarm,low_risk
user13,2025-05-10,3658.0,1660.8310546875,7692.307692307692,1687.0,1910.77972027972,1.9144017288735424,0.8691902248388789,1,1,high_risk,low_risk
user13,2025-05-11,6662.0,1932.171875,7692.307692307692,1687.0,2001.7692307692307,3.3280559505053224,0.965232078353764,1,1,high_risk,low_risk
user13,2025-05-12,7194.0,2370.434814453125,7692.307692307692,1687.0,2101.857692307692,3.4226865245579465,1.1277808307995172,1,1,high_risk,mid_risk
user13,2025-05-13,7290.0,2806.859130859375,7692.307692307692,1822.0,2162.744939271255,3.3707164759134254,1.2978225401859715,1,1,high_risk,high_risk
user13,2025-05-14,7275.0,3182.49658203125,7692.307692307692,2047.0,2195.3974358974356,3.313750795662254,1.4496220729757332,1,1,high_risk,high_risk
user13,2025-05-15,7540.0,3528.601806640625,7692.307692307692,2047.0,2324.5384615384614,3.243654654356531,1.5179795322918737,1,1,high_risk,high_risk
user13,2025-05-16,7860.0,3904.506103515625,7692.307692307692,2057.0,2465.4471153846152,3.18806270511863,1.5836908766572806,1,1,high_risk,high_risk
user13,2025-05-17,4724.0,3106.9638671875,7692.307692307692,5345.0,1095.4102564102566,4.312539500479857,2.836347248901301,1,1,high_risk,high_risk
user13,2025-05-18,1720.0,2773.82275390625,7692.307692307692,8349.0,-328.3461538461538,inf,inf,1,1,high_risk,high_risk
user13,2025-05-19,1488.0,2692.08837890625,7692.307692307692,8881.0,-640.0650887573963,inf,inf,1,1,high_risk,high_risk
user13,2025-05-20,1872.0,2339.124267578125,7692.307692307692,9112.0,-828.1538461538461,inf,inf,1,1,high_risk,high_risk
user13,2025-05-21,1872.0,2450.813720703125,7692.307692307692,9322.0,-1037.0769230769229,inf,inf,1,1,high_risk,high_risk
user13,2025-05-22,1607.0,2339.755126953125,7692.307692307692,9587.0,-1326.2846153846153,inf,inf,1,1,high_risk,high_risk
user13,2025-05-23,1277.0,2320.641845703125,7692.307692307692,9917.0,-1730.3162393162393,inf,inf,1,1,high_risk,high_risk
user13,2025-05-24,1125.0,2440.865234375,7692.307692307692,10069.0,-2079.605769230769,inf,inf,1,1,high_risk,high_risk
user13,2025-05-25,1380.0,2502.796875,7692.307692307692,10069.0,-2376.6923076923076,inf,inf,1,1,high_risk,high_risk
user13,2025-05-26,1080.0,2695.418701171875,7692.307692307692,10369.0,-2420.2820512820513,inf,inf,1,1,high_risk,high_risk
user13,2025-05-27,1512.0,2728.078125,7692.307692307692,10984.0,-2778.871794871795,inf,inf,1,1,high_risk,high_risk
user13,2025-05-28,1571.0,2562.5166015625,7692.307692307692,11194.0,-2732.461538461538,inf,inf,1,1,high_risk,high_risk
user13,2025-05-29,2207.0,2516.8232421875,7692.307692307692,11194.0,-2476.0512820512813,inf,inf,1,1,high_risk,high_risk
user13,2025-05-30,2207.0,2541.623779296875,7692.307692307692,11194.0,-2219.6410256410254,inf,inf,1,1,high_risk,high_risk
user13,2025-05-31,2252.0,2684.168212890625,7692.307692307692,11194.0,-1963.230769230769,inf,inf,1,1,high_risk,high_risk
user13,2025-06-01,1997.0,2819.90673828125,7692.307692307692,255.0,1735.3717948717947,1.1507620475919593,1.6249582634766622,1,1,mid_risk,high_risk
user13,2025-06-02,2208.0,2876.572021484375,7692.307692307692,255.0,1795.2122015915118,1.2299381644367942,1.6023576594088453,1,1,high_risk,high_risk
user13,2025-06-03,1161.0,3056.3896484375,7692.307692307692,1302.0,1597.576923076923,0.7267255699737584,1.9131408349032188,0,1,no_alarm,high_risk
user13,2025-06-04,1192.0,2549.02294921875,7692.307692307692,1571.0,1587.005698005698,0.7511000127459657,1.606183867154331,0,1,no_alarm,high_risk
user13,2025-06-05,706.0,2894.015380859375,7692.307692307692,2207.0,1476.8136094674555,0.4780562661896014,1.9596348261599292,0,1,no_alarm,high_risk
user13,2025-06-06,934.0,2428.30712890625,7692.307692307692,2207.0,1535.8861538461538,0.6081179895144472,1.5810463053041417,0,1,no_alarm,high_risk
user13,2025-06-07,889.0,2947.734130859375,7692.307692307692,2252.0,1586.7564102564102,0.5602624285956677,1.857710554566494,0,1,no_alarm,high_risk
user13,2025-06-08,1049.0,3411.2001953125,7692.307692307692,2252.0,1655.7458193979933,0.6335513505215445,2.0602197241559495,0,1,no_alarm,high_risk
user13,2025-06-09,993.0,3889.523681640625,7692.307692307692,2463.0,1663.8706293706293,0.5968012070599559,2.337635879246131,0,1,no_alarm,high_risk
user13,2025-06-10,1018.0,3837.789306640625,7692.307692307692,2463.0,1743.102564102564,0.5840161221517778,2.201700224459546,0,1,no_alarm,high_risk
user14,2025-11-19,7732.0,7809.97021484375,30294.533333333333,15560.0,8595.144444444444,0.8995776685286138,0.9086490943025164,1,1,low_risk,low_risk
user14,2025-11-20,8513.0,7899.38525390625,30294.533333333333,15828.0,9205.975757575758,0.924725441840807,0.8580714811687081,1,1,low_risk,low_risk
user14,2025-11-21,6238.0,8802.9580078125,30294.533333333333,19016.0,7894.973333333333,0.7901229980933016,1.1150079469737495,0,1,no_alarm,mid_risk
user14,2025-11-22,6653.0,8988.3623046875,30294.533333333333,19641.0,8286.081481481482,0.8029126933966017,1.084754274354596,1,1,low_risk,mid_risk
user14,2025-11-23,9338.0,8739.673828125,30294.533333333333,20274.0,8767.966666666667,1.0650131729515395,0.996773158519269,1,1,mid_risk,low_risk
user14,2025-11-24,8885.0,7601.5556640625,30294.533333333333,21337.0,8957.533333333333,0.9919025326912916,0.8486215324228955,1,1,low_risk,low_risk
user14,2025-11-25,10928.0,4585.185546875,30294.533333333333,21575.0,9696.776344086022,1.126972471285768,0.47285668805504255,1,0,mid_risk,no_alarm
user14,2025-11-26,10274.0,4045.896484375,30294.533333333333,23292.0,8957.019354838709,1.1470333593116375,0.45170121042435274,1,0,mid_risk,no_alarm
user14,2025-11-27,9225.0,3336.7353515625,30294.533333333333,24341.0,8885.262365591398,1.038236083576356,0.37553593965713006,1,0,mid_risk,no_alarm
user14,2025-11-28,11061.0,3415.691650390625,30294.533333333333,25254.0,8949.505376344085,1.235934225955901,0.3816626178491611,1,0,high_risk,no_alarm
user14,2025-11-29,10021.0,3742.923095703125,30294.533333333333,26294.0,8886.748387096774,1.127634041552264,0.421180271193197,1,0,mid_risk,no_alarm
user14,2025-11-30,9200.0,3642.805419921875,30294.533333333333,29612.0,6545.991397849462,1.4054402825861416,0.5564940737805791,1,0,high_risk,no_alarm
user14,2025-12-01,8645.0,4073.89697265625,30294.533333333333,610.0,6702.959139784946,1.289728882380948,0.6077758923631085,1,0,high_risk,no_alarm
user14,2025-12-02,7242.0,4238.08349609375,30294.533333333333,2891.0,6394.1577777777775,1.1325963874661975,0.6628055865031612,1,0,mid_risk,no_alarm
user14,2025-12-03,6219.0,3734.30126953125,30294.533333333333,3954.0,6358.059770114943,0.9781285840110262,0.5873334640677246,1,0,low_risk,no_alarm
user14,2025-12-04,7123.0,3769.8232421875,30294.533333333333,3954.0,6585.133333333333,1.0816789333549308,0.5724748537899764,1,0,mid_risk,no_alarm
user14,2025-12-05,4647.0,3662.59228515625,30294.533333333333,6703.0,6116.323456790124,0.7597701515999888,0.5988225297486794,0,0,no_alarm,no_alarm
user14,2025-12-06,4647.0,3328.1376953125,30294.533333333333,6703.0,6351.566666666667,0.7316305163555449,0.5239868948835458,0,0,no_alarm,no_alarm
user14,2025-12-07,4064.0,2703.9140625,30294.533333333333,9200.0,5906.469333333333,0.6880591044576658,0.4577885552101966,0,0,no_alarm,no_alarm
user14,2025-12-08,4009.0,2467.25537109375,30294.533333333333,9255.0,6136.530555555556,0.6533007476627899,0.4020603089574909,0,0,no_alarm,no_alarm
user14,2025-12-09,3131.0,2238.66943359375,30294.533333333333,10133.0,6136.11884057971,0.5102573925547046,0.3648347582170119,0,0,no_alarm,no_alarm
user14,2025-12-10,3840.0,2314.18310546875,30294.533333333333,10173.0,6402.306060606061,0.5997838846892762,0.3614608679375885,0,0,no_alarm,no_alarm
user14,2025-12-11,2936.0,2710.755615234375,30294.533333333333,11077.0,6405.844444444445,0.4583314542622535,0.4231691291825412,0,0,no_alarm,no_alarm
user14,2025-12-12,4048.0,3362.54150390625,30294.533333333333,11350.0,6630.586666666667,0.6105040479072741,0.5071257903633841,0,0,no_alarm,no_alarm
user14,2025-12-13,4144.0,4001.885986328125,30294.533333333333,11350.0,6979.564912280702,0.5937332845359083,0.573371841457727,0,0,no_alarm,no_alarm
user14,2025-12-14,3046.0,3486.9599609375,30294.533333333333,13264.0,6622.985185185185,0.45991345516120624,0.5264936978475214,0,0,no_alarm,no_alarm
user14,2025-12-15,6063.0,3490.6396484375,30294.533333333333,13264.0,7012.572549019608,0.8645899857175291,0.49776877515876944,1,0,low_risk,no_alarm
user14,2025-12-16,6462.0,4185.6728515625,30294.533333333333,13264.0,7450.858333333334,0.8672826285114802,0.5617705590826784,1,0,low_risk,no_alarm
user14,2025-12-17,6774.0,4593.87890625,30294.533333333333,14013.0,7598.048888888889,0.8915446714097947,0.6046129701755304,1,0,low_risk,no_alarm
user14,2025-12-18,6774.0,5483.61865234375,30294.533333333333,14013.0,8140.766666666667,0.832108359982475,0.6735997820447398,1,0,low_risk,no_alarm
user14,2025-12-19,7560.0,4957.48095703125,30294.533333333333,15398.0,8021.210256410257,0.9425011635816833,0.6180465040259246,1,0,low_risk,no_alarm
user14,2025-12-20,8664.0,4930.4208984375,30294.533333333333,15494.0,8633.644444444444,1.003515960814797,0.5710706446349102,1,0,mid_risk,no_alarm
user14,2025-12-21,8903.0,4237.3154296875,30294.533333333333,16310.0,8899.248484848486,1.0004215541523425,0.47614306274308316,1,0,mid_risk,no_alarm
user14,2025-12-22,6513.0,4303.705078125,30294.533333333333,19327.0,7677.2733333333335,0.8483480680206774,0.5605772897832216,1,0,low_risk,no_alarm
user14,2025-12-23,6673.0,3644.1025390625,30294.533333333333,19726.0,8219.97037037037,0.8118034128265759,0.4433230747641133,1,0,low_risk,no_alarm
user14,2025-12-24,5612.0,4065.85498046875,30294.533333333333,20787.0,8319.091666666667,0.6745928792306051,0.48873785064299885,0,0,no_alarm,no_alarm
user14,2025-12-25,7102.0,3833.24951171875,30294.533333333333,20787.0,9507.533333333335,0.7469866000995701,0.4031802337499474,0,0,no_alarm,no_alarm
user14,2025-12-26,4990.0,4569.529296875,30294.533333333333,22958.0,8313.776344086022,0.6002085927593687,0.5496334166032166,0,0,no_alarm,no_alarm
user14,2025-12-27,5551.0,4966.23779296875,30294.533333333333,24158.0,8091.019354838709,0.686069301846412,0.6137963061476016,0,0,no_alarm,no_alarm
user14,2025-12-28,5035.0,4819.94482421875,30294.533333333333,25213.0,8013.262365591398,0.628333351672107,0.6014959456357482,0,0,no_alarm,no_alarm
user14,2025-12-29,5174.0,4967.7236328125,30294.533333333333,25840.0,8363.505376344085,0.6186401236297998,0.593976258670623,0,0,no_alarm,no_alarm
user14,2025-12-30,4724.0,4935.60400390625,30294.533333333333,26399.0,8781.748387096774,0.5379338819296033,0.5620297674615965,0,0,no_alarm,no_alarm
user14,2025-12-31,5017.0,4535.0439453125,30294.533333333333,26399.0,9758.991397849462,0.5140900115052432,0.4647041646447054,0,0,no_alarm,no_alarm
user14,2026-01-01,3527.0,4608.98583984375,30294.533333333333,1490.0,6504.249462365591,0.5422608742803713,0.7086114803117445,0,0,no_alarm,no_alarm
user14,2026-01-02,4329.0,4503.06982421875,30294.533333333333,1549.0,6707.291111111112,0.64541704367486,0.6713693724667906,0,0,no_alarm,no_alarm
user14,2026-01-03,3013.0,4643.68115234375,30294.533333333333,3310.0,6513.5080459770115,0.46257715177936143,0.7129308998415781,0,0,no_alarm,no_alarm
user14,2026-01-04,2804.0,3692.8720703125,30294.533333333333,3849.0,6611.383333333333,0.4241169901407421,0.558562691667528,0,0,no_alarm,no_alarm
user14,2026-01-05,3674.0,3213.8310546875,30294.533333333333,4615.0,6657.656790123457,0.5518458093920265,0.4827270548784033,0,0,no_alarm,no_alarm
user14,2026-01-06,5120.0,2868.2333984375,30294.533333333333,4724.0,6884.374358974359,0.743713187724263,0.41662949294709944,0,0,no_alarm,no_alarm
user14,2026-01-07,6047.0,3361.92626953125,30294.533333333333,5017.0,7077.709333333333,0.8543724692847894,0.4750020255420563,1,0,low_risk,no_alarm
user14,2026-01-08,7355.0,5369.099609375,30294.533333333333,5017.0,7372.613888888889,0.9976109031132859,0.7282491244342332,1,0,low_risk,no_alarm
user14,2026-01-09,6494.0,7146.66259765625,30294.533333333333,5878.0,7431.11884057971,0.8738926316906265,0.9617209401402509,1,1,low_risk,low_risk
user14,2026-01-10,6269.0,7615.84228515625,30294.533333333333,6323.0,7627.306060606061,0.8219153591303335,0.9984970085953389,1,1,low_risk,low_risk
user14,2026-01-11,5957.0,6765.3427734375,30294.533333333333,6653.0,7880.511111111111,0.7559154369569938,0.8584903539947705,0,1,no_alarm,low_risk
user14,2026-01-12,4321.0,6377.04248046875,30294.533333333333,8289.0,7701.9366666666665,0.5610277241957758,0.8279790858405851,0,1,no_alarm,low_risk
user14,2026-01-13,3447.0,7165.1904296875,30294.533333333333,9844.0,7534.40701754386,0.4575011665780284,0.9509959327925025,0,1,no_alarm,low_risk
user14,2026-01-14,2467.0,7023.91796875,30294.533333333333,11064.0,7478.540740740741,0.32987718935066557,0.9392096950794024,0,1,no_alarm,low_risk
user14,2026-01-15,1159.0,7557.21533203125,30294.533333333333,12372.0,7379.866666666667,0.1570489078393467,1.0240314186387174,0,1,no_alarm,mid_risk
user14,2026-01-16,3300.0,7348.40966796875,30294.533333333333,12372.0,7841.108333333334,0.42085887092917346,0.9371646654504093,0,1,no_alarm,low_risk
user14,2026-01-17,3145.0,7591.85205078125,30294.533333333333,12592.0,8261.182222222222,0.38069611774693535,0.9189788878351451,0,1,no_alarm,low_risk
user14,2026-01-18,3326.0,5640.96240234375,30294.533333333333,12610.0,8842.266666666666,0.37614789571301477,0.6379543407810686,0,0,no_alarm,no_alarm
user14,2026-01-19,3679.0,4942.52685546875,30294.533333333333,12610.0,9522.441025641026,0.3863505155971642,0.5190399018655022,0,0,no_alarm,no_alarm
user14,2026-01-20,3070.0,3019.32373046875,30294.533333333333,13291.0,9918.727777777778,0.3095155012599622,0.30440635110818703,0,0,no_alarm,no_alarm
user14,2026-01-21,3489.0,2718.679443359375,30294.533333333333,13531.0,10667.703030303031,0.3270619729560366,0.25485143668103655,0,0,no_alarm,no_alarm
user14,2026-01-22,3643.0,2590.1279296875,30294.533333333333,13531.0,11734.473333333333,0.310452791234488,0.2207280937210788,0,0,no_alarm,no_alarm
user14,2026-01-23,1950.0,2009.4337158203125,30294.533333333333,15672.0,11373.081481481482,0.17145748961485405,0.1766833130574353,0,0,no_alarm,no_alarm
user14,2026-01-24,2500.0,5950.32666015625,30294.533333333333,15737.0,12737.841666666667,0.19626558921219647,0.467137747184243,0,0,no_alarm,no_alarm
user14,2026-01-25,6609.0,3054.85888671875,30294.533333333333,15936.0,14358.533333333335,0.4602837801446758,0.212755635676723,0,0,no_alarm,no_alarm
user14,2026-01-26,7086.0,2122.674560546875,30294.533333333333,16289.0,15087.480952380953,0.46966090776616753,0.14069111783779228,0,0,no_alarm,no_alarm
user14,2026-01-27,8018.0,1614.356201171875,30294.533333333333,16361.0,16097.428571428569,0.4980919756482846,0.10028658888023932,0,0,no_alarm,no_alarm
user14,2026-01-28,8811.0,1983.173828125,30294.533333333333,17020.0,16520.37619047619,0.5333413657419885,0.12004410827328965,0,0,no_alarm,no_alarm
user14,2026-01-29,8777.0,2517.853759765625,30294.533333333333,17174.0,17448.32380952381,0.5030282619588511,0.14430347506453922,0,0,no_alarm,no_alarm
user14,2026-01-30,8943.0,3397.492431640625,30294.533333333333,17622.0,18082.27142857143,0.4945728215244766,0.18789079928710264,0,0,no_alarm,no_alarm
user14,2026-01-31,9218.0,2007.2760009765625,30294.533333333333,18237.0,18549.219047619048,0.49694814516642466,0.10821350461297256,0,0,no_alarm,no_alarm
user14,2026-02-01,4910.0,1600.604736328125,30294.533333333333,4308.0,6496.633333333333,0.7557760686304188,0.24637449186421556,0,0,no_alarm,no_alarm
user14,2026-02-02,4246.0,1256.33544921875,30294.533333333333,5138.0,6522.0641975308645,0.6510208840948635,0.19262850091147155,0,0,no_alarm,no_alarm
user14,2026-02-03,3344.0,1304.69384765625,30294.533333333333,6142.0,6502.6051282051285,0.5142554305651068,0.20064171542527234,0,0,no_alarm,no_alarm
user14,2026-02-04,2430.0,1401.8294677734375,30294.533333333333,7594.0,6356.149333333334,0.3823069397152825,0.2205469686531548,0,0,no_alarm,no_alarm
user14,2026-02-05,3315.0,1593.7672119140625,30294.533333333333,7714.0,6585.988888888889,0.5033412682479135,0.2419936077637301,0,0,no_alarm,no_alarm
user14,2026-02-06,2743.0,1524.84619140625,30294.533333333333,8328.0,6685.466666666667,0.41029297381384494,0.22808373258504766,0,0,no_alarm,no_alarm
user14,2026-02-07,1882.0,1605.8321533203125,30294.533333333333,9218.0,6706.169696969697,0.28063709763420025,0.23945593772342752,0,0,no_alarm,no_alarm
user14,2026-02-08,1882.0,1758.44677734375,30294.533333333333,9218.0,7025.511111111111,0.2678808659235548,0.2502944980846589,0,0,no_alarm,no_alarm
user14,2026-02-09,1716.0,1566.1622314453125,30294.533333333333,9384.0,7318.6866666666665,0.23446829713527836,0.2139949833593066,0,0,no_alarm,no_alarm
user14,2026-02-10,2277.0,1497.3660888671875,30294.533333333333,9486.0,7666.301754385965,0.29701413705732443,0.195317916883526,0,0,no_alarm,no_alarm
user14,2026-02-11,1938.0,1336.5498046875,30294.533333333333,10024.0,7882.985185185185,0.24584595232300605,0.16954868914371835,0,0,no_alarm,no_alarm
user14,2026-02-12,1038.0,1314.5589599609375,30294.533333333333,11029.0,7932.866666666667,0.130848033077576,0.16571045691270966,0,0,no_alarm,no_alarm
user14,2026-02-13,996.0,1419.182373046875,30294.533333333333,11071.0,8410.295833333334,0.11842627414513263,0.1687434545907521,0,0,no_alarm,no_alarm
user14,2026-02-14,2148.0,1348.7283935546875,30294.533333333333,11100.0,8957.44888888889,0.23980041936543436,0.1505705932888653,0,0,no_alarm,no_alarm
user14,2026-02-15,2555.0,1348.268310546875,30294.533333333333,11100.0,9597.266666666666,0.26622163254815606,0.14048461477367255,0,0,no_alarm,no_alarm
user14,2026-02-16,3175.0,1307.663818359375,30294.533333333333,11100.0,10335.517948717948,0.3071931194695315,0.12652136301708827,0,0,no_alarm,no_alarm
user14,2026-02-17,2512.0,1347.369384765625,30294.533333333333,11763.0,10810.061111111112,0.23237611463806093,0.12464031155020322,0,0,no_alarm,no_alarm
user14,2026-02-18,3492.0,1416.3990478515625,30294.533333333333,11962.0,11666.157575757576,0.29932734727125754,0.12141093060450836,0,0,no_alarm,no_alarm
user15,2024-10-13,2114.0,1731.095947265625,7272.727272727273,5389.0,694.0047846889953,3.0460885092418315,2.4943573667743255,1,1,high_risk,high_risk
user15,2024-10-14,2005.0,1909.8515625,7272.727272727273,5721.0,603.4494949494951,3.322564716319475,3.164890481281855,1,1,high_risk,high_risk
user15,2024-10-15,2232.0,1973.7081298828125,7272.727272727273,6317.0,393.53475935828885,5.671671807693874,5.015333672433937,1,1,high_risk,high_risk
user15,2024-10-16,2310.0,1753.7847900390625,7272.727272727273,6479.0,347.2556818181819,6.652158973771616,5.050413519100657,1,1,high_risk,high_risk
user15,2024-10-17,2340.0,1610.223388671875,7272.727272727273,6728.0,254.20606060606073,9.205130650390993,6.334323362837575,1,1,high_risk,high_risk
user15,2024-10-18,2275.0,1701.13037109375,7272.727272727273,7036.0,118.36363636363649,19.220430107526862,14.37206918742798,1,1,high_risk,high_risk
user15,2024-10-19,2064.0,1658.060546875,7272.727272727273,7247.0,13.853146853146987,148.99141847551599,119.68836860329264,1,1,high_risk,high_risk
user15,2024-10-20,1808.0,1704.865966796875,7272.727272727273,7503.0,-134.32575757575742,inf,inf,1,1,high_risk,high_risk
user15,2024-10-21,2667.0,1708.063720703125,7272.727272727273,7726.0,-288.44628099173536,inf,inf,1,1,high_risk,high_risk
user15,2024-10-22,2207.0,1657.3656005859375,7272.727272727273,8549.0,-893.3909090909088,inf,inf,1,1,high_risk,high_risk
user15,2024-10-23,2169.0,1684.0906982421875,7272.727272727273,8789.0,-1179.323232323232,inf,inf,1,1,high_risk,high_risk
user15,2024-10-24,2209.0,1854.24951171875,7272.727272727273,9068.0,-1570.863636363636,inf,inf,1,1,high_risk,high_risk
user15,2024-10-25,3098.0,1879.694580078125,7272.727272727273,9311.0,-2038.2727272727268,inf,inf,1,1,high_risk,high_risk
user15,2024-10-26,3387.0,1944.5279541015625,7272.727272727273,9311.0,-1795.8484848484845,inf,inf,1,1,high_risk,high_risk
user15,2024-10-27,4018.0,1827.3702392578125,7272.727272727273,9311.0,-1553.4242424242425,inf,inf,1,1,high_risk,high_risk
user15,2024-10-28,3199.0,1564.8134765625,7272.727272727273,10393.0,-2392.9999999999995,inf,inf,1,1,high_risk,high_risk
user15,2024-10-29,3135.0,1649.61083984375,7272.727272727273,10756.0,-2513.575757575757,inf,inf,1,1,high_risk,high_risk
user15,2024-10-30,3089.0,1732.9136962890625,7272.727272727273,10958.0,-2473.151515151515,inf,inf,1,1,high_risk,high_risk
user15,2024-10-31,3045.0,1841.8831787109375,7272.727272727273,11277.0,-2549.727272727272,inf,inf,1,1,high_risk,high_risk
user15,2024-11-01,2223.0,1995.33935546875,7272.727272727273,1132.0,1432.8363636363638,1.5514681623226656,1.3925800643451163,1,1,high_risk,high_risk
user15,2024-11-02,2191.0,1840.13623046875,7272.727272727273,1421.0,1412.485893416928,1.5511659339122867,1.3027643242633016,1,1,high_risk,high_risk
user15,2024-11-03,1773.0,2120.0400390625,7272.727272727273,2052.0,1305.1818181818182,1.3584314271783797,1.6243254461020755,1,1,high_risk,high_risk
user15,2024-11-04,1805.0,1741.500244140625,7272.727272727273,2315.0,1285.3367003367005,1.4043013006064256,1.3548980929934002,1,1,high_risk,high_risk
user15,2024-11-05,2129.0,1965.906005859375,7272.727272727273,2614.0,1254.2727272727275,1.6973979850692176,1.567367258422347,1,1,high_risk,high_risk
user15,2024-11-06,2117.0,1861.359375,7272.727272727273,2770.0,1260.7636363636366,1.679141068904848,1.4763745727697497,1,1,high_risk,high_risk
user15,2024-11-07,2073.0,1993.02099609375,7272.727272727273,3045.0,1233.0871212121212,1.6811464205077795,1.616285631249328,1,1,high_risk,high_risk
user15,2024-11-08,2008.0,1964.8929443359375,7272.727272727273,3355.0,1192.3517786561265,1.6840667627997945,1.6479137948286748,1,1,high_risk,high_risk
user15,2024-11-09,1835.0,1978.8804931640625,7272.727272727273,3612.0,1164.7768595041323,1.575409045112035,1.69893527418334,1,1,high_risk,high_risk
user15,2024-11-10,1913.0,2040.0986328125,7272.727272727273,3825.0,1149.2424242424245,1.6645748187211598,1.7751682236733681,1,1,high_risk,high_risk
user15,2024-11-11,1805.0,2091.17041015625,7272.727272727273,4120.0,1103.4545454545455,1.6357719558411599,1.8951124165199167,1,1,high_risk,high_risk
user15,2024-11-12,1496.0,2232.934814453125,7272.727272727273,4743.0,932.0047846889953,1.6051419741361164,2.3958405054736307,1,1,high_risk,high_risk
user15,2024-11-13,1711.0,2100.38134765625,7272.727272727273,4887.0,927.7828282828284,1.844181577672413,2.263871763550212,1,1,high_risk,high_risk
user15,2024-11-14,1800.0,2015.100341796875,7272.727272727273,5118.0,887.2406417112301,2.0287618886893206,2.271199319623513,1,1,high_risk,high_risk
user15,2024-11-15,1604.0,2095.017578125,7272.727272727273,5363.0,835.505681818182,1.9197954423355477,2.507484537467102,1,1,high_risk,high_risk
user15,2024-11-16,1520.0,2175.65185546875,7272.727272727273,5447.0,852.0060606060608,1.7840248682254354,2.5535638254980664,1,1,high_risk,high_risk
user15,2024-11-17,1229.0,2095.950927734375,7272.727272727273,5738.0,767.3636363636366,1.601587489633929,2.7313659761969102,1,1,high_risk,high_risk
user15,2024-11-18,1865.0,2239.95849609375,7272.727272727273,5925.0,725.6993006993009,2.569934955432425,3.0866207173346774,1,1,high_risk,high_risk
user15,2024-11-19,2602.0,2286.685546875,7272.727272727273,6239.0,603.0075757575759,4.315036998881866,3.7921340275073177,1,1,high_risk,high_risk
user15,2024-11-20,2441.0,2414.876220703125,7272.727272727273,6598.0,429.37190082644645,5.685048311968277,5.62420646543246,1,1,high_risk,high_risk
user15,2024-11-21,2396.0,2440.018798828125,7272.727272727273,6918.0,248.30909090909108,9.64926411364135,9.826538327271493,1,1,high_risk,high_risk
user15,2024-11-22,2654.0,2586.1474609375,7272.727272727273,6967.0,237.78787878787898,11.161208105008274,10.875859081296984,1,1,high_risk,high_risk
user15,2024-11-23,2918.0,2549.44921875,7272.727272727273,6967.0,267.51136363636385,10.907947835690914,9.530246431757352,1,1,high_risk,high_risk
user15,2024-11-24,2973.0,2564.903076171875,7272.727272727273,6967.0,305.727272727273,9.724353256021402,8.389513481382872,1,1,high_risk,high_risk
user15,2024-11-25,2321.0,2607.809326171875,7272.727272727273,7790.0,-282.6686217008795,inf,inf,1,1,high_risk,high_risk
user15,2024-11-26,1530.0,2412.8125,7272.727272727273,8841.0,-1099.064516129032,inf,inf,1,1,high_risk,high_risk
user15,2024-11-27,1563.0,1716.12841796875,7272.727272727273,9039.0,-1062.4604105571843,inf,inf,1,1,high_risk,high_risk
user15,2024-11-28,1766.0,2046.2452392578125,7272.727272727273,9314.0,-1102.856304985337,inf,inf,1,1,high_risk,high_risk
user15,2024-11-29,3213.0,2010.5020751953125,7272.727272727273,9621.0,-1175.2521994134893,inf,inf,1,1,high_risk,high_risk
user15,2024-11-30,3245.0,1859.43603515625,7272.727272727273,9885.0,-1204.6480938416419,inf,inf,1,1,high_risk,high_risk
user15,2024-12-01,3545.0,1851.5482177734375,7272.727272727273,55.0,1629.809384164223,2.175100986927928,1.136052004463653,1,1,high_risk,mid_risk
user15,2024-12-02,3533.0,2246.804931640625,7272.727272727273,226.0,1644.2363636363636,2.148717835303484,1.366473203810936,1,1,high_risk,high_risk
user15,2024-12-03,3583.0,2253.328369140625,7272.727272727273,486.0,1638.1755485893418,2.187189280834631,1.375510928044922,1,1,high_risk,high_risk
user15,2024-12-04,3505.0,2313.221435546875,7272.727272727273,717.0,1638.9318181818182,2.138588049311497,1.4114201761688252,1,1,high_risk,high_risk
user15,2024-12-05,3313.0,2484.92333984375,7272.727272727273,1195.0,1575.707070707071,2.1025481585948267,1.577021126603617,1,1,high_risk,high_risk
user15,2024-12-06,1933.0,2367.407470703125,7272.727272727273,2949.0,1164.0804195804196,1.6605381960609984,2.033714708092446,1,1,high_risk,high_risk
user15,2024-12-07,1867.0,2555.658447265625,7272.727272727273,3245.0,1127.7636363636366,1.6554887387750492,2.26612950166233,1,1,high_risk,high_risk
user15,2024-12-08,1768.0,2533.063720703125,7272.727272727273,3600.0,1071.2121212121212,1.6504667609618104,2.3646705172051803,1,1,high_risk,high_risk
user15,2024-12-09,1804.0,2165.281494140625,7272.727272727273,3759.0,1069.3952569169962,1.6869347309439413,2.024771926128609,1,1,high_risk,high_risk
user15,2024-12-10,1712.0,2285.113037109375,7272.727272727273,4069.0,1019.3677685950414,1.6794723678183283,2.2416963803543304,1,1,high_risk,high_risk
user15,2024-12-11,1756.0,1940.641357421875,7272.727272727273,4222.0,1016.909090909091,1.7268013588414088,1.9083725131092995,1,1,high_risk,high_risk
user15,2024-12-12,2150.0,2025.3729248046875,7272.727272727273,4508.0,967.6545454545455,2.2218673080175115,2.093074366589463,1,1,high_risk,high_risk
user15,2024-12-13,2115.0,2235.22509765625,7272.727272727273,4882.0,880.7942583732059,2.4012418108927345,2.5377380431437273,1,1,high_risk,high_risk
user15,2024-12-14,2084.0,2291.7490234375,7272.727272727273,5112.0,840.2828282828284,2.4801173246141266,2.7273543458228646,1,1,high_risk,high_risk
user15,2024-12-15,2987.0,2306.22216796875,7272.727272727273,5368.0,784.2994652406419,3.8084942453499147,2.9404867275552022,1,1,high_risk,high_risk
user15,2024-12-16,2792.0,2136.34765625,7272.727272727273,5563.0,748.005681818182,3.7325919680362167,2.856058059689021,1,1,high_risk,high_risk
user15,2024-12-17,2667.0,1986.7681884765625,7272.727272727273,5781.0,696.1393939393942,3.83112925833384,2.853980403599355,1,1,high_risk,high_risk
user16,2026-01-09,0.0,81.47787475585938,6666.666666666667,0.0,2028.985507246377,0.0,0.040156952558244974,0,0,no_alarm,no_alarm
user16,2026-01-10,0.0,152.46835327148438,6666.666666666667,0.0,2121.2121212121215,0.0,0.07187793797084263,0,0,no_alarm,no_alarm
user16,2026-01-11,0.0,143.11715698242188,6666.666666666667,0.0,2222.2222222222226,0.0,0.06440272064208984,0,0,no_alarm,no_alarm
user16,2026-01-12,0.0,134.97653198242188,6666.666666666667,0.0,2333.3333333333335,0.0,0.057847085135323655,0,0,no_alarm,no_alarm
user16,2026-01-13,0.0,123.15133666992188,6666.666666666667,0.0,2456.140350877193,0.0,0.0501401870727539,0,0,no_alarm,no_alarm
user16,2026-01-14,0.0,104.07431030273438,6666.666666666667,0.0,2592.592592592593,0.0,0.04014294825962611,0,0,no_alarm,no_alarm
user16,2026-01-15,0.0,95.00143432617188,6666.666666666667,0.0,2745.0980392156866,0.0,0.03460766536167689,0,0,no_alarm,no_alarm
user16,2026-01-16,0.0,94.80624389648438,6666.666666666667,0.0,2916.666666666667,0.0,0.032504997907366065,0,0,no_alarm,no_alarm
user16,2026-01-17,0.0,99.53842163085938,6666.666666666667,0.0,3111.1111111111113,0.0,0.03199449266706194,0,0,no_alarm,no_alarm
user16,2026-01-18,0.0,104.77609252929688,6666.666666666667,0.0,3333.3333333333335,0.0,0.03143282775878906,0,0,no_alarm,no_alarm
user16,2026-01-19,0.0,105.69833374023438,6666.666666666667,0.0,3589.7435897435903,0.0,0.029444535827636713,0,0,no_alarm,no_alarm
user16,2026-01-20,0.0,105.70578002929688,6666.666666666667,0.0,3888.888888888889,0.0,0.027181486293247768,0,0,no_alarm,no_alarm
user16,2026-01-21,0.0,105.27120971679688,6666.666666666667,0.0,4242.424242424243,0.0,0.024813928004673545,0,0,no_alarm,no_alarm
user16,2026-01-22,0.0,110.91134643554688,6666.666666666667,0.0,4666.666666666667,0.0,0.02376671709333147,0,0,no_alarm,no_alarm
user16,2026-01-23,588.0,110.42453002929688,6666.666666666667,0.0,5185.185185185186,0.11339999999999997,0.021296159362792964,0,0,no_alarm,no_alarm
user16,2026-01-24,2348.0,102.03512573242188,6666.666666666667,0.0,5833.333333333334,0.40251428571428566,0.017491735839843748,0,0,no_alarm,no_alarm
user16,2026-01-25,2348.0,114.94882202148438,6666.666666666667,0.0,6666.666666666667,0.35219999999999996,0.017242323303222656,0,0,no_alarm,no_alarm
user16,2026-01-26,2348.0,76.48104858398438,6666.666666666667,0.0,6904.7619047619055,0.34005517241379307,0.011076565656990838,0,0,no_alarm,no_alarm
user16,2026-01-27,2348.0,96.25802612304688,6666.666666666667,0.0,7142.857142857143,0.32872,0.013476123657226563,0,0,no_alarm,no_alarm
user16,2026-01-28,2348.0,102.32516479492188,6666.666666666667,0.0,7380.952380952382,0.31811612903225805,0.013863409423828124,0,0,no_alarm,no_alarm
user16,2026-01-29,2348.0,118.74923706054688,6666.666666666667,0.0,7619.047619047619,0.308175,0.015585837364196777,0,0,no_alarm,no_alarm
user16,2026-01-30,1760.0,148.13558959960938,6666.666666666667,588.0,7269.142857142858,0.2421193302413332,0.02037868735156956,0,0,no_alarm,no_alarm
user16,2026-01-31,0.0,769.3051147460938,6666.666666666667,2348.0,5747.238095238095,0.0,0.13385648932545627,0,0,no_alarm,no_alarm
user16,2026-02-01,0.0,1759.2642822265625,6666.666666666667,0.0,1666.6666666666667,0.0,1.0555585693359375,0,1,no_alarm,mid_risk
user16,2026-02-02,0.0,594.6076049804688,6666.666666666667,0.0,1728.3950617283951,0.0,0.3440229714529855,0,0,no_alarm,no_alarm
user16,2026-02-03,0.0,593.0773315429688,6666.666666666667,0.0,1794.8717948717951,0.0,0.3304287990025111,0,0,no_alarm,no_alarm
user16,2026-02-04,0.0,745.2921752929688,6666.666666666667,0.0,1866.666666666667,0.0,0.39926366533551894,0,0,no_alarm,no_alarm
user16,2026-02-05,0.0,918.8504028320312,6666.666666666667,0.0,1944.4444444444446,0.0,0.47255163574218745,0,0,no_alarm,no_alarm
user16,2026-02-06,0.0,805.2697143554688,6666.666666666667,0.0,2028.985507246377,0.0,0.39688293064662383,0,0,no_alarm,no_alarm
user16,2026-02-07,0.0,536.0864868164062,6666.666666666667,0.0,2121.2121212121215,0.0,0.2527264866420201,0,0,no_alarm,no_alarm
user16,2026-02-08,0.0,572.8195190429688,6666.666666666667,0.0,2222.2222222222226,0.0,0.2577687835693359,0,0,no_alarm,no_alarm
user16,2026-02-09,0.0,571.4352416992188,6666.666666666667,0.0,2333.3333333333335,0.0,0.24490081787109375,0,0,no_alarm,no_alarm
user16,2026-02-10,0.0,548.2814331054688,6666.666666666667,0.0,2456.140350877193,0.0,0.22322886919294083,0,0,no_alarm,no_alarm
user16,2026-02-11,0.0,506.4035339355469,6666.666666666667,0.0,2592.592592592593,0.0,0.19532707737513946,0,0,no_alarm,no_alarm
user16,2026-02-12,0.0,478.8335876464844,6666.666666666667,0.0,2745.0980392156866,0.0,0.1744322354997907,0,0,no_alarm,no_alarm
user16,2026-02-13,0.0,440.3849792480469,6666.666666666667,0.0,2916.666666666667,0.0,0.15098913574218747,0,0,no_alarm,no_alarm
user16,2026-02-14,0.0,383.7658386230469,6666.666666666667,0.0,3111.1111111111113,0.0,0.12335330527169364,0,0,no_alarm,no_alarm
user16,2026-02-15,94.0,402.4422302246094,6666.666666666667,0.0,3333.3333333333335,0.0282,0.12073266906738281,0,0,no_alarm,no_alarm
user16,2026-02-16,315.0,411.0451354980469,6666.666666666667,0.0,3589.7435897435903,0.08774999999999998,0.11450543060302733,0,0,no_alarm,no_alarm
user16,2026-02-17,592.0,402.4931335449219,6666.666666666667,0.0,3888.888888888889,0.1522285714285714,0.10349823434012276,0,0,no_alarm,no_alarm
user16,2026-02-18,830.0,376.5546569824219,6666.666666666667,0.0,4242.424242424243,0.19564285714285712,0.08875931200299943,0,0,no_alarm,no_alarm
user16,2026-02-19,1022.0,364.4234313964844,6666.666666666667,0.0,4666.666666666667,0.21899999999999997,0.07809073529924665,0,0,no_alarm,no_alarm
user16,2026-02-20,1526.0,369.2223815917969,6666.666666666667,0.0,5185.185185185186,0.29429999999999995,0.07120717359270368,0,0,no_alarm,no_alarm
user16,2026-02-21,1658.0,403.2730407714844,6666.666666666667,0.0,5833.333333333334,0.2842285714285714,0.0691325212751116,0,0,no_alarm,no_alarm
user16,2026-02-22,1911.0,385.9760437011719,6666.666666666667,94.0,6572.666666666667,0.2907495689217973,0.058724420889720845,0,0,no_alarm,no_alarm
user16,2026-02-23,3260.0,1764.21923828125,6666.666666666667,315.0,6566.720430107527,0.4964426359699036,0.26866062855250283,0,0,no_alarm,no_alarm
user16,2026-02-24,3203.0,1922.82421875,6666.666666666667,592.0,6504.774193548387,0.4924075616916607,0.295601993479975,0,0,no_alarm,no_alarm
user16,2026-02-25,3180.0,1790.1806640625,6666.666666666667,830.0,6481.8279569892475,0.49060234568106037,0.2761845386735663,0,0,no_alarm,no_alarm
user16,2026-02-26,3311.0,1753.36083984375,6666.666666666667,1022.0,6504.881720430108,0.5090023373677999,0.26954538379028614,0,0,no_alarm,no_alarm
user16,2026-02-27,3094.0,1954.9228515625,6666.666666666667,1526.0,6215.935483870968,0.4977529139464643,0.31450179247115895,0,0,no_alarm,no_alarm
user16,2026-02-28,3066.0,2036.3670654296875,6666.666666666667,1658.0,6298.989247311828,0.48674475850366844,0.32328473434031224,0,0,no_alarm,no_alarm
user16,2026-03-01,2913.0,1859.2010498046875,6666.666666666667,347.0,1427.0215053763443,2.0413147167195373,1.3028542616912882,1,1,high_risk,high_risk
user16,2026-03-02,1663.0,2072.62158203125,6666.666666666667,1917.0,1108.2555555555557,1.5005564300251644,1.8701657498051238,1,1,high_risk,high_risk
user2,2024-11-12,963.0,1454.08544921875,8750.0,3247.0,2027.421052631579,0.4749876690636276,0.7172094061721204,0,0,no_alarm,no_alarm
user2,2024-11-13,1319.0,1400.8997802734375,8750.0,3462.0,2056.4444444444443,0.6413983142424897,0.6812242285747211,0,0,no_alarm,no_alarm
user2,2024-11-14,1494.0,1312.2357177734375,8750.0,3462.0,2177.4117647058824,0.6861357250918522,0.6026585044885573,0,0,no_alarm,no_alarm
user2,2024-11-15,1350.0,1549.259033203125,8750.0,3726.0,2198.0,0.6141947224749773,0.7048494236592925,0,0,no_alarm,no_alarm
user2,2024-11-16,1400.0,1542.9840087890625,8750.0,3726.0,2344.5333333333333,0.5971337579617835,0.6581198854593932,0,0,no_alarm,no_alarm
user2,2024-11-17,1400.0,1596.12255859375,8750.0,3726.0,2512.0,0.5573248407643312,0.6353991077204418,0,0,no_alarm,no_alarm
user2,2024-11-18,1614.0,1541.838623046875,8750.0,3942.0,2588.923076923077,0.6234252436415497,0.5955521184813815,0,0,no_alarm,no_alarm
user2,2024-11-19,1521.0,1676.620849609375,8750.0,4210.0,2648.3333333333335,0.5743234738829452,0.6330852799028477,0,0,no_alarm,no_alarm
user2,2024-11-20,1148.0,1432.028564453125,8750.0,4781.0,2525.7272727272725,0.45452254976064504,0.5669767199000963,0,0,no_alarm,no_alarm
user2,2024-11-21,1093.0,1469.9248046875,8750.0,4956.0,2655.8,0.4115520747044205,0.5534772214351608,0,0,no_alarm,no_alarm
user2,2024-11-22,1195.0,1545.557861328125,8750.0,5076.0,2857.5555555555557,0.4181895948363014,0.5408671262132796,0,0,no_alarm,no_alarm
user2,2024-11-23,1247.0,1687.44091796875,8750.0,5126.0,3171.0,0.39325134027120784,0.5321478770005519,0,0,no_alarm,no_alarm
user2,2024-11-24,1247.0,2143.402587890625,8750.0,5126.0,3624.0,0.34409492273730685,0.5914466302126449,0,0,no_alarm,no_alarm
user2,2024-11-25,872.0,2653.856201171875,8750.0,5556.0,3476.258064516129,0.25084443784566274,0.7634232418648912,0,0,no_alarm,no_alarm
user2,2024-11-26,1085.0,2552.38818359375,8750.0,5731.0,3583.516129032258,0.30277525227520274,0.7122580425731283,0,0,no_alarm,no_alarm
user2,2024-11-27,2168.0,2912.41357421875,8750.0,5929.0,3667.7741935483873,0.5910941856272152,0.7940547646967154,0,0,no_alarm,no_alarm
user2,2024-11-28,2233.0,3487.275390625,8750.0,6049.0,3830.032258064516,0.5830238101254095,0.9105080990590073,0,1,no_alarm,low_risk
user2,2024-11-29,2325.0,3695.41064453125,8750.0,6271.0,3890.290322580645,0.5976417714906426,0.949906135046466,0,1,no_alarm,low_risk
user2,2024-11-30,2328.0,3036.498291015625,8750.0,6373.0,4070.548387096774,0.5719131130782094,0.7459678653227699,0,0,no_alarm,no_alarm
user2,2024-12-01,2328.0,3225.627685546875,8750.0,0.0,1975.8064516129032,1.17825306122449,1.6325625837053572,1,1,mid_risk,high_risk
user2,2024-12-02,2336.0,4088.796142578125,8750.0,55.0,2028.8333333333333,1.151400640762343,2.015343535321511,1,1,mid_risk,high_risk
user2,2024-12-03,3525.0,4461.279296875,8750.0,443.0,2005.1379310344828,1.7579838002373214,2.2249238956710347,1,1,high_risk,high_risk
user2,2024-12-04,2587.0,5117.61328125,8750.0,1724.0,1756.5,1.4728152576145745,2.913528768146883,1,1,high_risk,high_risk
user2,2024-12-05,2547.0,3548.9228515625,8750.0,1909.0,1773.5925925925926,1.4360682439910624,2.0009797438174766,1,1,high_risk,high_risk
user2,2024-12-06,2428.0,3381.87890625,8750.0,2223.0,1757.2692307692307,1.381689246864672,1.9245081214843835,1,1,high_risk,high_risk
user2,2024-12-07,3381.0,4162.3740234375,8750.0,2328.0,1798.16,1.880255372158206,2.3147962491866685,1,1,high_risk,high_risk
user2,2024-12-08,3485.0,3829.8671875,8750.0,2328.0,1873.0833333333333,1.8605685812163546,2.044685956755795,1,1,high_risk,high_risk
user2,2024-12-09,3622.0,3237.708984375,8750.0,2391.0,1935.3478260869565,1.8714982140048975,1.6729338988750477,1,1,high_risk,high_risk
user2,2024-12-10,3135.0,3115.329345703125,8750.0,3968.0,1521.5454545454545,2.0604050905180142,2.047477015160087,1,1,high_risk,high_risk
user2,2024-12-11,3146.0,3633.4404296875,8750.0,4311.0,1479.6666666666667,2.1261545393106553,2.455580375999662,1,1,high_risk,high_risk
user2,2024-12-12,3214.0,2937.201416015625,8750.0,4456.0,1502.9,2.138532171135804,1.954355856022107,1,1,high_risk,high_risk
user2,2024-12-13,3261.0,2774.696533203125,8750.0,4651.0,1510.157894736842,2.159376851496881,1.8373552479998387,1,1,high_risk,high_risk
user2,2024-12-14,2814.0,2729.92041015625,8750.0,5709.0,1182.611111111111,2.379480434067741,2.308383867281087,1,1,high_risk,high_risk
user2,2024-12-15,2953.0,2746.907470703125,8750.0,5813.0,1209.3529411764705,2.441801644048835,2.2713861083687497,1,1,high_risk,high_risk
user2,2024-12-16,3012.0,2528.264404296875,8750.0,6013.0,1197.4375,2.5153713659376793,2.111395713176575,1,1,high_risk,high_risk
user2,2024-12-17,2646.0,2430.108154296875,8750.0,7103.0,768.6,3.442622950819672,3.1617332218278364,1,1,high_risk,high_risk
user2,2024-12-18,2517.0,2506.97802734375,8750.0,7457.0,646.5,3.8932714617169375,3.8777695705239754,1,1,high_risk,high_risk
user2,2024-12-19,2439.0,2103.197021484375,8750.0,7670.0,581.5384615384615,4.194047619047619,3.616608634827629,1,1,high_risk,high_risk
user2,2024-12-20,2327.0,2082.42333984375,8750.0,7912.0,488.8333333333333,4.760313672008183,4.259986375404876,1,1,high_risk,high_risk
user2,2024-12-21,1716.0,1908.3843994140625,8750.0,8523.0,144.45454545454547,11.879169288860918,13.210968152016793,1,1,high_risk,high_risk
user2,2024-12-22,1908.0,1723.6134033203125,8750.0,8766.0,-11.2,inf,inf,1,1,high_risk,high_risk
user2,2024-12-23,1777.0,1697.066162109375,8750.0,9025.0,-213.88888888888889,inf,inf,1,1,high_risk,high_risk
user2,2024-12-24,1253.0,1790.2259521484375,8750.0,9749.0,-874.125,inf,inf,1,1,high_risk,high_risk
user2,2024-12-25,1168.0,1821.2059326171875,8750.0,9974.0,-1224.0,inf,inf,1,1,high_risk,high_risk
user2,2024-12-26,1186.0,1823.9859619140625,8750.0,10109.0,-1076.741935483871,inf,inf,1,1,high_risk,high_risk
user2,2024-12-27,1393.0,1904.8309326171875,8750.0,10239.0,-924.483870967742,inf,inf,1,1,high_risk,high_risk
user2,2024-12-28,1393.0,1983.08349609375,8750.0,10239.0,-642.2258064516129,inf,inf,1,1,high_risk,high_risk
user2,2024-12-29,958.0,1800.222412109375,8750.0,10674.0,-794.9677419354839,inf,inf,1,1,high_risk,high_risk
user2,2024-12-30,1430.0,2012.2452392578125,8750.0,10802.0,-640.7096774193549,inf,inf,1,1,high_risk,high_risk
user2,2024-12-31,1479.0,2209.186767578125,8750.0,11002.0,-558.4516129032259,inf,inf,1,1,high_risk,high_risk
user3,2025-11-12,1289.0,1384.19482421875,5000.0,6147.0,-422.57894736842104,inf,inf,1,1,high_risk,high_risk
user3,2025-11-13,1604.0,1333.9224853515625,5000.0,6507.0,-586.0555555555555,inf,inf,1,1,high_risk,high_risk
user3,2025-11-14,1309.0,1244.7137451171875,5000.0,6802.0,-742.0,inf,inf,1,1,high_risk,high_risk
user3,2025-11-15,1309.0,1203.927001953125,5000.0,6802.0,-788.375,inf,inf,1,1,high_risk,high_risk
user3,2025-11-16,1628.0,1188.9488525390625,5000.0,6802.0,-840.9333333333333,inf,inf,1,1,high_risk,high_risk
user3,2025-11-17,1582.0,1251.24169921875,5000.0,6941.0,-970.5,inf,inf,1,1,high_risk,high_risk
user3,2025-11-18,1762.0,1342.1102294921875,5000.0,7066.0,-1112.4615384615386,inf,inf,1,1,high_risk,high_risk
user3,2025-11-19,1664.0,1499.5010986328125,5000.0,7436.0,-1421.0,inf,inf,1,1,high_risk,high_risk
user3,2025-11-20,1369.0,1611.2691650390625,5000.0,8111.0,-1979.7272727272727,inf,inf,1,1,high_risk,high_risk
user3,2025-11-21,2059.0,1369.0972900390625,5000.0,8111.0,-2177.7,inf,inf,1,1,high_risk,high_risk
user3,2025-11-22,2059.0,2159.47607421875,5000.0,8111.0,-2419.6666666666665,inf,inf,1,1,high_risk,high_risk
user3,2025-11-23,1740.0,2588.982666015625,5000.0,8430.0,-3001.25,inf,inf,1,1,high_risk,high_risk
user3,2025-11-24,1767.0,2625.954833984375,5000.0,8523.0,-3523.0,inf,inf,1,1,high_risk,high_risk
user3,2025-11-25,1662.0,2929.752197265625,5000.0,8828.0,-3666.7096774193546,inf,inf,1,1,high_risk,high_risk
user3,2025-11-26,1490.0,2672.875732421875,5000.0,9100.0,-3777.4193548387098,inf,inf,1,1,high_risk,high_risk
user3,2025-11-27,1605.0,2372.9931640625,5000.0,9480.0,-3996.1290322580644,inf,inf,1,1,high_risk,high_risk
user3,2025-11-28,1040.0,1795.613037109375,5000.0,10170.0,-4524.8387096774195,inf,inf,1,1,high_risk,high_risk
user3,2025-11-29,1040.0,1728.194091796875,5000.0,10170.0,-4363.548387096775,inf,inf,1,1,high_risk,high_risk
user3,2025-11-30,1040.0,1944.897216796875,5000.0,10170.0,-4202.258064516129,inf,inf,1,1,high_risk,high_risk
user3,2025-12-01,920.0,1880.632568359375,5000.0,120.0,1101.9354838709678,0.8348946135831381,1.7066630450568099,1,1,low_risk,high_risk
user3,2025-12-02,980.0,2021.7125244140625,5000.0,320.0,1092.0,0.8974358974358975,1.8513850956172733,1,1,low_risk,high_risk
user3,2025-12-03,1355.0,2449.3994140625,5000.0,420.0,1105.5172413793102,1.2256706175920151,2.2156139428512946,1,1,high_risk,high_risk
user3,2025-12-04,1756.0,3113.650634765625,5000.0,915.0,1021.25,1.7194614443084455,3.0488623106640147,1,1,high_risk,high_risk
user3,2025-12-05,1781.0,3328.426025390625,5000.0,1040.0,1026.6666666666667,1.7347402597402597,3.2419734013545045,1,1,high_risk,high_risk
user3,2025-12-06,1781.0,4918.69921875,5000.0,1040.0,1066.1538461538462,1.6704906204906205,4.613498545725108,1,1,high_risk,high_risk
user3,2025-12-07,1781.0,6305.798828125,5000.0,1040.0,1108.8,1.6062409812409812,5.6870480051632395,1,1,high_risk,high_risk
user3,2025-12-08,2065.0,7848.78857421875,5000.0,1040.0,1155.0,1.7878787878787878,6.7954879430465365,1,1,high_risk,high_risk
user3,2025-12-09,2494.0,8097.6142578125,5000.0,1300.0,1126.0869565217392,2.2147490347490346,7.190931580296814,1,1,high_risk,high_risk
user3,2025-12-10,2019.0,5821.60498046875,5000.0,1775.0,1026.1363636363637,1.9675747508305645,5.673324897909745,1,1,high_risk,high_risk
user3,2025-12-11,1123.0,4649.79833984375,5000.0,2671.0,776.3333333333334,1.4465435809360239,5.989435388377522,1,1,high_risk,high_risk
user3,2025-12-12,973.0,4190.48681640625,5000.0,2821.0,762.65,1.2758145938503902,5.494639502270045,1,1,high_risk,high_risk
user3,2025-12-13,973.0,3354.8408203125,5000.0,2821.0,802.7894736842105,1.2120238641578707,4.178979583422113,1,1,high_risk,high_risk
user3,2025-12-14,1296.0,4146.8603515625,5000.0,2821.0,847.3888888888889,1.529404051661968,4.893692147651281,1,1,high_risk,high_risk
user3,2025-12-15,1422.0,2936.986328125,5000.0,3105.0,780.2941176470588,1.8223897474557107,3.7639478008386735,1,1,high_risk,high_risk
user3,2025-12-16,733.0,1891.7811279296875,5000.0,3794.0,527.625,1.3892442549158968,3.5854652981372896,1,1,high_risk,high_risk
user3,2025-12-17,733.0,1564.485595703125,5000.0,3794.0,562.8,1.3024164889836534,2.7798251522798956,1,1,high_risk,high_risk
user3,2025-12-18,733.0,1999.188720703125,5000.0,3794.0,603.0,1.2155887230514095,3.3154041802705225,1,1,high_risk,high_risk
user3,2025-12-19,733.0,1512.719482421875,5000.0,3794.0,649.3846153846154,1.1287609571191661,2.3294661539308668,1,1,mid_risk,high_risk
user3,2025-12-20,733.0,1245.110595703125,5000.0,3794.0,703.5,1.0419331911869225,1.7698800223214286,1,1,mid_risk,high_risk
user3,2025-12-21,410.0,1087.005615234375,5000.0,4117.0,561.9090909090909,0.7296553955670604,1.9344866150425701,0,1,no_alarm,high_risk
user3,2025-12-22,0.0,1224.1995849609375,5000.0,4527.0,331.1,0.0,3.6973711415310704,0,1,no_alarm,high_risk
user3,2025-12-23,0.0,1236.367431640625,5000.0,4527.0,367.8888888888889,0.0,3.3607088144867485,0,1,no_alarm,high_risk
user3,2025-12-24,0.0,1425.4190673828125,5000.0,4527.0,413.875,0.0,3.4440811051230744,0,1,no_alarm,high_risk
user3,2025-12-25,0.0,1236.26611328125,5000.0,4527.0,473.0,0.0,2.6136704297700843,0,1,no_alarm,high_risk
user3,2025-12-26,0.0,1170.1881103515625,5000.0,4527.0,634.2903225806451,0.0,1.8448777613232181,0,1,no_alarm,high_risk
user3,2025-12-27,0.0,1211.6396484375,5000.0,4527.0,795.5806451612902,0.0,1.5229627012756966,0,1,no_alarm,high_risk
user3,2025-12-28,1140.0,1277.7386474609375,5000.0,4527.0,956.8709677419355,1.191383204665745,1.335330144330953,1,1,mid_risk,high_risk
user3,2025-12-29,1320.0,1010.9603881835938,5000.0,4527.0,1118.1612903225805,1.1805094769639097,0.9041275144589739,1,1,mid_risk,low_risk
user3,2025-12-30,2508.0,1009.0719604492188,5000.0,4527.0,1279.4516129032259,1.9602148097723318,0.7886753592498242,1,0,high_risk,no_alarm
user3,2025-12-31,2633.0,844.4221801757812,5000.0,4527.0,1440.741935483871,1.8275306181850748,0.5861023125506396,1,0,high_risk,no_alarm
user7,2023-08-14,0.0,225.01828002929688,6607.777777777777,1280.0,2071.913580246913,0.0,0.10860408569863281,0,0,no_alarm,no_alarm
user7,2023-08-15,0.0,192.26315307617188,6607.777777777777,1280.0,2193.790849673202,0.0,0.08763969140668644,0,0,no_alarm,no_alarm
user7,2023-08-16,0.0,170.50753784179688,6607.777777777777,1280.0,2330.9027777777774,0.0,0.07315085788535305,0,0,no_alarm,no_alarm
user7,2023-08-17,0.0,163.86630249023438,6607.777777777777,1280.0,2486.296296296296,0.0,0.06590779334479857,0,0,no_alarm,no_alarm
user7,2023-08-18,0.0,126.13925170898438,6607.777777777777,1280.0,2663.8888888888882,0.0,0.047351543915781426,0,0,no_alarm,no_alarm
user7,2023-08-19,0.0,139.34542846679688,6607.777777777777,1280.0,2868.8034188034185,0.0,0.0485726653675413,0,0,no_alarm,no_alarm
user7,2023-08-20,0.0,130.56930541992188,6607.777777777777,1280.0,3107.87037037037,0.0,0.04201246830136024,0,0,no_alarm,no_alarm
user7,2023-08-21,0.0,124.95480346679688,6607.777777777777,1280.0,3390.4040404040397,0.0,0.036855431381537,0,0,no_alarm,no_alarm
user7,2023-08-22,0.0,121.09933471679688,6607.777777777777,1280.0,3729.444444444444,0.0,0.032471145909464386,0,0,no_alarm,no_alarm
user7,2023-08-23,0.0,119.02426147460938,6607.777777777777,1280.0,4143.827160493826,0.0,0.02872326882003087,0,0,no_alarm,no_alarm
user7,2023-08-24,0.0,119.53170776367188,6607.777777777777,1280.0,4661.805555555555,0.0,0.025640646384580298,0,0,no_alarm,no_alarm
user7,2023-08-25,0.0,125.47042846679688,6607.777777777777,1280.0,5327.7777777777765,0.0,0.02355023683422674,0,0,no_alarm,no_alarm
user7,2023-08-26,0.0,101.67330932617188,6607.777777777777,1280.0,5548.0370370370365,0.0,0.018325996861129668,0,0,no_alarm,no_alarm
user7,2023-08-27,345.0,107.61569213867188,6607.777777777777,1280.0,5768.296296296296,0.0598096876926238,0.018656408514897145,0,0,no_alarm,no_alarm
user7,2023-08-28,564.0,121.51950073242188,6607.777777777777,1280.0,5988.555555555555,0.09417963894094292,0.020291955147629683,0,0,no_alarm,no_alarm
user7,2023-08-29,679.0,115.63339233398438,6607.777777777777,1280.0,6208.814814814814,0.10936064615421326,0.01862406848696345,0,0,no_alarm,no_alarm
user7,2023-08-30,860.0,138.43795776367188,6607.777777777777,1280.0,6429.074074074074,0.13376731860471816,0.021533109771115826,0,0,no_alarm,no_alarm
user7,2023-08-31,1050.0,161.26742553710938,6607.777777777777,1280.0,6649.333333333333,0.15791056747543614,0.024253172077969128,0,0,no_alarm,no_alarm
user7,2023-09-01,2110.0,167.51754760742188,6607.777777777777,0.0,1541.8148148148146,1.368517139494103,0.10864959007904085,1,0,high_risk,no_alarm
user7,2023-09-02,2268.0,208.01242065429688,6607.777777777777,0.0,1594.980842911877,1.4219606524297967,0.13041687715479952,1,0,high_risk,no_alarm
user7,2023-09-03,2088.0,228.83895874023438,6607.777777777777,345.0,1565.6944444444441,1.3335935420917238,0.1461581214343731,1,0,high_risk,no_alarm
user7,2023-09-04,2083.0,1056.8511962890625,6607.777777777777,564.0,1566.9053497942384,1.3293719370308703,0.6744831118407025,1,0,high_risk,no_alarm
user7,2023-09-05,2193.0,1965.453369140625,6607.777777777777,679.0,1596.2094017094014,1.3738798917306763,1.2313255184663086,1,1,high_risk,high_risk
user7,2023-09-06,2906.0,2238.225830078125,6607.777777777777,860.0,1609.3777777777775,1.8056667863356441,1.3907398629355119,1,1,high_risk,high_risk
user7,2023-09-07,4106.0,2632.232666015625,6607.777777777777,1050.0,1621.0185185185182,2.5329753812760614,1.6238140625446253,1,1,high_risk,high_risk
user7,2023-09-08,3347.0,2698.178466796875,6607.777777777777,2110.0,1368.8888888888887,2.4450487012987017,1.9710719319133019,1,1,high_risk,high_risk
user7,2023-09-09,3189.0,2904.12890625,6607.777777777777,2268.0,1380.8383838383836,2.309466507684543,2.1031635130081274,1,1,high_risk,high_risk
user7,2023-09-10,3024.0,2695.203857421875,6607.777777777777,2433.0,1391.5925925925924,2.1730497963963487,1.9367765190533266,1,1,high_risk,high_risk
user7,2023-09-11,2830.0,2815.7763671875,6607.777777777777,2647.0,1386.2722222222221,2.041446084423053,2.0311857383059686,1,1,high_risk,high_risk
user7,2023-09-12,2807.0,2963.1396484375,6607.777777777777,2872.0,1376.3391812865495,2.039468205341741,2.152913822934017,1,1,high_risk,high_risk
user7,2023-09-13,2111.0,3044.9150390625,6607.777777777777,3766.0,1105.1358024691356,1.9101724831315077,2.7552406068642763,1,1,high_risk,high_risk
user7,2023-09-14,896.0,3637.67333984375,6607.777777777777,5156.0,597.7908496732025,1.4988519822439923,6.085194080559072,1,1,high_risk,high_risk
user7,2023-09-15,1994.0,3898.520751953125,6607.777777777777,5457.0,503.4652777777776,3.9605511800162776,7.743375609060128,1,1,high_risk,high_risk
user7,2023-09-16,2424.0,3534.904541015625,6607.777777777777,5457.0,537.0296296296294,4.513717430585251,6.582326832606099,1,1,high_risk,high_risk
user7,2023-09-17,2623.0,2574.6513671875,6607.777777777777,5457.0,575.3888888888887,4.558655981461815,4.474628233018733,1,1,high_risk,high_risk
user7,2023-09-18,3362.0,2150.286376953125,6607.777777777777,5477.0,608.8803418803417,5.521610353879197,3.531541797379465,1,1,high_risk,high_risk
user7,2023-09-19,4739.0,2005.46533203125,6607.777777777777,5679.0,541.7870370370368,8.746979303744471,3.7015749638435063,1,1,high_risk,high_risk
user7,2023-09-20,4926.0,1860.4169921875,6607.777777777777,5877.0,465.04040404040376,10.592627989313415,4.0005491480388935,1,1,high_risk,high_risk
user7,2023-09-21,4751.0,1743.38671875,6607.777777777777,6052.0,389.04444444444414,12.211972353915586,4.481201938867314,1,1,high_risk,high_risk
user7,2023-09-22,4440.0,1677.541259765625,6607.777777777777,7451.0,-655.8395061728398,inf,inf,1,1,high_risk,high_risk
user7,2023-09-23,4010.0,1989.2567138671875,6607.777777777777,7881.0,-1114.0694444444448,inf,inf,1,1,high_risk,high_risk
user7,2023-09-24,3811.0,1360.1422119140625,6607.777777777777,8080.0,-1472.2222222222226,inf,inf,1,1,high_risk,high_risk
user7,2023-09-25,3247.0,1383.4678955078125,6607.777777777777,8839.0,-2018.0681003584234,inf,inf,1,1,high_risk,high_risk
user7,2023-09-26,1668.0,1386.1434326171875,6607.777777777777,10418.0,-3383.913978494624,inf,inf,1,1,high_risk,high_risk
user7,2023-09-27,1283.0,1211.77392578125,6607.777777777777,10803.0,-3555.7598566308247,inf,inf,1,1,high_risk,high_risk
user7,2023-09-28,1283.0,1172.7236328125,6607.777777777777,10803.0,-3342.6057347670258,inf,inf,1,1,high_risk,high_risk
user7,2023-09-29,195.0,1019.4983520507812,6607.777777777777,11891.0,-4217.451612903226,inf,inf,1,1,high_risk,high_risk
user7,2023-09-30,195.0,929.8140258789062,6607.777777777777,11891.0,-4004.297491039427,inf,inf,1,1,high_risk,high_risk
user7,2023-10-01,195.0,894.2141723632812,6607.777777777777,0.0,1492.0788530465948,0.13069014389007666,0.5993075838702719,0,0,no_alarm,no_alarm
user7,2023-10-02,0.0,892.5642700195312,6607.777777777777,195.0,1496.3148148148146,0.0,0.596508342484062,0,0,no_alarm,no_alarm
user7,2023-10-03,195.0,821.4993286132812,6607.777777777777,195.0,1547.911877394636,0.12597616366134085,0.530714532661889,0,0,no_alarm,no_alarm
user8,2024-08-04,1527.0,182.07589721679688,20033.333333333332,0.0,5008.333333333333,0.30489184692179705,0.0363545884625884,0,0,no_alarm,no_alarm
user8,2024-08-05,1527.0,184.94271850585938,20033.333333333332,0.0,5193.827160493826,0.29400285238887575,0.0356081773210711,0,0,no_alarm,no_alarm
user8,2024-08-06,1527.0,185.95089721679688,20033.333333333332,0.0,5393.589743589743,0.2831138578559544,0.03447627759189484,0,0,no_alarm,no_alarm
user8,2024-08-07,1527.0,185.10604858398438,20033.333333333332,0.0,5609.333333333332,0.2722248633230331,0.03299965211266658,0,0,no_alarm,no_alarm
user8,2024-08-08,877.0,187.89865112304688,20033.333333333332,650.0,5653.472222222222,0.15512590590836509,0.03323597317494012,0,0,no_alarm,no_alarm
user8,2024-08-09,877.0,1515.4107666015625,20033.333333333332,650.0,5899.27536231884,0.14866232649551653,0.2568808325648147,0,0,no_alarm,no_alarm
user8,2024-08-10,432.0,881.4562377929688,20033.333333333332,1095.0,6025.833333333332,0.0716913290001383,0.1462795582010182,0,0,no_alarm,no_alarm
user8,2024-08-11,0.0,1574.3369140625,20033.333333333332,1527.0,6168.777777777777,0.0,0.25521050859277905,0,0,no_alarm,no_alarm
user8,2024-08-12,0.0,1608.685302734375,20033.333333333332,1527.0,6477.216666666666,0.0,0.24836058225642832,0,0,no_alarm,no_alarm
user8,2024-08-13,0.0,1242.394775390625,20033.333333333332,1527.0,6818.122807017544,0.0,0.18221947749487466,0,0,no_alarm,no_alarm
user8,2024-08-14,0.0,1375.3885498046875,20033.333333333332,1527.0,7196.907407407407,0.0,0.19110827358832916,0,0,no_alarm,no_alarm
user8,2024-08-15,0.0,1755.69873046875,20033.333333333332,1527.0,7620.254901960784,0.0,0.23039895030505966,0,0,no_alarm,no_alarm
user8,2024-08-16,0.0,1328.363525390625,20033.333333333332,1527.0,8096.520833333333,0.0,0.16406596768352147,0,0,no_alarm,no_alarm
user8,2024-08-17,0.0,1220.580322265625,20033.333333333332,1527.0,8636.288888888888,0.0,0.14133157632510138,0,0,no_alarm,no_alarm
user8,2024-08-18,0.0,947.5842895507812,20033.333333333332,1527.0,9253.166666666666,0.0,0.10240648673975915,0,0,no_alarm,no_alarm
user8,2024-08-19,0.0,1060.4427490234375,20033.333333333332,1527.0,9964.948717948717,0.0,0.10641728111589614,0,0,no_alarm,no_alarm
user8,2024-08-20,0.0,1019.3444213867188,20033.333333333332,1527.0,10795.361111111111,0.0,0.09442430048380317,0,0,no_alarm,no_alarm
user8,2024-08-21,0.0,835.6282348632812,20033.333333333332,1527.0,11776.757575757576,0.0,0.07095571336064689,0,0,no_alarm,no_alarm
user8,2024-08-22,0.0,651.3407592773438,20033.333333333332,1527.0,12954.433333333332,0.0,0.05027937097035073,0,0,no_alarm,no_alarm
user8,2024-08-23,0.0,385.2621765136719,20033.333333333332,1527.0,14393.814814814814,0.0,0.0267658144467123,0,0,no_alarm,no_alarm
user8,2024-08-24,0.0,222.49679565429688,20033.333333333332,1527.0,16193.041666666666,0.0,0.013740271916443341,0,0,no_alarm,no_alarm
user8,2024-08-25,293.0,239.49728393554688,20033.333333333332,1527.0,18506.333333333332,0.01583241773086691,0.012941368753159111,0,0,no_alarm,no_alarm
user8,2024-08-26,567.0,235.35433959960938,20033.333333333332,1527.0,19174.11111111111,0.029571123100013332,0.012274589327023617,0,0,no_alarm,no_alarm
user8,2024-08-27,1760.0,203.19796752929688,20033.333333333332,1527.0,19841.888888888887,0.08870123252154534,0.010240858048705444,0,0,no_alarm,no_alarm
user8,2024-08-28,1930.0,163.79660034179688,20033.333333333332,1527.0,20509.666666666664,0.09410196817760731,0.007986312162157531,0,0,no_alarm,no_alarm
user8,2024-08-29,2220.0,146.02560424804688,20033.333333333332,1527.0,21177.44444444444,0.10482851251593678,0.006895336433587213,0,0,no_alarm,no_alarm
user8,2024-08-30,4232.0,138.38619995117188,20033.333333333332,1527.0,21845.22222222222,0.19372657128179568,0.006334849723359529,0,0,no_alarm,no_alarm
user8,2024-08-31,4457.0,128.37619018554688,20033.333333333332,1527.0,22513.0,0.19797450362013058,0.0057023137825055244,0,0,no_alarm,no_alarm
user8,2024-09-01,4164.0,109.57174682617188,20033.333333333332,293.0,4606.077777777778,0.9040229455284926,0.02378851424411579,1,0,low_risk,no_alarm
user8,2024-09-02,5494.0,1493.855712890625,20033.333333333332,567.0,4698.770114942528,1.1692421347723665,0.3179248348711558,1,0,mid_risk,no_alarm
user8,2024-09-03,4596.0,1705.547607421875,20033.333333333332,1760.0,4568.333333333333,1.0060561838744984,0.37334132231051625,1,0,mid_risk,no_alarm
user8,2024-09-04,6414.5,1795.7423095703125,20033.333333333332,1930.0,4693.456790123457,1.3666899018859984,0.3826054845863569,1,0,high_risk,no_alarm
user8,2024-09-05,6355.5,1743.578369140625,20033.333333333332,2220.0,4795.897435897436,1.325195145423439,0.3635562253875341,1,0,high_risk,no_alarm
user8,2024-09-06,4551.5,2119.680419921875,20033.333333333332,4232.0,4424.373333333333,1.028733259399448,0.4790916724753205,1,0,mid_risk,no_alarm
user8,2024-09-07,4611.5,2552.01953125,20033.333333333332,4457.0,4543.097222222222,1.0150564195375769,0.5617356192086286,1,0,mid_risk,no_alarm
user8,2024-09-08,4830.5,1815.30810546875,20033.333333333332,4457.0,4740.623188405797,1.0189588600532553,0.382926048606536,1,0,mid_risk,no_alarm
user8,2024-09-09,3971.5,1632.337646484375,20033.333333333332,6061.0,4445.742424242424,0.8933266080247019,0.367168740497271,1,0,low_risk,no_alarm
user8,2024-09-10,4548.5,1639.8785400390625,20033.333333333332,6356.0,4559.111111111111,0.9976725482550204,0.35969260236770234,1,0,low_risk,no_alarm
user8,2024-09-11,2702.0,1739.7901611328125,20033.333333333332,8344.5,4091.0916666666662,0.6604594128299089,0.42526306005515546,0,0,no_alarm,no_alarm
user8,2024-09-12,2656.0,1913.6826171875,20033.333333333332,8575.5,4221.30701754386,0.6291890139621676,0.45333888514485826,0,0,no_alarm,no_alarm
user8,2024-09-13,2548.0,1837.6202392578125,20033.333333333332,8783.5,4374.935185185185,0.5824086282759745,0.42003370598049866,0,0,no_alarm,no_alarm
user8,2024-09-14,2363.0,1965.259765625,20033.333333333332,9068.5,4514.931372549019,0.5233745111536232,0.43528009696312675,0,0,no_alarm,no_alarm
user8,2024-09-15,2144.0,2122.02978515625,20033.333333333332,9287.5,4701.302083333333,0.4560438708247937,0.45137065169223956,0,0,no_alarm,no_alarm
user8,2024-09-16,1679.0,2235.623291015625,20033.333333333332,10032.5,4667.055555555556,0.35975573464116084,0.4790222152711232,0,0,no_alarm,no_alarm
user8,2024-09-17,1752.0,2495.4814453125,20033.333333333332,10904.5,4564.416666666666,0.38383875267011125,0.5467251628311395,0,0,no_alarm,no_alarm
user8,2024-09-18,2503.0,2475.322509765625,20033.333333333332,11046.5,4839.0641025641025,0.5172487792988155,0.5115291835985416,0,0,no_alarm,no_alarm
user8,2024-09-19,2559.0,2753.083251953125,20033.333333333332,11231.5,5134.402777777777,0.49840265961907293,0.5362032102095208,0,0,no_alarm,no_alarm
user8,2024-09-20,2459.0,2774.0107421875,20033.333333333332,11331.5,5537.530303030303,0.44406077537026956,0.5009472798134356,0,0,no_alarm,no_alarm
user8,2024-09-21,2359.0,2641.671875,20033.333333333332,11431.5,6021.283333333333,0.39177694677491237,0.4387223999867138,0,0,no_alarm,no_alarm
user8,2024-09-22,2424.0,2524.408935546875,20033.333333333332,11431.5,6690.314814814814,0.3623147889292704,0.37732289218392334,0,0,no_alarm,no_alarm
user9,2025-12-07,0.0,204.10189819335938,12516.666666666666,0.0,3504.666666666666,0.0,0.05823717848393364,0,0,no_alarm,no_alarm
user9,2025-12-08,0.0,193.89340209960938,12516.666666666666,0.0,3650.694444444444,0.0,0.05311137512334745,0,0,no_alarm,no_alarm
user9,2025-12-09,0.0,168.74374389648438,12516.666666666666,0.0,3809.420289855072,0.0,0.04429643648034021,0,0,no_alarm,no_alarm
user9,2025-12-10,0.0,162.28341674804688,12516.666666666666,0.0,3982.575757575757,0.0,0.04074835649751225,0,0,no_alarm,no_alarm
user9,2025-12-11,0.0,167.58676147460938,12516.666666666666,0.0,4172.222222222222,0.0,0.040167266398707976,0,0,no_alarm,no_alarm
user9,2025-12-12,0.0,176.24423217773438,12516.666666666666,0.0,4380.833333333333,0.0,0.04023075491977958,0,0,no_alarm,no_alarm
user9,2025-12-13,0.0,185.46578979492188,12516.666666666666,0.0,4611.403508771929,0.0,0.040218946236676996,0,0,no_alarm,no_alarm
user9,2025-12-14,0.0,190.21847534179688,12516.666666666666,0.0,4867.592592592592,0.0,0.039078553047201946,0,0,no_alarm,no_alarm
user9,2025-12-15,0.0,191.86984252929688,12516.666666666666,0.0,5153.92156862745,0.0,0.037227932162808224,0,0,no_alarm,no_alarm
user9,2025-12-16,0.0,191.82101440429688,12516.666666666666,0.0,5476.041666666666,0.0,0.035029137117771544,0,0,no_alarm,no_alarm
user9,2025-12-17,0.0,190.74642944335938,12516.666666666666,0.0,5841.11111111111,0.0,0.03265584677554184,0,0,no_alarm,no_alarm
user9,2025-12-18,0.0,193.18478393554688,12516.666666666666,0.0,6258.333333333333,0.0,0.030868407552950235,0,0,no_alarm,no_alarm
user9,2025-12-19,0.0,201.02035522460938,12516.666666666666,0.0,6739.743589743589,0.0,0.029826113196727285,0,0,no_alarm,no_alarm
user9,2025-12-20,0.0,205.91525268554688,12516.666666666666,0.0,7301.388888888888,0.0,0.02820220314506254,0,0,no_alarm,no_alarm
user9,2025-12-21,0.0,204.45016479492188,12516.666666666666,0.0,7965.151515151514,0.0,0.025668082321599478,0,0,no_alarm,no_alarm
user9,2025-12-22,0.0,201.84701538085938,12516.666666666666,0.0,8761.666666666666,0.0,0.023037513644381898,0,0,no_alarm,no_alarm
user9,2025-12-23,0.0,200.04183959960938,12516.666666666666,0.0,9735.185185185184,0.0,0.020548334294043954,0,0,no_alarm,no_alarm
user9,2025-12-24,0.0,198.24130249023438,12516.666666666666,0.0,10952.083333333332,0.0,0.01810078470521448,0,0,no_alarm,no_alarm
user9,2025-12-25,0.0,200.86007690429688,12516.666666666666,0.0,12516.666666666666,0.0,0.01604740960620215,0,0,no_alarm,no_alarm
user9,2025-12-26,0.0,209.98654174804688,12516.666666666666,0.0,12920.430107526881,0.0,0.016252287269114814,0,0,no_alarm,no_alarm
user9,2025-12-27,0.0,215.83969116210938,12516.666666666666,0.0,13324.193548387097,0.0,0.016199081045939694,0,0,no_alarm,no_alarm
user9,2025-12-28,0.0,213.90109252929688,12516.666666666666,0.0,13727.956989247312,0.0,0.015581422107953794,0,0,no_alarm,no_alarm
user9,2025-12-29,0.0,210.39608764648438,12516.666666666666,0.0,14131.720430107525,0.0,0.01488821468603618,0,0,no_alarm,no_alarm
user9,2025-12-30,0.0,208.05673217773438,12516.666666666666,0.0,14535.48387096774,0.0,0.014313712156035878,0,0,no_alarm,no_alarm
user9,2025-12-31,0.0,207.05868530273438,12516.666666666666,0.0,14939.247311827956,0.0,0.013860048031924496,0,0,no_alarm,no_alarm
user9,2026-01-01,0.0,212.67977905273438,12516.666666666666,0.0,2826.344086021505,0.0,0.07524907533537872,0,0,no_alarm,no_alarm
user9,2026-01-02,0.0,223.00631713867188,12516.666666666666,0.0,2920.555555555555,0.0,0.07635749873494568,0,0,no_alarm,no_alarm
user9,2026-01-03,0.0,226.51046752929688,12516.666666666666,0.0,3021.2643678160916,0.0,0.07497207789632425,0,0,no_alarm,no_alarm
user9,2026-01-04,0.0,222.37557983398438,12516.666666666666,0.0,3129.1666666666665,0.0,0.0710654316380243,0,0,no_alarm,no_alarm
user9,2026-01-05,0.0,216.64730834960938,12516.666666666666,0.0,3245.0617283950614,0.0,0.06676215322928804,0,0,no_alarm,no_alarm
user9,2026-01-06,0.0,212.29916381835938,12516.666666666666,0.0,3369.8717948717945,0.0,0.06299918119776311,0,0,no_alarm,no_alarm
user9,2026-01-07,0.0,209.74752807617188,12516.666666666666,0.0,3504.666666666666,0.0,0.059848067740965925,0,0,no_alarm,no_alarm
user9,2026-01-08,0.0,214.04586791992188,12516.666666666666,0.0,3650.694444444444,0.0,0.058631548374488786,0,0,no_alarm,no_alarm
user9,2026-01-09,0.0,223.00631713867188,12516.666666666666,0.0,3809.420289855072,0.0,0.05854074903012502,0,0,no_alarm,no_alarm
user9,2026-01-10,0.0,226.51046752929688,12516.666666666666,0.0,3982.575757575757,0.0,0.05687536943859081,0,0,no_alarm,no_alarm
user9,2026-01-11,0.0,222.37557983398438,12516.666666666666,0.0,4172.222222222222,0.0,0.053299073728518234,0,0,no_alarm,no_alarm
user9,2026-01-12,0.0,216.64730834960938,12516.666666666666,0.0,4380.833333333333,0.0,0.04945344683650966,0,0,no_alarm,no_alarm
user9,2026-01-13,0.0,212.29916381835938,12516.666666666666,0.0,4611.403508771929,0.0,0.04603786318298073,0,0,no_alarm,no_alarm
user9,2026-01-14,0.0,209.74752807617188,12516.666666666666,0.0,4867.592592592592,0.0,0.043090608773495465,0,0,no_alarm,no_alarm
user9,2026-01-15,0.0,214.04586791992188,12516.666666666666,0.0,5153.92156862745,0.0,0.04153068009859622,0,0,no_alarm,no_alarm
user9,2026-01-16,0.0,223.00631713867188,12516.666666666666,0.0,5476.041666666666,0.0,0.040723999325304364,0,0,no_alarm,no_alarm
user9,2026-01-17,0.0,226.51046752929688,12516.666666666666,0.0,5841.11111111111,0.0,0.038778660980857374,0,0,no_alarm,no_alarm
user9,2026-01-18,0.0,222.37557983398438,12516.666666666666,0.0,6258.333333333333,0.0,0.03553271581901215,0,0,no_alarm,no_alarm
user9,2026-01-19,0.0,216.64730834960938,12516.666666666666,0.0,6739.743589743589,0.0,0.03214474044373128,0,0,no_alarm,no_alarm
user9,2026-01-20,0.0,212.29916381835938,12516.666666666666,0.0,7301.388888888888,0.0,0.02907654516819836,0,0,no_alarm,no_alarm
user9,2026-01-21,0.0,209.74752807617188,12516.666666666666,0.0,7965.151515151514,0.0,0.026333149806025007,0,0,no_alarm,no_alarm
user9,2026-01-22,0.0,214.04586791992188,12516.666666666666,0.0,8761.666666666666,0.0,0.024429811822703658,0,0,no_alarm,no_alarm
user9,2026-01-23,0.0,223.00631713867188,12516.666666666666,0.0,9735.185185185184,0.0,0.022907249620483704,0,0,no_alarm,no_alarm
user9,2026-01-24,0.0,226.51046752929688,12516.666666666666,0.0,10952.083333333332,0.0,0.020681952523123933,0,0,no_alarm,no_alarm
user9,2026-01-25,0.0,222.37557983398438,12516.666666666666,0.0,12516.666666666666,0.0,0.017766357909506075,0,0,no_alarm,no_alarm
user9,2026-01-26,0.0,216.64730834960938,12516.666666666666,0.0,12963.690476190475,0.0,0.016711854448199816,0,0,no_alarm,no_alarm
user9,2026-01-27,0.0,212.29916381835938,12516.666666666666,0.0,13410.714285714284,0.0,0.01583056348046355,0,0,no_alarm,no_alarm
user9,2026-01-28,0.0,209.74752807617188,12516.666666666666,0.0,13857.738095238095,0.0,0.015135769389973314,0,0,no_alarm,no_alarm
user9,2026-01-29,0.0,214.04586791992188,12516.666666666666,0.0,14304.761904761905,0.0,0.01496325974140599,0,0,no_alarm,no_alarm
user9,2026-01-30,0.0,223.00631713867188,12516.666666666666,0.0,14751.785714285714,0.0,0.015117242173787224,0,0,no_alarm,no_alarm
user9,2026-01-31,0.0,226.51046752929688,12516.666666666666,0.0,15198.809523809523,0.0,0.014903171671074597,0,0,no_alarm,no_alarm
user9,2026-02-01,0.0,222.37557983398438,12516.666666666666,0.0,3129.1666666666665,0.0,0.0710654316380243,0,0,no_alarm,no_alarm
user9,2026-02-02,0.0,216.64730834960938,12516.666666666666,0.0,3245.0617283950614,0.0,0.06676215322928804,0,0,no_alarm,no_alarm
user9,2026-02-03,0.0,212.29916381835938,12516.666666666666,0.0,3369.8717948717945,0.0,0.06299918119776311,0,0,no_alarm,no_alarm
user9,2026-02-04,0.0,209.74752807617188,12516.666666666666,0.0,3504.666666666666,0.0,0.059848067740965925,0,0,no_alarm,no_alarm
user9,2026-02-05,0.0,214.04586791992188,12516.666666666666,0.0,3650.694444444444,0.0,0.058631548374488786,0,0,no_alarm,no_alarm
user9,2026-02-06,0.0,223.00631713867188,12516.666666666666,0.0,3809.420289855072,0.0,0.05854074903012502,0,0,no_alarm,no_alarm
user9,2026-02-07,0.0,226.51046752929688,12516.666666666666,0.0,3982.575757575757,0.0,0.05687536943859081,0,0,no_alarm,no_alarm
user9,2026-02-08,0.0,222.37557983398438,12516.666666666666,0.0,4172.222222222222,0.0,0.053299073728518234,0,0,no_alarm,no_alarm
user9,2026-02-09,0.0,216.64730834960938,12516.666666666666,0.0,4380.833333333333,0.0,0.04945344683650966,0,0,no_alarm,no_alarm
user9,2026-02-10,0.0,212.29916381835938,12516.666666666666,0.0,4611.403508771929,0.0,0.04603786318298073,0,0,no_alarm,no_alarm
user9,2026-02-11,0.0,209.74752807617188,12516.666666666666,0.0,4867.592592592592,0.0,0.043090608773495465,0,0,no_alarm,no_alarm
user9,2026-02-12,0.0,214.04586791992188,12516.666666666666,0.0,5153.92156862745,0.0,0.04153068009859622,0,0,no_alarm,no_alarm
user9,2026-02-13,0.0,223.00631713867188,12516.666666666666,0.0,5476.041666666666,0.0,0.040723999325304364,0,0,no_alarm,no_alarm
user9,2026-02-14,0.0,226.51046752929688,12516.666666666666,0.0,5841.11111111111,0.0,0.038778660980857374,0,0,no_alarm,no_alarm
user9,2026-02-15,862.0,222.37557983398438,12516.666666666666,0.0,6258.333333333333,0.13773635153129163,0.03553271581901215,0,0,no_alarm,no_alarm
user9,2026-02-16,1056.0,216.64730834960938,12516.666666666666,0.0,6739.743589743589,0.15668251854669965,0.03214474044373128,0,0,no_alarm,no_alarm
